lsoa_code,lsoa_name,local_authority,overflows_within_5km,spills_within_5km,hours_within_5km
E01015078,Plymouth 013C,Plymouth,114,2736,12025.5
E01015044,Plymouth 020B,Plymouth,113,2621,11595.2
E01015151,Plymouth 029A,Plymouth,107,2610,11844.6
E01015152,Plymouth 027C,Plymouth,106,2590,11598.1
E01015040,Plymouth 014B,Plymouth,111,2574,11255.6
E01015153,Plymouth 029B,Plymouth,107,2532,10976.3
E01015043,Plymouth 026A,Plymouth,106,2521,11330.0
E01011045,Kirklees 031D,Kirklees,98,2508,9051.2
E01011038,Kirklees 029A,Kirklees,94,2490,9010.2
E01004801,Bolton 019E,Bolton,91,2460,8496.4
E01015080,Plymouth 013D,Plymouth,109,2450,10011.4
E01015057,Plymouth 021C,Plymouth,92,2440,9374.1
E01015047,Plymouth 026D,Plymouth,107,2421,9783.0
E01008425,Newcastle upon Tyne 030B,Newcastle upon Tyne,97,2417,10084.9
E01004857,Bolton 027D,Bolton,86,2398,8354.8
E01008429,Newcastle upon Tyne 028D,Newcastle upon Tyne,95,2393,10035.1
E01015155,Plymouth 029C,Plymouth,106,2384,9125.1
E01008436,Newcastle upon Tyne 020F,Newcastle upon Tyne,92,2361,10127.5
E01015045,Plymouth 026B,Plymouth,107,2361,9204.2
E01015058,Plymouth 012C,Plymouth,93,2358,9148.8
E01010650,Bradford 027B,Bradford,105,2352,8560.0
E01015048,Plymouth 026E,Plymouth,104,2350,9344.1
E01004812,Bolton 022B,Bolton,90,2348,7857.8
E01015046,Plymouth 026C,Plymouth,106,2341,9017.2
E01004859,Bolton 032B,Bolton,86,2311,8173.3
E01015180,Plymouth 028C,Plymouth,94,2308,8253.8
E01004795,Bolton 013D,Bolton,88,2298,6984.2
E01004797,Bolton 013E,Bolton,86,2293,6948.5
E01008572,North Tyneside 029A,North Tyneside,90,2286,9899.1
E01033366,Bristol 023H,"Bristol, City of",189,2278,3657.3
E01008575,North Tyneside 030E,North Tyneside,87,2277,10100.5
E01004877,Bolton 025D,Bolton,90,2269,6602.1
E01010826,Bradford 027D,Bradford,99,2266,8460.2
E01033367,Bristol 025F,"Bristol, City of",186,2258,3643.9
E01004811,Bolton 022A,Bolton,90,2240,6494.2
E01004856,Bolton 027C,Bolton,85,2240,7543.0
E01004879,Bolton 025E,Bolton,88,2234,6440.5
E01004818,Bolton 017A,Bolton,88,2224,6545.4
E01011107,Kirklees 029D,Kirklees,82,2214,8254.5
E01008427,Newcastle upon Tyne 030C,Newcastle upon Tyne,97,2209,7547.1
E01008573,North Tyneside 029B,North Tyneside,86,2202,9725.2
E01010655,Bradford 026C,Bradford,99,2201,7513.0
E01008259,Gateshead 007D,Gateshead,103,2198,6876.7
E01004876,Bolton 033E,Bolton,85,2196,7393.5
E01004848,Bolton 016D,Bolton,88,2195,6386.5
E01015086,Plymouth 007D,Plymouth,89,2195,10959.7
E01010654,Bradford 027C,Bradford,99,2189,8135.0
E01008426,Newcastle upon Tyne 028C,Newcastle upon Tyne,96,2183,7537.8
E01011227,Kirklees 048C,Kirklees,89,2176,10581.6
E01008438,Newcastle upon Tyne 029G,Newcastle upon Tyne,97,2173,6972.7
E01008655,South Tyneside 009E,South Tyneside,100,2172,9675.4
E01010653,Bradford 026B,Bradford,97,2172,7483.0
E01011235,Kirklees 039C,Kirklees,91,2153,8657.1
E01008437,Newcastle upon Tyne 029F,Newcastle upon Tyne,101,2147,6921.9
E01008331,Newcastle upon Tyne 029A,Newcastle upon Tyne,100,2141,6882.4
E01005664,Salford 001D,Salford,84,2137,7665.2
E01004861,Bolton 033A,Bolton,85,2131,7389.5
E01004787,Bolton 013A,Bolton,83,2128,6530.0
E01004793,Bolton 013B,Bolton,82,2127,6598.2
E01008439,Newcastle upon Tyne 024E,Newcastle upon Tyne,98,2126,6839.2
E01008301,Newcastle upon Tyne 026A,Newcastle upon Tyne,100,2123,6957.4
E01005665,Salford 001E,Salford,82,2118,7623.0
E01008333,Newcastle upon Tyne 029C,Newcastle upon Tyne,97,2111,6872.3
E01008652,South Tyneside 009B,South Tyneside,96,2110,9476.1
E01004851,Bolton 021D,Bolton,86,2103,6071.3
E01006011,Tameside 018A,Tameside,83,2098,8044.6
E01033217,Bolton 016E,Bolton,83,2098,6138.6
E01033220,Bolton 016F,Bolton,83,2096,6128.4
E01011081,Kirklees 043B,Kirklees,87,2095,8596.3
E01008305,Newcastle upon Tyne 026D,Newcastle upon Tyne,97,2092,7170.8
E01010680,Bradford 019A,Bradford,91,2092,7221.8
E01014655,Bristol 055C,"Bristol, City of",185,2089,3449.5
E01011082,Kirklees 043C,Kirklees,86,2085,8725.1
E01008304,Newcastle upon Tyne 026C,Newcastle upon Tyne,96,2083,7368.5
E01010994,Calderdale 008E,Calderdale,72,2077,8415.1
E01033358,Bristol 054D,"Bristol, City of",182,2075,3452.6
E01011360,Leeds 042D,Leeds,95,2074,7855.6
E01005756,Stockport 004D,Stockport,76,2061,7608.5
E01004830,Bolton 026A,Bolton,85,2060,5931.4
E01011671,Leeds 055B,Leeds,96,2059,7746.7
E01014654,Bristol 056A,"Bristol, City of",183,2057,3425.4
E01011106,Kirklees 029C,Kirklees,77,2056,7765.7
E01008390,Newcastle upon Tyne 030A,Newcastle upon Tyne,96,2055,6696.7
E01011093,Kirklees 035A,Kirklees,78,2043,7721.1
E01004794,Bolton 013C,Bolton,79,2040,5877.9
E01010828,Bradford 035A,Bradford,96,2036,6358.5
E01014653,Bristol 055B,"Bristol, City of",182,2036,3326.0
E01008604,South Tyneside 007B,South Tyneside,100,2034,8260.3
E01004862,Bolton 033B,Bolton,79,2032,6928.6
E01008214,Gateshead 003A,Gateshead,101,2029,5956.1
E01008170,Gateshead 008C,Gateshead,101,2028,6494.6
E01008398,Newcastle upon Tyne 022C,Newcastle upon Tyne,92,2026,6727.8
E01008257,Gateshead 008E,Gateshead,101,2021,6492.7
E01010605,Bradford 024C,Bradford,92,2021,6923.5
E01008164,Gateshead 027B,Gateshead,101,2019,5989.3
E01010824,Bradford 034C,Bradford,95,2017,5871.0
E01010625,Bradford 038C,Bradford,90,2013,6622.8
E01008203,Gateshead 028B,Gateshead,101,2011,6049.2
E01008204,Gateshead 011D,Gateshead,100,2011,6114.3
E01004927,Bolton 010C,Bolton,81,2010,5769.1
E01010627,Bradford 038E,Bradford,90,2009,7526.5
E01008600,South Tyneside 007A,South Tyneside,97,2007,8217.9
E01005984,Tameside 029F,Tameside,72,2006,7989.4
E01004823,Bolton 016C,Bolton,83,2005,5867.3
E01008215,Gateshead 003B,Gateshead,100,2005,5687.5
E01032500,Leeds 067H,Leeds,100,2005,6980.0
E01005753,Stockport 004A,Stockport,73,2003,7488.2
E01004926,Bolton 010B,Bolton,81,2002,5763.0
E01004928,Bolton 017C,Bolton,80,2002,5763.0
E01005754,Stockport 004B,Stockport,74,2002,7534.3
E01008216,Gateshead 012C,Gateshead,101,1994,5638.3
E01008291,Newcastle upon Tyne 027D,Newcastle upon Tyne,102,1993,5546.2
E01010777,Bradford 021B,Bradford,92,1992,6184.1
E01011080,Kirklees 043A,Kirklees,83,1992,8162.8
E01008302,Newcastle upon Tyne 026B,Newcastle upon Tyne,97,1987,6838.2
E01033369,Bristol 056D,"Bristol, City of",181,1987,3261.9
E01010996,Calderdale 014A,Calderdale,73,1984,8762.1
E01011001,Calderdale 014B,Calderdale,73,1984,8762.1
E01011003,Calderdale 014D,Calderdale,72,1983,8763.9
E01008165,Gateshead 011A,Gateshead,99,1982,5951.2
E01010626,Bradford 038D,Bradford,92,1978,6187.0
E01011101,Kirklees 025A,Kirklees,75,1978,7579.7
E01004829,Bolton 023B,Bolton,81,1976,5518.1
E01010995,Calderdale 012E,Calderdale,72,1976,8732.6
E01011084,Kirklees 047C,Kirklees,83,1976,7976.1
E01006016,Tameside 017E,Tameside,87,1974,7140.3
E01010965,Calderdale 012C,Calderdale,72,1974,8324.6
E01010966,Calderdale 012D,Calderdale,72,1974,8324.6
E01011729,Leeds 078B,Leeds,93,1974,6905.5
E01005967,Tameside 019E,Tameside,80,1970,6932.7
E01004850,Bolton 021C,Bolton,82,1967,5622.9
E01008201,Gateshead 011B,Gateshead,101,1967,6075.2
E01008399,Newcastle upon Tyne 024D,Newcastle upon Tyne,94,1967,6523.5
E01005615,Salford 016F,Salford,135,1966,3898.8
E01006040,Tameside 028E,Tameside,76,1966,7094.3
E01004853,Bolton 021E,Bolton,81,1960,5488.3
E01015087,Plymouth 006B,Plymouth,82,1958,8882.8
E01008303,Newcastle upon Tyne 018A,Newcastle upon Tyne,93,1956,6919.6
E01013443,York 018B,York,67,1947,15686.0
E01011361,Leeds 042E,Leeds,91,1942,7659.7
E01011673,Leeds 064B,Leeds,89,1942,7659.7
E01010618,Bradford 038A,Bradford,90,1941,6438.5
E01005952,Tameside 013D,Tameside,89,1939,7059.5
E01008332,Newcastle upon Tyne 029B,Newcastle upon Tyne,97,1937,5436.6
E01005612,Salford 016C,Salford,136,1933,3722.0
E01015088,Plymouth 006C,Plymouth,78,1928,9777.6
E01008389,Newcastle upon Tyne 028B,Newcastle upon Tyne,94,1927,6451.5
E01008212,Gateshead 012A,Gateshead,97,1925,5704.0
E01004866,Bolton 011E,Bolton,81,1919,5569.4
E01004870,Bolton 015C,Bolton,81,1919,5569.4
E01006028,Tameside 028A,Tameside,74,1919,7054.4
E01006031,Tameside 020A,Tameside,80,1915,6556.5
E01011426,Leeds 048B,Leeds,89,1912,7614.7
E01011429,Leeds 048D,Leeds,88,1912,7614.7
E01004869,Bolton 015B,Bolton,80,1911,5566.3
E01005746,Stockport 005B,Stockport,72,1911,7114.4
E01011357,Leeds 038C,Leeds,90,1906,6587.1
E01005953,Tameside 013E,Tameside,83,1903,6643.6
E01004863,Bolton 033C,Bolton,75,1901,6865.2
E01008658,South Tyneside 015F,South Tyneside,95,1897,7838.5
E01011483,Leeds 056E,Leeds,88,1896,6922.8
E01005104,Manchester 004A,Manchester,113,1891,4187.4
E01011422,Leeds 048A,Leeds,88,1891,7585.6
E01011428,Leeds 048C,Leeds,87,1891,7585.6
E01005653,Salford 011D,Salford,133,1889,3608.0
E01005683,Salford 017C,Salford,131,1888,3624.4
E01010832,Bradford 035E,Bradford,92,1885,5940.5
E01015146,Plymouth 009E,Plymouth,84,1884,9204.8
E01011725,Leeds 078A,Leeds,86,1882,6833.3
E01005692,Salford 006D,Salford,80,1881,6180.0
E01008542,North Tyneside 028B,North Tyneside,77,1880,8047.8
E01033356,Bristol 056C,"Bristol, City of",174,1872,3144.8
E01010623,Bradford 042D,Bradford,90,1871,5162.2
E01004802,Bolton 010A,Bolton,78,1868,5476.6
E01010829,Bradford 035B,Bradford,93,1868,5335.8
E01011739,Leeds 080D,Leeds,85,1863,6822.0
E01011284,Leeds 071A,Leeds,92,1860,6833.8
E01005004,Bury 016C,Bury,67,1859,7275.0
E01005758,Stockport 014B,Stockport,67,1859,6393.6
E01011283,Leeds 059C,Leeds,93,1856,6941.5
E01004820,Bolton 011A,Bolton,79,1855,5258.4
E01004822,Bolton 016B,Bolton,79,1855,5258.4
E01005981,Tameside 029C,Tameside,66,1853,7051.4
E01010676,Bradford 034A,Bradford,90,1852,5205.4
E01005165,Manchester 008D,Manchester,127,1851,3767.7
E01008388,Newcastle upon Tyne 028A,Newcastle upon Tyne,88,1851,6154.3
E01008391,Newcastle upon Tyne 026E,Newcastle upon Tyne,89,1850,6309.3
E01008392,Newcastle upon Tyne 026F,Newcastle upon Tyne,89,1850,6309.3
E01004826,Bolton 011C,Bolton,79,1849,5265.6
E01033035,Leeds 064F,Leeds,86,1849,7288.2
E01004828,Bolton 023A,Bolton,77,1848,5099.3
E01004825,Bolton 011B,Bolton,78,1847,5255.3
E01005164,Manchester 006A,Manchester,123,1847,3679.5
E01005689,Salford 009B,Salford,75,1847,6331.7
E01008540,North Tyneside 027B,North Tyneside,78,1846,8014.5
E01005611,Salford 016B,Salford,132,1838,3416.6
E01005609,Salford 016A,Salford,133,1829,3432.9
E01011349,Leeds 065D,Leeds,84,1828,7259.1
E01005610,Salford 022D,Salford,133,1823,3433.5
E01010679,Bradford 034B,Bradford,87,1818,5118.0
E01010841,Bradford 034E,Bradford,88,1818,5118.0
E01011336,Leeds 058C,Leeds,86,1814,5511.3
E01011677,Leeds 064D,Leeds,83,1814,7240.8
E01011282,Leeds 059B,Leeds,86,1812,5656.0
E01005167,Manchester 008F,Manchester,128,1810,3510.4
E01005918,Stockport 014D,Stockport,66,1805,6175.7
E01008290,Newcastle upon Tyne 027C,Newcastle upon Tyne,98,1805,4992.6
E01008603,South Tyneside 014B,South Tyneside,85,1801,7837.2
E01008220,Gateshead 021B,Gateshead,92,1800,5490.0
E01011430,Leeds 053A,Leeds,83,1800,7208.3
E01005905,Stockport 012E,Stockport,68,1799,6158.9
E01010807,Bradford 033C,Bradford,90,1797,5069.1
E01015145,Plymouth 014E,Plymouth,85,1797,8955.6
E01015144,Plymouth 009D,Plymouth,83,1792,8528.8
E01015149,Plymouth 009F,Plymouth,83,1792,8528.8
E01011338,Leeds 064A,Leeds,83,1791,7209.8
E01011354,Leeds 038A,Leeds,83,1791,5827.6
E01014688,Bristol 002A,"Bristol, City of",131,1791,2718.4
E01011324,Leeds 046A,Leeds,93,1786,6670.0
E01011344,Leeds 065A,Leeds,82,1784,7195.8
E01011433,Leeds 053C,Leeds,82,1784,7195.8
E01011434,Leeds 053D,Leeds,82,1784,7195.8
E01005166,Manchester 008E,Manchester,124,1778,3442.5
E01005755,Stockport 004C,Stockport,65,1778,5864.7
E01005948,Tameside 013A,Tameside,89,1778,6869.5
E01011432,Leeds 053B,Leeds,81,1778,7187.8
E01011293,Leeds 071C,Leeds,89,1773,6485.3
E01005874,Stockport 019C,Stockport,67,1771,6716.7
E01011484,Leeds 033A,Leeds,87,1767,5675.8
E01010964,Calderdale 012B,Calderdale,65,1765,7865.6
E01005613,Salford 016D,Salford,129,1764,3559.5
E01005202,Manchester 009A,Manchester,133,1763,4004.2
E01007874,Sheffield 022A,Sheffield,106,1762,4572.7
E01007885,Sheffield 075E,Sheffield,99,1761,4721.5
E01006019,Tameside 018D,Tameside,75,1759,6606.8
E01011294,Leeds 071D,Leeds,87,1755,5558.5
E01014689,Bristol 002B,"Bristol, City of",113,1754,2696.8
E01033021,Leeds 075E,Leeds,82,1753,7058.8
E01011292,Leeds 071B,Leeds,88,1752,6372.5
E01010782,Bradford 020B,Bradford,79,1751,6354.6
E01010831,Bradford 035D,Bradford,89,1751,4929.8
E01011611,Leeds 068D,Leeds,84,1749,5392.5
E01011623,Leeds 075B,Leeds,80,1745,7072.8
E01010809,Bradford 033E,Bradford,89,1742,4957.4
E01011363,Leeds 071E,Leeds,83,1742,6018.0
E01010808,Bradford 033D,Bradford,88,1741,4957.1
E01005681,Salford 024C,Salford,130,1739,3264.3
E01010830,Bradford 035C,Bradford,89,1738,4620.0
E01006027,Tameside 027B,Tameside,68,1733,7674.8
E01007870,Sheffield 019A,Sheffield,104,1731,4546.4
E01005227,Manchester 009D,Manchester,130,1730,3880.7
E01010960,Calderdale 012A,Calderdale,63,1725,7400.1
E01011362,Leeds 081A,Leeds,83,1724,5647.5
E01005103,Manchester 001E,Manchester,107,1723,3562.4
E01008484,North Tyneside 023C,North Tyneside,70,1723,7690.2
E01008541,North Tyneside 027C,North Tyneside,70,1720,7832.0
E01005142,Manchester 058A,Manchester,126,1717,3440.5
E01011332,Leeds 046D,Leeds,86,1709,5370.5
E01011730,Leeds 078C,Leeds,78,1708,6512.3
E01004827,Bolton 021A,Bolton,73,1706,4677.7
E01004942,Bury 021B,Bury,77,1704,6038.5
E01005223,Manchester 007A,Manchester,117,1702,3822.3
E01011358,Leeds 042B,Leeds,81,1700,6210.9
E01011427,Leeds 047C,Leeds,77,1697,7067.6
E01011347,Leeds 065B,Leeds,79,1695,6979.8
E01011348,Leeds 065C,Leeds,79,1695,6979.8
E01005203,Manchester 009B,Manchester,135,1694,3834.4
E01033330,Salford 022K,Salford,130,1694,3147.5
E01005205,Manchester 006B,Manchester,132,1692,3808.2
E01011618,Leeds 070C,Leeds,77,1688,6975.6
E01004839,Bolton 026D,Bolton,70,1686,4768.0
E01010840,Bradford 034D,Bradford,84,1686,4753.5
E01011337,Leeds 058D,Leeds,76,1686,5833.5
E01033693,Bradford 039J,Bradford,86,1686,4454.5
E01005147,Manchester 058B,Manchester,127,1685,3347.0
E01011364,Leeds 085A,Leeds,75,1685,6165.0
E01007869,Sheffield 020A,Sheffield,104,1682,4459.5
E01033370,Bristol 054E,"Bristol, City of",161,1681,2771.8
E01011094,Kirklees 035B,Kirklees,72,1679,6285.1
E01006000,Tameside 010E,Tameside,80,1677,6465.8
E01010617,Bradford 039C,Bradford,89,1677,4368.8
E01033269,Sheffield 022G,Sheffield,98,1677,4317.4
E01005682,Salford 024D,Salford,122,1676,3216.8
E01032494,Leeds 033G,Leeds,85,1671,5391.5
E01011368,Leeds 082C,Leeds,77,1670,6073.6
E01007875,Sheffield 022B,Sheffield,96,1669,4297.9
E01005722,Salford 021E,Salford,93,1668,3685.7
E01011326,Leeds 046C,Leeds,83,1668,5309.3
E01008608,South Tyneside 014C,South Tyneside,77,1661,7418.7
E01005098,Manchester 001A,Manchester,93,1652,3995.7
E01004841,Bolton 012B,Bolton,74,1650,4332.0
E01005658,Salford 024B,Salford,109,1649,3248.1
E01033271,Sheffield 040E,Sheffield,90,1648,4722.2
E01010620,Bradford 042A,Bradford,87,1647,4063.2
E01011148,Kirklees 041C,Kirklees,79,1647,6555.5
E01004946,Bury 021E,Bury,71,1646,4807.3
E01005679,Salford 008D,Salford,75,1641,5411.4
E01010622,Bradford 042C,Bradford,86,1641,4048.0
E01008348,Newcastle upon Tyne 019F,Newcastle upon Tyne,94,1640,4560.4
E01014458,Bath and North East Somerset 015D,Bath and North East Somerset,102,1640,3313.5
E01010803,Bradford 037A,Bradford,86,1639,4698.2
E01014463,Bath and North East Somerset 011C,Bath and North East Somerset,100,1638,4155.1
E01014639,Bristol 003D,"Bristol, City of",97,1637,2887.3
E01014605,Bristol 001E,"Bristol, City of",94,1636,2554.2
E01005226,Manchester 007D,Manchester,116,1635,3749.6
E01005826,Stockport 024B,Stockport,65,1634,6309.2
E01005143,Manchester 056A,Manchester,127,1633,3233.5
E01005723,Salford 021F,Salford,100,1633,3059.6
E01008065,Sheffield 026A,Sheffield,85,1632,4782.4
E01010811,Bradford 037C,Bradford,87,1632,4690.7
E01011371,Leeds 085B,Leeds,73,1631,6113.8
E01010843,Bradford 041D,Bradford,82,1630,4670.2
E01011626,Leeds 075D,Leeds,77,1630,6770.8
E01006023,Tameside 015B,Tameside,75,1629,6231.2
E01005657,Salford 023C,Salford,104,1627,3140.6
E01005680,Salford 017B,Salford,115,1624,3016.2
E01011625,Leeds 075C,Leeds,74,1623,6852.5
E01005660,Salford 001B,Salford,64,1620,6418.0
E01010812,Bradford 041B,Bradford,84,1617,4631.5
E01010813,Bradford 037D,Bradford,85,1616,4625.5
E01011004,Kirklees 040A,Kirklees,70,1615,6647.2
E01015023,Plymouth 003A,Plymouth,58,1613,9913.8
E01008671,South Tyneside 012C,South Tyneside,71,1612,7571.0
E01011366,Leeds 082A,Leeds,77,1610,5993.3
E01005225,Manchester 007C,Manchester,117,1609,3727.5
E01005706,Salford 002C,Salford,61,1608,6514.2
E01005228,Manchester 009E,Manchester,122,1606,3658.6
E01005947,Tameside 004E,Tameside,78,1605,6305.4
E01005655,Salford 024A,Salford,107,1603,3107.8
E01033666,Manchester 017F,Manchester,79,1602,6008.5
E01005941,Tameside 007A,Tameside,82,1599,6331.4
E01008450,Newcastle upon Tyne 016B,Newcastle upon Tyne,93,1598,4493.2
E01007718,Rotherham 016D,Rotherham,78,1597,7127.0
E01010674,Bradford 030B,Bradford,80,1596,5334.6
E01005822,Stockport 016D,Stockport,59,1595,5655.5
E01007883,Sheffield 027A,Sheffield,95,1594,4725.5
E01032912,Salford 028G,Salford,115,1592,3197.4
E01005703,Salford 002A,Salford,61,1591,6249.5
E01004987,Bury 020C,Bury,68,1590,5944.3
E01004996,Bury 016B,Bury,60,1588,6699.4
E01007873,Sheffield 020C,Sheffield,99,1585,4954.0
E01008545,North Tyneside 027E,North Tyneside,65,1583,7521.5
E01010944,Calderdale 005E,Calderdale,48,1579,7029.1
E01011504,Leeds 032A,Leeds,72,1576,6129.2
E01010607,Bradford 039B,Bradford,83,1571,4137.2
E01033691,Bradford 039H,Bradford,83,1570,4209.2
E01010928,Calderdale 009B,Calderdale,47,1567,7011.9
E01011735,Leeds 078D,Leeds,69,1565,6140.0
E01008485,North Tyneside 023D,North Tyneside,65,1563,7344.9
E01011340,Leeds 060B,Leeds,69,1562,6748.3
E01011342,Leeds 060C,Leeds,68,1562,6748.3
E01033676,Manchester 056D,Manchester,126,1562,2983.9
E01007877,Sheffield 022D,Sheffield,97,1560,4914.0
E01007905,Sheffield 027C,Sheffield,94,1560,4625.5
E01015030,Plymouth 007A,Plymouth,56,1557,9777.7
E01011431,Leeds 047D,Leeds,70,1556,6740.3
E01011467,Leeds 112A,Leeds,71,1556,6050.8
E01011468,Leeds 112B,Leeds,70,1556,6050.8
E01010611,Bradford 046C,Bradford,82,1555,4162.2
E01007913,Sheffield 018C,Sheffield,92,1553,6219.0
E01010632,Bradford 040E,Bradford,78,1549,4984.7
E01008669,South Tyneside 012B,South Tyneside,71,1547,7336.4
E01008157,Sheffield 026D,Sheffield,82,1541,4026.4
E01005667,Salford 028B,Salford,110,1540,3054.6
E01010610,Bradford 046B,Bradford,81,1539,4059.2
E01010624,Bradford 042E,Bradford,83,1539,3844.5
E01008232,Gateshead 018C,Gateshead,80,1538,4604.0
E01007944,Sheffield 022F,Sheffield,97,1537,4916.2
E01007949,Sheffield 020E,Sheffield,97,1537,4916.2
E01005009,Bury 016E,Bury,61,1536,6105.6
E01014638,Bristol 003C,"Bristol, City of",91,1536,2821.1
E01006025,Tameside 027A,Tameside,67,1530,6340.3
E01011374,Leeds 085D,Leeds,68,1530,5909.8
E01011339,Leeds 060A,Leeds,66,1529,6674.6
E01006050,Tameside 027C,Tameside,62,1526,6325.0
E01005766,Stockport 014C,Stockport,62,1525,5362.2
E01011423,Leeds 047A,Leeds,66,1523,6666.6
E01005721,Salford 023D,Salford,103,1522,2710.1
E01007851,Sheffield 013B,Sheffield,97,1521,4900.2
E01033674,Manchester 058C,Manchester,125,1521,2883.7
E01008667,South Tyneside 002D,South Tyneside,71,1519,7361.4
E01011370,Leeds 082D,Leeds,71,1518,5846.4
E01033678,Manchester 009F,Manchester,121,1516,3266.6
E01010842,Bradford 039E,Bradford,80,1515,4001.9
E01005251,Manchester 003D,Manchester,93,1514,4263.2
E01007947,Sheffield 013C,Sheffield,94,1513,4989.0
E01006060,Tameside 008A,Tameside,70,1512,6009.5
E01007940,Sheffield 022E,Sheffield,96,1512,4885.2
E01010880,Calderdale 019D,Calderdale,53,1511,5453.9
E01010967,Calderdale 008D,Calderdale,48,1507,6291.8
E01005253,Manchester 005E,Manchester,87,1506,4331.7
E01008482,North Tyneside 023B,North Tyneside,63,1504,7302.3
E01010943,Calderdale 006C,Calderdale,48,1504,6560.1
E01008380,Newcastle upon Tyne 008G,Newcastle upon Tyne,87,1502,4360.8
E01005624,Salford 017A,Salford,98,1501,2849.8
E01007948,Sheffield 013D,Sheffield,96,1500,4928.5
E01010938,Calderdale 006A,Calderdale,47,1500,6558.6
E01008015,Sheffield 039D,Sheffield,93,1496,3748.8
E01005252,Manchester 003E,Manchester,100,1494,3933.4
E01010606,Bradford 039A,Bradford,79,1494,3732.2
E01032915,Salford 028I,Salford,113,1491,2848.8
E01010608,Bradford 045A,Bradford,80,1489,3958.8
E01011312,Leeds 086A,Leeds,69,1488,5864.8
E01005959,Tameside 005E,Tameside,79,1486,6081.3
E01011372,Leeds 086C,Leeds,68,1482,5861.8
E01011373,Leeds 085C,Leeds,69,1482,5861.8
E01007902,Sheffield 027B,Sheffield,93,1480,5028.0
E01008018,Sheffield 039F,Sheffield,91,1479,3819.5
E01005656,Salford 023B,Salford,98,1478,2638.5
E01008289,Newcastle upon Tyne 027B,Newcastle upon Tyne,92,1478,4128.2
E01008664,South Tyneside 002A,South Tyneside,69,1477,7153.4
E01008665,South Tyneside 002B,South Tyneside,69,1477,7153.4
E01008666,South Tyneside 002C,South Tyneside,69,1477,7153.4
E01005192,Manchester 021D,Manchester,78,1476,5732.6
E01008590,South Tyneside 011A,South Tyneside,68,1476,7153.3
E01008591,South Tyneside 011B,South Tyneside,68,1476,7153.3
E01008593,South Tyneside 016A,South Tyneside,68,1476,7153.3
E01007886,Sheffield 075F,Sheffield,91,1473,3674.5
E01011686,Leeds 033E,Leeds,77,1473,4776.3
E01008096,Sheffield 043B,Sheffield,83,1466,4118.8
E01005799,Stockport 026D,Stockport,63,1463,5441.4
E01007848,Sheffield 013A,Sheffield,94,1463,4855.2
E01005187,Manchester 021A,Manchester,69,1460,5546.6
E01010845,Bradford 059B,Bradford,72,1458,3844.0
E01008544,North Tyneside 027D,North Tyneside,59,1454,7267.9
E01015028,Plymouth 003C,Plymouth,54,1454,9025.1
E01005196,Manchester 023B,Manchester,83,1453,5264.1
E01011617,Leeds 070B,Leeds,64,1453,6476.3
E01007904,Sheffield 018B,Sheffield,95,1445,4380.5
E01005136,Manchester 002C,Manchester,99,1443,3277.8
E01011346,Leeds 060D,Leeds,63,1440,6477.3
E01005662,Salford 004B,Salford,54,1435,5028.8
E01033687,Manchester 003G,Manchester,93,1435,3813.1
E01005525,Rochdale 021B,Rochdale,56,1434,5378.4
E01007715,Rotherham 016A,Rotherham,67,1434,6568.8
E01007847,Sheffield 014A,Sheffield,91,1434,4681.0
E01008607,South Tyneside 016D,South Tyneside,63,1433,7054.9
E01005698,Salford 012E,Salford,71,1432,4729.4
E01011316,Leeds 086B,Leeds,67,1432,5724.0
E01011375,Leeds 086D,Leeds,67,1432,5724.0
E01005138,Manchester 002D,Manchester,104,1429,3407.7
E01007943,Sheffield 019C,Sheffield,83,1428,3896.9
E01008300,Newcastle upon Tyne 016A,Newcastle upon Tyne,87,1428,4030.5
E01005933,Tameside 006A,Tameside,74,1427,5963.3
E01007941,Sheffield 015A,Sheffield,83,1424,4839.2
E01005477,Rochdale 017B,Rochdale,59,1423,5690.8
E01012638,Blackburn with Darwen 008C,Blackburn with Darwen,66,1421,3427.1
E01005141,Manchester 003C,Manchester,98,1415,3463.7
E01008011,Sheffield 039A,Sheffield,90,1415,3901.2
E01011471,Leeds 092A,Leeds,65,1412,5743.2
E01005945,Tameside 004C,Tameside,72,1411,5709.7
E01012594,Blackburn with Darwen 012A,Blackburn with Darwen,65,1410,3233.5
E01014663,Bristol 014B,"Bristol, City of",125,1410,2351.7
E01005709,Salford 004C,Salford,55,1405,5894.7
E01006064,Tameside 008B,Tameside,68,1401,5657.6
E01005094,Manchester 012B,Manchester,100,1399,4945.0
E01011622,Leeds 072C,Leeds,61,1399,6411.1
E01012621,Blackburn with Darwen 012E,Blackburn with Darwen,64,1398,3228.8
E01008013,Sheffield 039C,Sheffield,89,1396,3934.2
E01005935,Tameside 006C,Tameside,72,1395,5883.1
E01010800,Bradford 036D,Bradford,69,1395,4794.0
E01005762,Stockport 026B,Stockport,61,1392,4825.8
E01006065,Tameside 008C,Tameside,67,1392,5584.3
E01008606,South Tyneside 016C,South Tyneside,60,1387,6986.3
E01012601,Blackburn with Darwen 011B,Blackburn with Darwen,68,1383,2929.2
E01008017,Sheffield 039E,Sheffield,87,1381,3868.0
E01005828,Stockport 024D,Stockport,60,1379,4979.2
E01011662,Leeds 040E,Leeds,59,1377,4613.8
E01010736,Bradford 048D,Bradford,77,1376,3711.8
E01008012,Sheffield 039B,Sheffield,91,1374,3471.8
E01012637,Blackburn with Darwen 008B,Blackburn with Darwen,59,1374,3386.4
E01010941,Calderdale 005C,Calderdale,42,1373,5545.4
E01005707,Salford 003C,Salford,56,1372,5484.0
E01010744,Bradford 051E,Bradford,71,1371,3884.2
E01012603,Blackburn with Darwen 011D,Blackburn with Darwen,69,1369,2901.7
E01005256,Manchester 011A,Manchester,112,1368,3200.3
E01005639,Salford 029A,Salford,41,1368,7031.6
E01008097,Sheffield 043C,Sheffield,84,1367,3750.8
E01012600,Blackburn with Darwen 011A,Blackburn with Darwen,65,1366,2924.1
E01010631,Bradford 040D,Bradford,71,1364,4681.2
E01008062,Sheffield 013E,Sheffield,83,1361,4719.8
E01008524,North Tyneside 022B,North Tyneside,56,1361,7001.8
E01010737,Bradford 048E,Bradford,75,1361,3673.8
E01010748,Bradford 056C,Bradford,71,1358,3465.5
E01033679,Manchester 009G,Manchester,119,1358,2646.2
E01005472,Rochdale 010A,Rochdale,55,1352,5634.8
E01010732,Bradford 048B,Bradford,77,1350,3620.0
E01005466,Rochdale 016C,Rochdale,58,1345,5337.3
E01010730,Bradford 045C,Bradford,78,1343,3611.8
E01005467,Rochdale 016D,Rochdale,58,1340,5302.7
E01005484,Rochdale 010E,Rochdale,54,1340,5624.3
E01008061,Sheffield 011A,Sheffield,82,1339,4497.0
E01008285,Gateshead 018E,Gateshead,69,1338,4052.1
E01012624,Blackburn with Darwen 009E,Blackburn with Darwen,63,1338,3313.9
E01033547,Newcastle upon Tyne 025E,Newcastle upon Tyne,84,1338,3634.9
E01005255,Manchester 012D,Manchester,109,1333,3452.4
E01010731,Bradford 048A,Bradford,77,1333,3589.8
E01010612,Bradford 052A,Bradford,76,1332,3246.0
E01005487,Rochdale 010G,Rochdale,51,1331,5596.7
E01008609,South Tyneside 016E,South Tyneside,62,1331,5973.7
E01007129,Wirral 016D,Wirral,37,1330,7047.0
E01005219,Manchester 031A,Manchester,80,1329,5121.2
E01007945,Sheffield 015B,Sheffield,80,1329,3531.7
E01011621,Leeds 070D,Leeds,59,1328,6312.2
E01007804,Rotherham 011B,Rotherham,64,1326,7368.5
E01033277,Sheffield 011E,Sheffield,78,1325,4485.0
E01005259,Manchester 011D,Manchester,107,1324,3456.9
E01008218,Gateshead 021A,Gateshead,70,1324,3977.6
E01010667,Bradford 050D,Bradford,74,1324,3588.5
E01005464,Rochdale 016A,Rochdale,55,1323,5443.6
E01015083,Plymouth 004C,Plymouth,61,1318,7643.3
E01005592,Rochdale 009E,Rochdale,52,1317,5454.8
E01010733,Bradford 048C,Bradford,75,1317,3525.2
E01010924,Calderdale 002B,Calderdale,41,1316,5247.6
E01010745,Bradford 056A,Bradford,72,1314,3344.0
E01010735,Bradford 051A,Bradford,76,1313,3558.0
E01012577,Blackburn with Darwen 003B,Blackburn with Darwen,54,1313,3608.5
E01005919,Stockport 002E,Stockport,65,1312,4028.8
E01006109,Trafford 001A,Trafford,100,1311,4724.9
E01010739,Bradford 051C,Bradford,74,1311,3591.2
E01010838,Bradford 044E,Bradford,77,1311,3456.2
E01008098,Sheffield 048A,Sheffield,83,1310,3463.8
E01011318,Leeds 090C,Leeds,60,1309,4912.7
E01005135,Manchester 002B,Manchester,91,1308,3153.7
E01008297,Newcastle upon Tyne 011B,Newcastle upon Tyne,84,1308,3663.7
E01012625,Blackburn with Darwen 009F,Blackburn with Darwen,56,1308,3296.0
E01005190,Manchester 017E,Manchester,77,1307,5133.1
E01011667,Leeds 050D,Leeds,57,1307,4414.1
E01008100,Sheffield 048B,Sheffield,80,1306,3524.2
E01005099,Manchester 001B,Manchester,84,1302,3155.6
E01007126,Wirral 016A,Wirral,37,1302,6837.4
E01010839,Bradford 044F,Bradford,77,1302,3502.5
E01008682,South Tyneside 005C,South Tyneside,62,1299,5944.4
E01005101,Manchester 002A,Manchester,88,1298,3126.0
E01005529,Rochdale 022B,Rochdale,62,1298,3425.9
E01008227,Gateshead 021E,Gateshead,68,1298,3910.0
E01012595,Blackburn with Darwen 009A,Blackburn with Darwen,63,1296,3139.2
E01005024,Bury 008E,Bury,48,1295,4199.1
E01012619,Blackburn with Darwen 012C,Blackburn with Darwen,60,1295,3223.9
E01005631,Salford 020A,Salford,65,1294,3623.1
E01008060,Sheffield 010D,Sheffield,81,1294,4430.8
E01010742,Bradford 053C,Bradford,74,1294,3437.5
E01010833,Bradford 041C,Bradford,73,1292,3402.2
E01007155,Wirral 020A,Wirral,36,1291,6978.8
E01005261,Manchester 012E,Manchester,111,1290,3119.0
E01005243,Manchester 024B,Manchester,101,1288,4796.0
E01007130,Wirral 021A,Wirral,35,1288,6922.2
E01010666,Bradford 050C,Bradford,75,1288,3444.5
E01010734,Bradford 045D,Bradford,73,1288,3374.8
E01010613,Bradford 045B,Bradford,73,1287,3380.2
E01011901,Wakefield 026C,Wakefield,51,1287,6115.2
E01008102,Sheffield 048C,Sheffield,82,1284,3439.8
E01008103,Sheffield 048D,Sheffield,79,1284,3522.8
E01008688,South Tyneside 019A,South Tyneside,59,1284,5963.3
E01012013,Middlesbrough 008C,Middlesbrough,68,1284,5089.7
E01007730,Rotherham 009C,Rotherham,56,1282,7620.8
E01005551,Rochdale 022C,Rochdale,61,1280,3497.2
E01007127,Wirral 016B,Wirral,36,1278,6788.8
E01010743,Bradford 053D,Bradford,70,1276,3515.2
E01011904,Wakefield 026D,Wakefield,51,1276,6118.2
E01007291,Wirral 021D,Wirral,35,1271,7489.0
E01007977,Sheffield 051C,Sheffield,77,1270,3622.0
E01010663,Bradford 050A,Bradford,73,1270,3411.0
E01007128,Wirral 016C,Wirral,34,1269,6786.7
E01011616,Leeds 072A,Leeds,57,1269,6136.8
E01005527,Rochdale 022A,Rochdale,60,1265,3493.9
E01012641,Blackburn with Darwen 008F,Blackburn with Darwen,57,1265,3262.8
E01012631,Blackburn with Darwen 006B,Blackburn with Darwen,62,1264,2834.6
E01007857,Sheffield 010B,Sheffield,78,1262,4292.8
E01007732,Rotherham 009E,Rotherham,56,1261,7591.0
E01006144,Trafford 011C,Trafford,58,1258,6050.5
E01005107,Manchester 015E,Manchester,97,1257,3615.7
E01005485,Rochdale 015D,Rochdale,52,1257,5259.0
E01005483,Rochdale 010D,Rochdale,50,1255,5267.2
E01005532,Rochdale 025C,Rochdale,77,1255,3384.5
E01012596,Blackburn with Darwen 009B,Blackburn with Darwen,62,1255,2797.1
E01014729,Bristol 040A,"Bristol, City of",135,1254,1782.0
E01019625,Derbyshire Dales 006D,Derbyshire Dales,41,1253,7469.7
E01005257,Manchester 011B,Manchester,116,1251,3046.3
E01006052,Tameside 027D,Tameside,60,1250,5248.8
E01005123,Manchester 041D,Manchester,57,1246,5369.9
E01006005,Tameside 011E,Tameside,76,1245,4649.1
E01011695,Leeds 019D,Leeds,60,1245,4412.0
E01008009,Sheffield 045E,Sheffield,81,1244,3421.5
E01008689,South Tyneside 019B,South Tyneside,57,1241,5823.1
E01008094,Sheffield 019D,Sheffield,74,1239,3310.7
E01005245,Manchester 024C,Manchester,100,1237,4617.3
E01005129,Manchester 013B,Manchester,117,1234,2247.5
E01005113,Manchester 047C,Manchester,42,1232,6604.1
E01010958,Calderdale 020C,Calderdale,39,1230,6691.3
E01005108,Manchester 017A,Manchester,88,1229,4194.3
E01005324,Oldham 029C,Oldham,64,1229,4226.8
E01008117,Sheffield 009D,Sheffield,65,1228,3974.5
E01010819,Bradford 052B,Bradford,75,1227,2752.2
E01005496,Rochdale 009A,Rochdale,48,1226,4982.6
E01007946,Sheffield 015C,Sheffield,76,1226,3254.8
E01019575,Chesterfield 013A,Chesterfield,51,1226,5566.2
E01005213,Manchester 059A,Manchester,106,1225,2510.9
E01006336,Wigan 027D,Wigan,68,1223,5956.6
E01005552,Rochdale 022D,Rochdale,65,1221,3074.5
E01008610,South Tyneside 021A,South Tyneside,52,1221,5927.5
E01005482,Rochdale 010C,Rochdale,49,1220,5198.1
E01005486,Rochdale 010F,Rochdale,49,1220,5198.1
E01007450,Barnsley 023D,Barnsley,53,1220,6576.8
E01008118,Sheffield 009E,Sheffield,66,1218,4035.2
E01011472,Leeds 092B,Leeds,55,1216,5368.2
E01012639,Blackburn with Darwen 008D,Blackburn with Darwen,53,1216,3287.8
E01008180,Gateshead 004B,Gateshead,79,1213,3269.0
E01010609,Bradford 046A,Bradford,69,1213,3251.5
E01012571,Blackburn with Darwen 007A,Blackburn with Darwen,54,1213,3198.4
E01012574,Blackburn with Darwen 003A,Blackburn with Darwen,52,1213,3322.9
E01005475,Rochdale 015C,Rochdale,53,1212,5292.1
E01005130,Manchester 054A,Manchester,115,1209,2175.9
E01010616,Bradford 053B,Bradford,70,1208,3175.0
E01012656,Blackburn with Darwen 005C,Blackburn with Darwen,52,1207,3350.8
E01012657,Blackburn with Darwen 005D,Blackburn with Darwen,52,1207,3350.8
E01006369,Wigan 008C,Wigan,55,1206,4306.9
E01012578,Blackburn with Darwen 003C,Blackburn with Darwen,52,1206,3078.9
E01033672,Manchester 059C,Manchester,109,1206,2488.3
E01005370,Oldham 032C,Oldham,91,1205,3369.5
E01012655,Blackburn with Darwen 006E,Blackburn with Darwen,51,1205,3322.1
E01007856,Sheffield 007A,Sheffield,70,1202,4298.5
E01012011,Middlesbrough 008A,Middlesbrough,67,1202,4824.4
E01005194,Manchester 027A,Manchester,75,1200,3230.5
E01007716,Rotherham 016B,Rotherham,57,1197,5951.5
E01008059,Sheffield 010C,Sheffield,77,1197,4161.5
E01007453,Barnsley 026C,Barnsley,56,1195,6464.8
E01007979,Sheffield 051D,Sheffield,73,1194,3401.8
E01010874,Bradford 059H,Bradford,60,1194,3397.2
E01033697,Bradford 049J,Bradford,71,1193,3143.5
E01010822,Bradford 052E,Bradford,71,1192,2508.8
E01011922,Wakefield 026F,Wakefield,51,1189,5785.2
E01005132,Manchester 013C,Manchester,114,1188,2213.3
E01005325,Oldham 029D,Oldham,57,1188,4360.9
E01010659,Bradford 049A,Bradford,72,1187,3137.5
E01010872,Bradford 061E,Bradford,42,1187,3844.2
E01019140,Barrow-in-Furness 007A,Barrow-in-Furness,31,1187,4475.1
E01019142,Barrow-in-Furness 008B,Barrow-in-Furness,31,1187,4475.1
E01019174,Barrow-in-Furness 007E,Barrow-in-Furness,31,1187,4475.1
E01005191,Manchester 021C,Manchester,72,1186,4687.1
E01007950,Sheffield 015D,Sheffield,71,1186,3202.7
E01005121,Manchester 041B,Manchester,60,1185,5057.0
E01008415,Newcastle upon Tyne 025B,Newcastle upon Tyne,77,1184,3355.7
E01005124,Manchester 041E,Manchester,57,1183,5064.5
E01007729,Rotherham 009B,Rotherham,53,1183,5988.0
E01011620,Leeds 072B,Leeds,56,1182,5983.0
E01005246,Manchester 024D,Manchester,91,1179,4535.6
E01012640,Blackburn with Darwen 008E,Blackburn with Darwen,54,1178,3165.6
E01015026,Plymouth 003B,Plymouth,51,1178,7628.0
E01012572,Blackburn with Darwen 007B,Blackburn with Darwen,51,1176,3119.8
E01010583,Bradford 018B,Bradford,52,1173,4002.4
E01010820,Bradford 052C,Bradford,66,1172,2935.5
E01005232,Manchester 020C,Manchester,94,1170,2496.6
E01006249,Wigan 031B,Wigan,55,1170,5562.0
E01010635,Bradford 047C,Bradford,68,1170,3181.0
E01005564,Rochdale 015E,Rochdale,50,1169,4920.6
E01008124,Sheffield 012F,Sheffield,69,1168,3213.9
E01011317,Leeds 090B,Leeds,55,1168,4331.0
E01011624,Leeds 072D,Leeds,55,1168,5960.5
E01005133,Manchester 013D,Manchester,112,1167,2124.6
E01006283,Wigan 027B,Wigan,67,1167,5383.0
E01012586,Blackburn with Darwen 005B,Blackburn with Darwen,51,1165,3281.7
E01007775,Rotherham 008A,Rotherham,50,1164,5951.0
E01005197,Manchester 023C,Manchester,71,1163,4633.4
E01005583,Rochdale 008D,Rochdale,48,1161,5039.7
E01008054,Sheffield 007B,Sheffield,71,1161,4123.0
E01020716,County Durham 026E,County Durham,56,1161,4580.0
E01005568,Rochdale 012E,Rochdale,46,1160,5027.6
E01005585,Rochdale 008F,Rochdale,46,1160,5027.6
E01005602,Salford 026D,Salford,57,1160,4004.2
E01011560,Leeds 018D,Leeds,56,1160,2492.4
E01010614,Bradford 046D,Bradford,70,1159,2596.2
E01005601,Salford 026C,Salford,58,1156,3653.1
E01006213,Wigan 024A,Wigan,62,1156,4649.4
E01006518,Liverpool 044A,Liverpool,29,1155,7004.9
E01006676,Liverpool 044D,Liverpool,29,1155,7004.9
E01008057,Sheffield 007D,Sheffield,71,1155,4103.5
E01008119,Sheffield 009F,Sheffield,70,1155,3139.0
E01008596,South Tyneside 001B,South Tyneside,49,1155,5621.0
E01012575,Blackburn with Darwen 007D,Blackburn with Darwen,51,1154,3118.7
E01010926,Calderdale 002D,Calderdale,35,1153,4858.2
E01005242,Manchester 025B,Manchester,88,1152,4440.1
E01005379,Oldham 030B,Oldham,57,1151,3522.8
E01010802,Bradford 036F,Bradford,56,1151,4349.9
E01010850,Bradford 059D,Bradford,59,1151,3189.8
E01033765,Liverpool 061D,Liverpool,30,1150,6989.6
E01007677,Rotherham 017A,Rotherham,55,1146,5807.8
E01012037,Middlesbrough 003B,Middlesbrough,57,1144,4761.5
E01005119,Manchester 041A,Manchester,57,1143,4967.9
E01007239,Wirral 022C,Wirral,34,1143,6073.5
E01005189,Manchester 017D,Manchester,77,1141,4674.9
E01008055,Sheffield 007C,Sheffield,69,1141,4194.2
E01005258,Manchester 011C,Manchester,93,1140,3220.5
E01005729,Salford 025A,Salford,55,1140,3687.2
E01011133,Kirklees 023A,Kirklees,55,1140,5670.5
E01011899,Wakefield 026A,Wakefield,50,1139,5545.8
E01008090,Sheffield 012C,Sheffield,61,1138,3687.7
E01019578,Chesterfield 013D,Chesterfield,49,1137,4308.5
E01006673,Liverpool 037D,Liverpool,29,1136,6982.5
E01012622,Blackburn with Darwen 009C,Blackburn with Darwen,53,1136,2785.3
E01005781,Stockport 022E,Stockport,49,1134,3351.7
E01011559,Leeds 018C,Leeds,54,1134,2599.2
E01006679,Liverpool 039D,Liverpool,28,1133,6981.2
E01019141,Barrow-in-Furness 008A,Barrow-in-Furness,30,1132,4203.2
E01019156,Barrow-in-Furness 004A,Barrow-in-Furness,30,1132,4203.2
E01019157,Barrow-in-Furness 008D,Barrow-in-Furness,30,1132,4203.2
E01019158,Barrow-in-Furness 008E,Barrow-in-Furness,30,1132,4203.2
E01019160,Barrow-in-Furness 007B,Barrow-in-Furness,30,1132,4203.2
E01019164,Barrow-in-Furness 004C,Barrow-in-Furness,29,1132,4203.2
E01019165,Barrow-in-Furness 004D,Barrow-in-Furness,29,1132,4203.2
E01005563,Rochdale 012B,Rochdale,47,1131,4786.2
E01014658,Bristol 056B,"Bristol, City of",127,1131,2181.6
E01005731,Salford 025C,Salford,55,1129,3735.0
E01010821,Bradford 052D,Bradford,64,1128,2856.5
E01004948,Bury 009B,Bury,44,1126,3641.2
E01008299,Newcastle upon Tyne 011D,Newcastle upon Tyne,76,1126,3141.4
E01011663,Leeds 050A,Leeds,48,1126,4079.6
E01019139,Barrow-in-Furness 010B,Barrow-in-Furness,30,1126,4360.4
E01019143,Barrow-in-Furness 008C,Barrow-in-Furness,30,1126,4360.4
E01005380,Oldham 030C,Oldham,59,1125,3917.8
E01007179,Wirral 021C,Wirral,33,1120,6670.0
E01011510,Leeds 025D,Leeds,55,1119,2479.4
E01006305,Wigan 012A,Wigan,61,1118,4495.9
E01005377,Oldham 030A,Oldham,56,1117,3193.2
E01033258,Rochdale 008G,Rochdale,47,1116,4721.9
E01007122,Wirral 011C,Wirral,44,1115,4927.6
E01011473,Leeds 092C,Leeds,48,1115,5187.2
E01011474,Leeds 092D,Leeds,47,1115,5187.2
E01006167,Trafford 019D,Trafford,42,1114,4169.5
E01005180,Manchester 030C,Manchester,76,1112,4772.2
E01005569,Rochdale 012F,Rochdale,46,1111,4768.2
E01025062,Hyndburn 001C,Hyndburn,30,1111,5560.2
E01010755,Bradford 055B,Bradford,60,1110,3159.2
E01033688,Manchester 013G,Manchester,110,1107,2125.2
E01007119,Wirral 019A,Wirral,38,1106,4930.9
E01007123,Wirral 011D,Wirral,43,1106,4925.0
E01008007,Sheffield 060A,Sheffield,64,1105,3021.5
E01012643,Blackburn with Darwen 006C,Blackburn with Darwen,49,1105,3046.9
E01008122,Sheffield 012E,Sheffield,65,1101,3124.0
E01011658,Leeds 040C,Leeds,47,1100,3712.1
E01005183,Manchester 030F,Manchester,75,1099,4955.8
E01008123,Sheffield 015E,Sheffield,68,1099,3005.0
E01011660,Leeds 040D,Leeds,45,1099,3711.8
E01008092,Sheffield 012D,Sheffield,62,1098,2956.2
E01005285,Manchester 025D,Manchester,88,1097,4299.2
E01012038,Middlesbrough 003C,Middlesbrough,55,1097,4367.9
E01012258,Stockton-on-Tees 010C,Stockton-on-Tees,57,1097,3990.4
E01011345,Leeds 061C,Leeds,47,1096,4437.1
E01019561,Chesterfield 008E,Chesterfield,49,1095,4935.5
E01006240,Wigan 017B,Wigan,50,1093,3944.8
E01007736,Rotherham 014A,Rotherham,45,1093,5782.8
E01007768,Rotherham 014D,Rotherham,49,1090,5739.8
E01006411,Wigan 015E,Wigan,57,1089,3740.3
E01006288,Wigan 025A,Wigan,50,1088,4675.2
E01007120,Wirral 011A,Wirral,38,1088,4822.1
E01007124,Wirral 011E,Wirral,38,1088,4822.1
E01005382,Oldham 030D,Oldham,55,1087,3328.5
E01007719,Rotherham 010A,Rotherham,40,1087,5623.0
E01007766,Rotherham 014C,Rotherham,46,1087,5799.6
E01005270,Manchester 035A,Manchester,68,1086,4978.9
E01006515,Liverpool 037B,Liverpool,28,1086,6807.8
E01007714,Rotherham 017B,Rotherham,50,1085,5740.2
E01007769,Rotherham 017D,Rotherham,50,1085,5740.2
E01006248,Wigan 031A,Wigan,52,1084,4833.6
E01005501,Rochdale 018B,Rochdale,45,1079,4413.2
E01005733,Salford 019E,Salford,51,1079,3471.8
E01005272,Manchester 035B,Manchester,63,1078,4960.1
E01007125,Wirral 015A,Wirral,43,1077,4748.3
E01008075,Sheffield 060B,Sheffield,66,1077,2984.0
E01005581,Rochdale 008B,Rochdale,46,1076,4599.6
E01007121,Wirral 011B,Wirral,42,1075,4895.7
E01005383,Oldham 026A,Oldham,55,1074,4560.2
E01005578,Rochdale 004A,Rochdale,44,1074,4595.8
E01005579,Rochdale 004B,Rochdale,44,1074,4595.8
E01005586,Rochdale 004C,Rochdale,44,1074,4595.8
E01005595,Rochdale 004E,Rochdale,44,1074,4595.8
E01007727,Rotherham 010D,Rotherham,38,1073,5568.7
E01008116,Sheffield 009C,Sheffield,57,1073,3635.2
E01005240,Manchester 024A,Manchester,88,1072,4127.1
E01012589,Blackburn with Darwen 014A,Blackburn with Darwen,53,1072,2397.0
E01005502,Rochdale 018C,Rochdale,41,1071,4278.7
E01033669,Manchester 015G,Manchester,107,1071,2152.2
E01006327,Wigan 033E,Wigan,61,1070,4980.3
E01007462,Barnsley 021E,Barnsley,46,1069,5766.0
E01007708,Rotherham 021A,Rotherham,45,1069,5740.8
E01005513,Rochdale 019D,Rochdale,42,1068,4492.5
E01006168,Trafford 019E,Trafford,38,1067,4169.3
E01005344,Oldham 027C,Oldham,65,1065,3177.5
E01007273,Wirral 008B,Wirral,40,1064,4688.3
E01005230,Manchester 022B,Manchester,93,1062,4002.3
E01006324,Wigan 033B,Wigan,63,1061,4623.8
E01005061,Manchester 018A,Manchester,104,1060,2189.1
E01032903,Wirral 010F,Wirral,38,1060,4707.9
E01012266,Stockton-on-Tees 014E,Stockton-on-Tees,59,1059,3654.3
E01005106,Manchester 015D,Manchester,105,1058,2260.8
E01005725,Salford 019A,Salford,52,1058,3426.3
E01012268,Stockton-on-Tees 010E,Stockton-on-Tees,56,1055,3650.3
E01005490,Rochdale 005B,Rochdale,43,1054,4421.8
E01012397,Halton 013C,Halton,36,1054,5124.1
E01007133,Wirral 016E,Wirral,36,1053,4684.1
E01007734,Rotherham 021F,Rotherham,44,1053,5641.3
E01005065,Manchester 018D,Manchester,105,1052,2093.0
E01008086,Sheffield 009B,Sheffield,48,1051,4105.2
E01010925,Calderdale 002C,Calderdale,32,1049,4164.9
E01012430,Halton 012E,Halton,35,1049,5253.6
E01005599,Salford 026A,Salford,54,1048,2964.1
E01006326,Wigan 033D,Wigan,57,1047,4944.1
E01005515,Rochdale 019F,Rochdale,45,1043,4440.4
E01008076,Sheffield 060C,Sheffield,64,1041,2926.2
E01019796,North East Derbyshire 009A,North East Derbyshire,38,1041,6186.7
E01011122,Kirklees 018B,Kirklees,56,1038,4373.8
E01010814,Bradford 057A,Bradford,62,1034,2282.8
E01011656,Leeds 035A,Leeds,40,1032,3250.8
E01011657,Leeds 035B,Leeds,38,1032,3250.8
E01011659,Leeds 035C,Leeds,42,1032,3512.8
E01011664,Leeds 050B,Leeds,42,1032,3512.8
E01012198,Stockton-on-Tees 003B,Stockton-on-Tees,47,1032,4244.7
E01007822,Rotherham 002F,Rotherham,47,1029,4681.5
E01007783,Rotherham 008C,Rotherham,40,1026,5208.8
E01011916,Wakefield 017D,Wakefield,46,1026,4780.5
E01006306,Wigan 009A,Wigan,57,1025,3843.4
E01006386,Wigan 009C,Wigan,57,1025,3843.4
E01005097,Manchester 012C,Manchester,96,1024,2266.6
E01005559,Rochdale 013B,Rochdale,43,1024,4320.9
E01007269,Wirral 010C,Wirral,40,1024,4534.8
E01007271,Wirral 010E,Wirral,40,1024,4534.8
E01007272,Wirral 008A,Wirral,40,1024,4534.8
E01007275,Wirral 005E,Wirral,40,1024,4534.8
E01012251,Stockton-on-Tees 012B,Stockton-on-Tees,58,1023,3561.8
E01006105,Trafford 017B,Trafford,32,1022,5014.0
E01006108,Trafford 017E,Trafford,32,1022,5014.0
E01014589,Bristol 013B,"Bristol, City of",83,1022,1788.3
E01006328,Wigan 030A,Wigan,52,1018,4878.8
E01008085,Sheffield 009A,Sheffield,46,1017,3996.8
E01005322,Oldham 029A,Oldham,56,1016,3078.4
E01007274,Wirral 008C,Wirral,39,1016,4596.9
E01012380,Halton 006C,Halton,36,1016,5437.7
E01012195,Stockton-on-Tees 010B,Stockton-on-Tees,54,1014,3694.0
E01007735,Rotherham 013B,Rotherham,41,1012,5712.2
E01007739,Rotherham 013E,Rotherham,41,1012,5712.2
E01008191,Gateshead 023C,Gateshead,55,1012,3479.0
E01011143,Kirklees 023C,Kirklees,51,1012,5092.2
E01007270,Wirral 010D,Wirral,38,1011,4531.0
E01012254,Stockton-on-Tees 012E,Stockton-on-Tees,59,1008,3509.3
E01020724,County Durham 029D,County Durham,72,1008,3895.0
E01020901,County Durham 051D,County Durham,44,1006,6078.1
E01033616,Birmingham 135D,Birmingham,135,1004,1291.7
E01008345,Newcastle upon Tyne 019C,Newcastle upon Tyne,70,1003,2831.1
E01005236,Manchester 022D,Manchester,90,1002,3958.2
E01011475,Leeds 094C,Leeds,43,999,4831.8
E01014286,Stoke-on-Trent 015C,Stoke-on-Trent,88,999,1846.9
E01005092,Manchester 015A,Manchester,98,996,2232.5
E01005195,Manchester 023A,Manchester,68,996,3809.0
E01012252,Stockton-on-Tees 012C,Stockton-on-Tees,54,996,3491.1
E01006275,Wigan 016C,Wigan,54,995,4305.4
E01032518,Bristol 018E,"Bristol, City of",88,994,1574.8
E01005186,Manchester 020B,Manchester,89,993,2172.1
E01012041,Middlesbrough 003F,Middlesbrough,51,993,3965.1
E01005081,Manchester 039C,Manchester,61,992,5146.5
E01012271,Stockton-on-Tees 008C,Stockton-on-Tees,54,992,3474.9
E01004958,Bury 008A,Bury,42,991,2988.7
E01005288,Manchester 025E,Manchester,84,991,3865.4
E01005235,Manchester 020D,Manchester,79,989,2201.8
E01010720,Bradford 009B,Bradford,45,989,3798.2
E01007131,Wirral 021B,Wirral,30,987,5752.0
E01012267,Stockton-on-Tees 014F,Stockton-on-Tees,58,987,3386.9
E01012442,Halton 006E,Halton,34,986,5126.5
E01005093,Manchester 012A,Manchester,90,984,2968.9
E01007738,Rotherham 013D,Rotherham,39,984,5583.3
E01012648,Blackburn with Darwen 014D,Blackburn with Darwen,48,984,2239.8
E01014287,Stoke-on-Trent 015D,Stoke-on-Trent,89,983,1778.9
E01006241,Wigan 017C,Wigan,47,982,3945.9
E01006270,Wigan 016A,Wigan,53,981,4273.5
E01006752,Liverpool 035F,Liverpool,23,980,6042.1
E01010722,Bradford 014A,Bradford,45,980,3653.2
E01006333,Wigan 030B,Wigan,49,979,4760.2
E01007175,Wirral 027A,Wirral,27,979,6036.1
E01007295,Wirral 027D,Wirral,27,979,6036.1
E01020902,County Durham 051E,County Durham,44,979,6025.6
E01007292,Wirral 021E,Wirral,27,978,6229.5
E01007293,Wirral 027C,Wirral,27,975,6016.6
E01012424,Halton 007C,Halton,33,974,5082.7
E01007162,Wirral 019C,Wirral,38,973,4127.7
E01007296,Wirral 027E,Wirral,26,973,6016.3
E01004979,Bury 008C,Bury,41,972,2972.0
E01010721,Bradford 009C,Bradford,45,971,3622.0
E01025070,Hyndburn 003A,Hyndburn,45,971,2821.1
E01005340,Oldham 010D,Oldham,50,970,2973.2
E01006630,Liverpool 044B,Liverpool,27,969,6004.1
E01006632,Liverpool 044C,Liverpool,27,969,6004.1
E01007238,Wirral 001E,Wirral,35,969,4113.3
E01005509,Rochdale 018F,Rochdale,36,968,4011.8
E01012040,Middlesbrough 003E,Middlesbrough,54,968,3820.8
E01012078,Middlesbrough 005A,Middlesbrough,54,968,3820.8
E01006633,Liverpool 050B,Liverpool,26,967,6003.8
E01006675,Liverpool 043C,Liverpool,26,967,6004.0
E01006677,Liverpool 043D,Liverpool,26,967,6004.0
E01006678,Liverpool 044E,Liverpool,26,967,6003.8
E01033767,Liverpool 050J,Liverpool,26,967,6003.8
E01007220,Wirral 005D,Wirral,38,966,4439.7
E01007277,Wirral 008D,Wirral,38,966,4439.7
E01007278,Wirral 008E,Wirral,38,966,4439.7
E01009201,Birmingham 043A,Birmingham,123,966,1398.5
E01009482,Birmingham 048C,Birmingham,119,965,1443.8
E01012441,Halton 007D,Halton,32,965,4975.0
E01009204,Birmingham 052E,Birmingham,128,963,1282.9
E01007352,Barnsley 020E,Barnsley,49,962,4658.5
E01009203,Birmingham 043C,Birmingham,125,961,1376.9
E01005067,Manchester 020A,Manchester,100,959,1956.9
E01005342,Oldham 027A,Oldham,60,959,2996.7
E01014231,Stoke-on-Trent 016B,Stoke-on-Trent,86,959,1529.4
E01006289,Wigan 017E,Wigan,44,958,3686.0
E01010817,Bradford 057D,Bradford,60,957,2147.5
E01005638,Salford 027D,Salford,52,956,2725.8
E01009483,Birmingham 051B,Birmingham,120,956,1434.0
E01033644,Birmingham 052F,Birmingham,121,956,1434.0
E01004960,Bury 007E,Bury,39,954,2807.7
E01006392,Wigan 009E,Wigan,57,953,3606.7
E01012217,Stockton-on-Tees 016B,Stockton-on-Tees,56,953,3355.1
E01012262,Stockton-on-Tees 014A,Stockton-on-Tees,56,953,3355.1
E01033477,Stockton-on-Tees 014G,Stockton-on-Tees,56,953,3355.1
E01033768,Liverpool 037F,Liverpool,25,953,5889.8
E01012036,Middlesbrough 003A,Middlesbrough,50,951,3789.8
E01009333,Birmingham 139F,Birmingham,113,948,1664.6
E01004957,Bury 007D,Bury,40,946,2854.0
E01009202,Birmingham 043B,Birmingham,117,946,1355.2
E01006674,Liverpool 039C,Liverpool,25,945,5980.3
E01006296,Wigan 037A,Wigan,45,944,4689.9
E01006552,Liverpool 039A,Liverpool,24,943,5980.0
E01009192,Birmingham 052B,Birmingham,119,942,1419.4
E01005463,Oldham 035F,Oldham,58,941,2860.7
E01012284,Stockton-on-Tees 020C,Stockton-on-Tees,55,940,3456.5
E01012396,Halton 013B,Halton,34,940,4757.3
E01012399,Halton 013D,Halton,34,940,4757.3
E01009344,Birmingham 139H,Birmingham,111,939,1642.1
E01005201,Manchester 023E,Manchester,66,938,3619.9
E01008385,Newcastle upon Tyne 021E,Newcastle upon Tyne,61,938,2651.6
E01006357,Wigan 010C,Wigan,36,937,2724.1
E01006360,Wigan 010D,Wigan,36,937,2724.1
E01006361,Wigan 010E,Wigan,36,937,2724.1
E01005386,Oldham 026D,Oldham,53,935,4060.0
E01009364,Birmingham 071C,Birmingham,124,935,1292.4
E01012403,Halton 013E,Halton,34,935,4756.8
E01012367,Halton 007A,Halton,30,934,4842.0
E01014254,Stoke-on-Trent 011C,Stoke-on-Trent,76,934,1659.3
E01014255,Stoke-on-Trent 009E,Stoke-on-Trent,77,934,1657.0
E01005376,Oldham 031D,Oldham,61,933,2969.2
E01007970,Sheffield 049D,Sheffield,59,932,2918.5
E01005338,Oldham 017E,Oldham,53,931,3059.4
E01007721,Rotherham 010C,Rotherham,37,931,4548.0
E01005239,Manchester 020E,Manchester,97,930,1839.1
E01012039,Middlesbrough 003D,Middlesbrough,52,930,3750.8
E01033279,Sheffield 076F,Sheffield,59,930,2879.0
E01011134,Kirklees 023B,Kirklees,49,928,4310.5
E01006356,Wigan 011A,Wigan,35,927,2697.3
E01025260,Preston 005A,Preston,51,927,4622.7
E01032921,Oldham 035G,Oldham,57,927,2795.4
E01007365,Barnsley 025B,Barnsley,49,926,4493.0
E01008899,Birmingham 037A,Birmingham,116,924,1340.7
E01010712,Bradford 009A,Bradford,42,924,3567.8
E01005266,Manchester 044E,Manchester,39,923,5050.9
E01007737,Rotherham 013C,Rotherham,38,922,4494.2
E01006334,Wigan 030C,Wigan,50,921,4093.0
E01007176,Wirral 029C,Wirral,26,921,5940.9
E01032497,Leeds 099E,Leeds,40,920,4708.8
E01007317,Barnsley 018A,Barnsley,43,918,5221.0
E01007289,Wirral 031E,Wirral,25,915,5855.9
E01007290,Wirral 027B,Wirral,25,915,5855.9
E01005063,Manchester 018C,Manchester,97,913,1771.9
E01007215,Wirral 005A,Wirral,35,913,4216.5
E01014328,Stoke-on-Trent 013C,Stoke-on-Trent,79,913,1481.4
E01007794,Rotherham 004C,Rotherham,45,912,4327.1
E01008901,Birmingham 037C,Birmingham,116,912,1298.8
E01007723,Rotherham 013A,Rotherham,37,911,4478.5
E01010700,Bradford 008A,Bradford,42,911,3600.8
E01008914,Birmingham 050C,Birmingham,125,910,1182.4
E01009331,Birmingham 139D,Birmingham,111,909,1618.5
E01009485,Birmingham 048E,Birmingham,113,908,1389.6
E01010710,Bradford 008G,Bradford,41,908,3534.0
E01010723,Bradford 009D,Bradford,41,908,3534.0
E01010724,Bradford 009E,Bradford,41,908,3534.0
E01009379,Birmingham 071E,Birmingham,115,906,1301.9
E01010719,Bradford 007A,Bradford,41,902,3516.8
E01011911,Wakefield 020C,Wakefield,43,901,3677.5
E01010701,Bradford 008B,Bradford,42,898,3568.2
E01013535,Derby 007B,Derby,58,898,2827.1
E01013533,Derby 007A,Derby,56,897,2827.1
E01011910,Wakefield 020B,Wakefield,43,896,3648.5
E01010702,Bradford 008C,Bradford,42,895,3522.0
E01008189,Gateshead 023A,Gateshead,53,894,2262.6
E01010868,Bradford 061A,Bradford,45,894,2448.2
E01033627,Birmingham 137E,Birmingham,122,894,1028.9
E01006239,Wigan 017A,Wigan,48,891,3545.6
E01014275,Stoke-on-Trent 020B,Stoke-on-Trent,87,891,1589.0
E01009479,Birmingham 048B,Birmingham,114,890,1382.0
E01009484,Birmingham 048D,Birmingham,112,890,1382.0
E01012238,Stockton-on-Tees 018A,Stockton-on-Tees,56,890,3138.4
E01012286,Stockton-on-Tees 017A,Stockton-on-Tees,56,890,3138.4
E01012288,Stockton-on-Tees 017C,Stockton-on-Tees,56,890,3138.4
E01011144,Kirklees 023D,Kirklees,49,889,3893.5
E01011906,Wakefield 030B,Wakefield,39,889,4407.5
E01009489,Birmingham 051D,Birmingham,114,887,1380.3
E01019729,High Peak 002B,High Peak,31,886,4498.7
E01009198,Birmingham 058D,Birmingham,112,885,1589.9
E01005497,Rochdale 018A,Rochdale,34,884,3969.1
E01008327,Newcastle upon Tyne 015D,Newcastle upon Tyne,62,884,2393.5
E01025290,Preston 017B,Preston,64,884,3114.6
E01011665,Leeds 050C,Leeds,35,883,3188.8
E01005381,Oldham 027D,Oldham,54,882,2825.9
E01007461,Barnsley 021D,Barnsley,42,881,4566.5
E01008325,Newcastle upon Tyne 015B,Newcastle upon Tyne,61,881,2388.4
E01009347,Birmingham 049D,Birmingham,123,881,1164.1
E01011255,Kirklees 028D,Kirklees,44,881,4016.8
E01005328,Oldham 017B,Oldham,54,879,2706.7
E01019728,High Peak 002A,High Peak,30,879,4489.9
E01007210,Wirral 006C,Wirral,33,878,3164.4
E01007341,Barnsley 008A,Barnsley,43,878,4360.0
E01011130,Kirklees 017B,Kirklees,53,878,3841.8
E01011476,Leeds 094D,Leeds,39,877,4679.8
E01014330,Stoke-on-Trent 013E,Stoke-on-Trent,74,876,1470.5
E01005292,Manchester 052B,Manchester,30,873,5226.0
E01008382,Newcastle upon Tyne 021B,Newcastle upon Tyne,61,870,2373.4
E01005264,Manchester 044C,Manchester,37,869,5016.2
E01008330,Newcastle upon Tyne 015G,Newcastle upon Tyne,63,869,2373.1
E01025250,Preston 016D,Preston,57,868,3063.8
E01025297,Preston 014C,Preston,57,868,3063.8
E01005234,Manchester 027E,Manchester,79,867,1812.2
E01011138,Kirklees 019A,Kirklees,52,867,3835.2
E01011466,Leeds 094A,Leeds,38,866,4648.2
E01011917,Wakefield 030D,Wakefield,40,866,3621.8
E01025248,Preston 016B,Preston,56,865,3053.4
E01007138,Wirral 031B,Wirral,27,863,5556.5
E01007139,Wirral 031C,Wirral,27,863,5556.5
E01020673,County Durham 008D,County Durham,44,863,2936.2
E01027740,Harrogate 013F,Harrogate,49,863,2855.5
E01005321,Oldham 022A,Oldham,49,862,3595.1
E01025286,Preston 009E,Preston,53,862,3042.7
E01014256,Stoke-on-Trent 011D,Stoke-on-Trent,74,860,1448.6
E01033224,Preston 017G,Preston,61,856,3100.3
E01008913,Birmingham 050B,Birmingham,125,853,967.8
E01008906,Birmingham 049A,Birmingham,124,852,960.8
E01014249,Stoke-on-Trent 011A,Stoke-on-Trent,70,852,1508.5
E01033638,Birmingham 049F,Birmingham,125,852,960.8
E01007403,Barnsley 011C,Barnsley,44,850,4499.5
E01009200,Birmingham 139A,Birmingham,115,850,1220.6
E01005461,Oldham 035D,Oldham,49,849,2661.0
E01009141,Birmingham 137A,Birmingham,117,849,957.1
E01019444,Amber Valley 003B,Amber Valley,46,849,4217.6
E01011025,Kirklees 016A,Kirklees,51,847,3916.5
E01005352,Oldham 016C,Oldham,52,846,2619.3
E01006350,Wigan 010A,Wigan,35,846,2289.2
E01006351,Wigan 010B,Wigan,35,846,2289.2
E01011140,Kirklees 019C,Kirklees,50,846,3769.0
E01012215,Stockton-on-Tees 003D,Stockton-on-Tees,33,846,3178.3
E01020823,County Durham 052C,County Durham,40,846,3561.8
E01009060,Birmingham 035F,Birmingham,118,845,966.8
E01012649,Blackburn with Darwen 016A,Blackburn with Darwen,41,845,1741.8
E01014251,Stoke-on-Trent 009C,Stoke-on-Trent,66,845,1592.5
E01025296,Preston 014B,Preston,55,845,3029.9
E01008910,Birmingham 050A,Birmingham,119,844,987.9
E01013536,Derby 007C,Derby,56,844,2531.9
E01008905,Birmingham 040A,Birmingham,123,842,940.1
E01008916,Birmingham 037E,Birmingham,98,838,1233.6
E01033628,Birmingham 041F,Birmingham,116,838,964.5
E01011661,Leeds 035D,Leeds,33,837,3087.3
E01013954,Nottingham 021A,Nottingham,53,837,1594.2
E01008909,Birmingham 041D,Birmingham,124,836,940.9
E01008911,Birmingham 049B,Birmingham,125,836,940.9
E01013486,Derby 018D,Derby,55,836,2259.5
E01005117,Manchester 048E,Manchester,32,835,4398.1
E01005389,Oldham 018C,Oldham,46,834,4935.8
E01009061,Birmingham 033E,Birmingham,114,833,949.4
E01033636,Birmingham 037F,Birmingham,115,833,949.4
E01033637,Birmingham 041G,Birmingham,117,833,949.4
E01033166,Derby 018F,Derby,54,832,2245.4
E01033167,Derby 018G,Derby,54,832,2245.4
E01007463,Barnsley 021F,Barnsley,37,831,4247.5
E01033649,Birmingham 058F,Birmingham,112,831,1350.3
E01009153,Birmingham 053C,Birmingham,110,830,926.8
E01027533,Northumberland 013A,Northumberland,42,830,4414.4
E01013942,Nottingham 016D,Nottingham,51,828,1565.5
E01005265,Manchester 044D,Manchester,38,827,4456.6
E01009143,Birmingham 136A,Birmingham,111,827,935.6
E01009491,Birmingham 051E,Birmingham,108,826,1348.7
E01013920,Nottingham 029C,Nottingham,51,826,1579.9
E01009355,Birmingham 039E,Birmingham,120,823,948.6
E01010711,Bradford 011A,Bradford,41,822,3359.2
E01010713,Bradford 011B,Bradford,41,822,3359.2
E01027416,Northumberland 022C,Northumberland,37,822,4547.9
E01032557,Oldham 026F,Oldham,48,822,4295.0
E01012273,Stockton-on-Tees 008E,Stockton-on-Tees,44,820,3293.4
E01013919,Nottingham 029B,Nottingham,49,820,1578.4
E01007892,Sheffield 003B,Sheffield,29,819,6537.0
E01011029,Kirklees 010B,Kirklees,49,819,3405.2
E01010718,Bradford 012C,Bradford,39,818,3751.5
E01013960,Nottingham 021C,Nottingham,52,818,1416.5
E01033411,Nottingham 023I,Nottingham,52,818,1416.5
E01011720,Leeds 029E,Leeds,31,817,3169.1
E01014250,Stoke-on-Trent 009B,Stoke-on-Trent,69,817,1550.3
E01027424,Northumberland 022D,Northumberland,41,814,4262.0
E01005430,Oldham 022E,Oldham,49,812,3513.5
E01006556,Liverpool 039B,Liverpool,22,812,5062.3
E01013947,Nottingham 026D,Nottingham,51,811,1948.8
E01009358,Birmingham 047B,Birmingham,121,810,932.1
E01033647,Birmingham 058E,Birmingham,112,810,1347.8
E01009345,Birmingham 053D,Birmingham,112,809,921.1
E01013940,Nottingham 016C,Nottingham,50,809,1387.8
E01013958,Nottingham 023C,Nottingham,50,809,1387.8
E01013959,Nottingham 021B,Nottingham,50,809,1387.8
E01005353,Oldham 016D,Oldham,50,808,2482.0
E01009047,Birmingham 040C,Birmingham,115,807,923.3
E01020671,County Durham 009D,County Durham,42,806,2413.0
E01012382,Halton 010B,Halton,30,805,3940.9
E01011059,Kirklees 002F,Kirklees,43,803,2713.0
E01005198,Manchester 023D,Manchester,64,802,2547.8
E01005320,Oldham 024A,Oldham,49,799,2589.9
E01009332,Birmingham 139E,Birmingham,107,799,1199.5
E01005459,Oldham 024D,Oldham,47,798,2555.1
E01008907,Birmingham 040B,Birmingham,119,798,919.8
E01011032,Kirklees 010C,Kirklees,50,798,3417.0
E01020898,County Durham 045F,County Durham,29,798,5026.8
E01005434,Oldham 024B,Oldham,47,797,2609.8
E01012650,Blackburn with Darwen 015D,Blackburn with Darwen,38,797,1632.8
E01025445,South Ribble 017A,South Ribble,25,797,3845.6
E01005112,Manchester 048D,Manchester,33,795,4041.6
E01012092,Middlesbrough 001D,Middlesbrough,46,795,3339.5
E01009400,Birmingham 031E,Birmingham,90,794,1282.9
E01011378,Leeds 013C,Leeds,44,794,2710.4
E01013921,Nottingham 029D,Nottingham,47,793,1558.4
E01019295,Copeland 005D,Copeland,24,793,5185.2
E01009062,Birmingham 040E,Birmingham,115,792,916.0
E01009343,Birmingham 063E,Birmingham,109,791,1310.6
E01012068,Middlesbrough 001A,Middlesbrough,41,791,3336.8
E01007416,Barnsley 018D,Barnsley,40,790,4315.0
E01009197,Birmingham 058C,Birmingham,108,790,1303.7
E01005070,Manchester 051B,Manchester,25,789,4672.9
E01033226,Preston 017H,Preston,60,789,2933.8
E01009051,Birmingham 033A,Birmingham,101,788,939.9
E01013871,Nottingham 040B,Nottingham,41,788,2034.2
E01025293,Preston 015C,Preston,62,788,2951.0
E01027392,Northumberland 022A,Northumberland,38,788,4234.9
E01033640,Birmingham 134E,Birmingham,114,788,954.8
E01009488,Birmingham 051C,Birmingham,108,787,1297.4
E01011036,Kirklees 012C,Kirklees,49,787,3387.0
E01020819,County Durham 047C,County Durham,38,786,3406.6
E01005427,Oldham 022C,Oldham,50,785,2557.9
E01009476,Birmingham 055B,Birmingham,105,784,1308.3
E01009048,Birmingham 040D,Birmingham,112,783,916.5
E01009492,Birmingham 055E,Birmingham,105,783,1308.1
E01008037,Sheffield 065E,Sheffield,47,782,2977.8
E01008651,South Tyneside 004D,South Tyneside,47,782,3595.9
E01009195,Birmingham 058A,Birmingham,108,782,1291.9
E01025385,Rossendale 004D,Rossendale,31,781,4395.5
E01028957,Shropshire 015D,Shropshire,44,781,2174.3
E01011030,Kirklees 006C,Kirklees,47,780,3051.8
E01014536,Bristol 043D,"Bristol, City of",98,779,1574.7
E01005077,Manchester 042A,Manchester,35,778,4705.5
E01012445,Halton 010E,Halton,28,778,4557.6
E01005290,Manchester 052A,Manchester,28,776,4312.2
E01012093,Middlesbrough 001E,Middlesbrough,43,776,3327.6
E01025295,Preston 014A,Preston,60,775,2917.6
E01033468,Middlesbrough 001G,Middlesbrough,40,774,3327.2
E01005082,Manchester 037A,Manchester,44,773,4277.1
E01005287,Manchester 026E,Manchester,76,773,3252.1
E01013487,Derby 018E,Derby,52,773,2117.9
E01013591,Derby 026F,Derby,52,772,2081.9
E01005429,Oldham 022D,Oldham,48,771,2541.6
E01006215,Wigan 024B,Wigan,53,767,3186.3
E01012422,Halton 004E,Halton,27,767,3427.8
E01027518,Northumberland 020C,Northumberland,43,767,3807.0
E01007320,Barnsley 018C,Barnsley,40,766,3908.8
E01027519,Northumberland 020D,Northumberland,43,766,3806.1
E01012019,Middlesbrough 011B,Middlesbrough,42,764,3112.1
E01033469,Middlesbrough 006E,Middlesbrough,46,764,3112.1
E01006207,Trafford 022C,Trafford,25,763,4601.6
E01025283,Preston 009B,Preston,45,763,2839.8
E01009053,Birmingham 033B,Birmingham,100,762,897.4
E01025298,Preston 014D,Preston,54,762,2840.1
E01005074,Manchester 051C,Manchester,25,758,4465.2
E01007327,Barnsley 007E,Barnsley,38,757,3844.0
E01011163,Kirklees 011C,Kirklees,47,757,3175.0
E01012420,Halton 004D,Halton,27,757,3384.7
E01007338,Barnsley 017A,Barnsley,36,756,4413.8
E01007339,Barnsley 017B,Barnsley,36,756,4413.8
E01009328,Birmingham 139C,Birmingham,103,756,1443.3
E01005349,Oldham 016A,Oldham,48,755,2373.1
E01007227,Wirral 012D,Wirral,35,755,2483.9
E01007228,Wirral 012E,Wirral,35,755,2483.9
E01007413,Barnsley 017C,Barnsley,36,755,4276.0
E01009352,Birmingham 039C,Birmingham,107,755,807.6
E01012020,Middlesbrough 011C,Middlesbrough,43,755,3242.1
E01012408,Halton 013F,Halton,30,755,3770.6
E01007207,Wirral 009C,Wirral,35,754,2483.9
E01007209,Wirral 009D,Wirral,34,754,2483.9
E01009056,Birmingham 032B,Birmingham,101,753,965.4
E01009057,Birmingham 035D,Birmingham,100,753,965.4
E01007406,Barnsley 009E,Barnsley,40,752,3880.8
E01012283,Stockton-on-Tees 020B,Stockton-on-Tees,48,752,2829.3
E01025046,Hyndburn 005C,Hyndburn,29,751,2327.8
E01009059,Birmingham 035E,Birmingham,102,750,902.4
E01033621,Birmingham 035G,Birmingham,101,750,902.4
E01005085,Manchester 049A,Manchester,28,748,4326.7
E01009401,Birmingham 031F,Birmingham,91,748,1194.5
E01012027,Middlesbrough 006B,Middlesbrough,43,748,3094.5
E01007253,Wirral 030C,Wirral,22,746,4863.6
E01012094,Middlesbrough 001F,Middlesbrough,42,746,3092.2
E01005291,Manchester 050E,Manchester,27,745,4931.0
E01009359,Birmingham 047C,Birmingham,113,745,714.4
E01024925,Chorley 009A,Chorley,31,745,2782.4
E01033639,Birmingham 136D,Birmingham,108,745,894.8
E01009353,Birmingham 039D,Birmingham,106,744,796.5
E01009360,Birmingham 047D,Birmingham,113,742,713.7
E01027393,Northumberland 022B,Northumberland,36,742,4050.3
E01009125,Birmingham 022C,Birmingham,79,739,1122.7
E01013590,Derby 026E,Derby,50,739,2043.3
E01012021,Middlesbrough 011D,Middlesbrough,40,738,3219.1
E01012250,Stockton-on-Tees 009E,Stockton-on-Tees,44,738,2742.9
E01032542,Stockton-on-Tees 009F,Stockton-on-Tees,44,738,2742.9
E01007303,Wirral 025D,Wirral,33,737,2467.0
E01013566,Derby 016E,Derby,52,737,1875.4
E01019463,Amber Valley 008F,Amber Valley,52,737,3448.8
E01019799,North East Derbyshire 009C,North East Derbyshire,22,737,5240.2
E01009478,Birmingham 048A,Birmingham,93,736,1286.2
E01009486,Birmingham 044E,Birmingham,91,736,1286.2
E01013810,Nottingham 018A,Nottingham,48,736,2041.5
E01025447,South Ribble 017B,South Ribble,24,736,3474.9
E01012018,Middlesbrough 011A,Middlesbrough,43,735,3027.1
E01014703,Bristol 049B,"Bristol, City of",84,735,1579.6
E01005289,Manchester 049D,Manchester,27,733,4152.3
E01008022,Sheffield 065C,Sheffield,44,733,2839.0
E01008996,Birmingham 074C,Birmingham,108,733,891.0
E01013456,Derby 013C,Derby,52,733,1861.4
E01013485,Derby 016C,Derby,51,733,1861.4
E01006549,Liverpool 043B,Liverpool,21,731,5072.1
E01005091,Manchester 050D,Manchester,26,730,4159.7
E01007370,Barnsley 022B,Barnsley,40,730,3206.0
E01011721,Leeds 041A,Leeds,28,730,3012.6
E01013568,Derby 020C,Derby,52,730,1981.0
E01011756,Wakefield 002C,Wakefield,30,729,3463.7
E01012249,Stockton-on-Tees 008B,Stockton-on-Tees,43,729,2738.1
E01006056,Tameside 003A,Tameside,51,728,3914.0
E01014273,Stoke-on-Trent 021A,Stoke-on-Trent,79,728,1117.4
E01032543,Stockton-on-Tees 009G,Stockton-on-Tees,43,726,2683.2
E01011491,Leeds 101A,Leeds,34,725,2062.0
E01011497,Leeds 101E,Leeds,34,725,2062.0
E01033763,Liverpool 031G,Liverpool,22,725,3774.0
E01009480,Birmingham 044C,Birmingham,89,723,1248.3
E01019452,Amber Valley 017C,Amber Valley,47,723,2607.9
E01009329,Birmingham 070A,Birmingham,103,719,1146.4
E01012419,Halton 004C,Halton,27,719,3337.2
E01013479,Derby 013F,Derby,52,719,1817.6
E01019527,Chesterfield 003A,Chesterfield,36,718,5022.2
E01019568,Chesterfield 002E,Chesterfield,32,718,5044.2
E01011816,Wakefield 016D,Wakefield,29,717,3665.2
E01005315,Manchester 053C,Manchester,24,716,3260.1
E01007410,Barnsley 010E,Barnsley,40,716,3462.5
E01009361,Birmingham 047E,Birmingham,104,716,634.1
E01013480,Derby 016A,Derby,51,716,1808.8
E01013481,Derby 018A,Derby,50,716,1808.8
E01013484,Derby 018C,Derby,50,716,1808.8
E01007411,Barnsley 007F,Barnsley,36,715,3150.8
E01009350,Birmingham 039B,Birmingham,96,715,736.7
E01012409,Halton 015C,Halton,29,715,3546.9
E01007325,Barnsley 007C,Barnsley,35,714,3213.0
E01005086,Manchester 049B,Manchester,26,713,4259.9
E01009275,Birmingham 039A,Birmingham,89,713,712.6
E01027415,Northumberland 023B,Northumberland,33,713,3976.1
E01027431,Northumberland 023C,Northumberland,33,713,3976.1
E01007402,Barnsley 011B,Barnsley,42,712,3508.0
E01027422,Northumberland 024B,Northumberland,34,712,4010.2
E01009366,Birmingham 084A,Birmingham,103,711,933.8
E01019808,North East Derbyshire 009E,North East Derbyshire,23,711,4996.3
E01007318,Barnsley 018B,Barnsley,37,710,4063.0
E01009363,Birmingham 071B,Birmingham,104,710,1102.1
E01009380,Birmingham 070E,Birmingham,105,710,1102.1
E01009327,Birmingham 139B,Birmingham,103,708,1233.4
E01024929,Chorley 006A,Chorley,29,707,2157.6
E01008400,Newcastle upon Tyne 014A,Newcastle upon Tyne,47,704,1573.4
E01012407,Halton 015B,Halton,28,704,3544.7
E01020885,County Durham 058B,County Durham,44,704,3555.0
E01008223,Gateshead 025B,Gateshead,51,703,1730.5
E01019646,Erewash 001B,Erewash,36,703,2882.0
E01012381,Halton 010A,Halton,28,701,3557.6
E01033635,Birmingham 039H,Birmingham,92,701,712.8
E01009325,Birmingham 063A,Birmingham,101,700,1245.8
E01011723,Leeds 041C,Leeds,28,700,2963.8
E01005348,Oldham 014A,Oldham,43,699,2241.6
E01027429,Northumberland 024D,Northumberland,33,698,4110.9
E01013841,Nottingham 012E,Nottingham,48,697,1547.7
E01019566,Chesterfield 002D,Chesterfield,28,697,4947.8
E01009362,Birmingham 071A,Birmingham,107,696,877.0
E01009413,Birmingham 030D,Birmingham,88,696,1151.4
E01014218,Stoke-on-Trent 014A,Stoke-on-Trent,65,696,1157.9
E01024875,Burnley 003B,Burnley,32,696,2060.8
E01005075,Manchester 051D,Manchester,22,695,4301.0
E01014706,Bristol 049E,"Bristol, City of",71,695,2018.3
E01005088,Manchester 050B,Manchester,24,691,3958.5
E01007901,Sheffield 003G,Sheffield,31,691,4580.5
E01005448,Oldham 012A,Oldham,46,690,3207.1
E01007578,Doncaster 030B,Doncaster,41,690,3523.6
E01014313,Stoke-on-Trent 027D,Stoke-on-Trent,68,690,1547.0
E01005350,Oldham 014B,Oldham,43,689,2232.7
E01006746,Liverpool 030E,Liverpool,22,689,3641.9
E01013472,Derby 026A,Derby,46,688,1832.5
E01006648,Liverpool 023D,Liverpool,23,687,3629.1
E01011494,Leeds 101D,Leeds,32,687,1964.5
E01014584,Bristol 045E,"Bristol, City of",96,687,1211.8
E01033645,Birmingham 088E,Birmingham,93,687,952.0
E01012058,Middlesbrough 002A,Middlesbrough,38,686,2932.7
E01012059,Middlesbrough 002B,Middlesbrough,38,686,2932.7
E01008081,Sheffield 070A,Sheffield,42,685,2769.4
E01032920,Oldham 011E,Oldham,41,685,2890.8
E01005087,Manchester 050A,Manchester,24,684,4213.8
E01006646,Liverpool 023C,Liverpool,22,684,3622.8
E01013844,Nottingham 017B,Nottingham,47,683,1541.3
E01008777,Sunderland 026C,Sunderland,38,682,2183.0
E01008998,Birmingham 031A,Birmingham,81,682,1171.3
E01009334,Birmingham 070B,Birmingham,102,682,1101.6
E01024953,Chorley 001C,Chorley,22,682,2786.2
E01005090,Manchester 050C,Manchester,25,680,3590.5
E01009152,Birmingham 053B,Birmingham,101,680,757.6
E01014221,Stoke-on-Trent 017B,Stoke-on-Trent,65,680,1127.7
E01013567,Derby 020B,Derby,50,679,1709.8
E01013948,Nottingham 026E,Nottingham,46,678,1819.3
E01009412,Birmingham 030C,Birmingham,81,677,1135.6
E01014213,Stoke-on-Trent 012D,Stoke-on-Trent,61,677,1285.3
E01006691,Liverpool 030A,Liverpool,21,675,3616.8
E01012083,Middlesbrough 010B,Middlesbrough,37,675,2983.8
E01019663,Erewash 001C,Erewash,39,675,2786.5
E01007577,Doncaster 031F,Doncaster,43,674,3462.1
E01009335,Birmingham 139G,Birmingham,100,674,1114.0
E01012050,Middlesbrough 014B,Middlesbrough,39,674,2874.1
E01009326,Birmingham 066D,Birmingham,100,673,1216.4
E01008898,Birmingham 066C,Birmingham,87,672,1221.0
E01013811,Nottingham 018B,Nottingham,45,672,1806.8
E01013812,Nottingham 018C,Nottingham,45,672,1806.8
E01027426,Northumberland 025B,Northumberland,33,672,3583.5
E01033646,Birmingham 031I,Birmingham,79,672,1135.3
E01007574,Doncaster 031D,Doncaster,41,670,3415.3
E01008882,Birmingham 066A,Birmingham,88,670,1188.2
E01009104,Birmingham 028E,Birmingham,75,669,1170.1
E01025236,Preston 009A,Preston,47,668,2627.3
E01006776,Liverpool 022B,Liverpool,24,667,3567.5
E01012074,Middlesbrough 004A,Middlesbrough,37,667,2828.6
E01012077,Middlesbrough 004D,Middlesbrough,37,667,2828.6
E01007204,Wirral 009A,Wirral,30,666,2256.5
E01014647,Bristol 044D,"Bristol, City of",92,665,1207.8
E01008457,Newcastle upon Tyne 004C,Newcastle upon Tyne,50,664,1636.4
E01008995,Birmingham 134A,Birmingham,105,663,845.4
E01020909,County Durham 058E,County Durham,42,663,3803.2
E01007007,Sefton 037B,Sefton,25,661,2464.0
E01013573,Derby 023D,Derby,47,660,1828.0
E01006696,Liverpool 030C,Liverpool,20,658,3612.6
E01007726,Rotherham 019F,Rotherham,25,658,3758.2
E01020592,County Durham 011A,County Durham,53,657,2601.1
E01025287,Preston 009F,Preston,41,656,2529.5
E01027427,Northumberland 025C,Northumberland,34,656,3578.5
E01006558,Liverpool 018B,Liverpool,24,655,3711.3
E01006694,Liverpool 030B,Liverpool,20,655,3597.2
E01014266,Stoke-on-Trent 008B,Stoke-on-Trent,52,655,1362.6
E01008084,Sheffield 070D,Sheffield,37,654,2662.2
E01006647,Liverpool 024C,Liverpool,21,653,3593.4
E01008082,Sheffield 070B,Sheffield,40,653,2535.2
E01009410,Birmingham 026D,Birmingham,76,653,1073.6
E01011493,Leeds 101C,Leeds,32,653,1522.5
E01007573,Doncaster 031C,Doncaster,40,652,3370.6
E01006703,Liverpool 014D,Liverpool,23,651,3706.2
E01013584,Derby 029A,Derby,44,651,2433.0
E01012453,Warrington 013A,Warrington,38,649,3218.6
E01013846,Nottingham 018E,Nottingham,47,648,1342.6
E01009272,Birmingham 036B,Birmingham,72,647,695.8
E01009341,Birmingham 066E,Birmingham,97,647,1178.8
E01009374,Birmingham 084B,Birmingham,100,647,882.6
E01009376,Birmingham 084C,Birmingham,91,647,924.8
E01005433,Oldham 014D,Oldham,40,646,2193.6
E01008841,Sunderland 003F,Sunderland,44,645,1904.3
E01009079,Birmingham 038A,Birmingham,64,645,1359.5
E01009274,Birmingham 036C,Birmingham,80,645,686.3
E01009475,Birmingham 055A,Birmingham,99,645,1177.8
E01020807,County Durham 049B,County Durham,36,645,1848.0
E01009349,Birmingham 036D,Birmingham,79,644,685.3
E01009000,Birmingham 031C,Birmingham,77,643,1086.6
E01009270,Birmingham 034C,Birmingham,86,642,665.2
E01009337,Birmingham 070C,Birmingham,100,641,1062.6
E01016032,Medway 010B,Medway,71,640,1320.1
E01005428,Oldham 019A,Oldham,45,639,2196.2
E01009375,Birmingham 083B,Birmingham,98,639,861.5
E01013583,Derby 026D,Derby,44,639,1729.6
E01006690,Liverpool 028A,Liverpool,19,638,3567.7
E01020727,County Durham 027C,County Durham,59,638,2765.2
E01008827,Sunderland 023E,Sunderland,34,637,2129.5
E01006560,Liverpool 023A,Liverpool,23,636,3538.2
E01006779,Liverpool 022D,Liverpool,23,636,3538.2
E01008838,Sunderland 003C,Sunderland,47,636,1664.6
E01009354,Birmingham 036F,Birmingham,79,636,661.3
E01024877,Burnley 003D,Burnley,27,636,1960.2
E01024878,Burnley 003E,Burnley,27,636,1960.2
E01033764,Liverpool 022E,Liverpool,23,636,3538.2
E01009342,Birmingham 063D,Birmingham,97,635,1150.3
E01009351,Birmingham 036E,Birmingham,78,635,660.3
E01013896,Nottingham 034B,Nottingham,33,634,1905.0
E01006702,Liverpool 014C,Liverpool,22,633,3538.0
E01006778,Liverpool 014E,Liverpool,22,633,3538.0
E01011492,Leeds 101B,Leeds,31,633,1904.0
E01025423,South Ribble 015B,South Ribble,24,633,1532.1
E01009269,Birmingham 034B,Birmingham,76,632,667.4
E01006697,Liverpool 030D,Liverpool,18,631,3563.2
E01009367,Birmingham 083A,Birmingham,99,631,865.1
E01009365,Birmingham 071D,Birmingham,102,630,981.5
E01014246,Stoke-on-Trent 008A,Stoke-on-Trent,50,630,1345.0
E01033747,Liverpool 018F,Liverpool,23,630,3539.6
E01014210,Stoke-on-Trent 012A,Stoke-on-Trent,52,629,1269.0
E01006695,Liverpool 028C,Liverpool,18,628,3547.8
E01007575,Doncaster 030A,Doncaster,34,626,3288.8
E01008839,Sunderland 003D,Sunderland,43,625,1845.8
E01014212,Stoke-on-Trent 012C,Stoke-on-Trent,56,625,1113.8
E01008829,Sunderland 023G,Sunderland,34,624,2099.1
E01012075,Middlesbrough 004B,Middlesbrough,35,624,2891.9
E01027545,Northumberland 010D,Northumberland,35,623,3050.1
E01007257,Wirral 025C,Wirral,30,622,2297.6
E01009338,Birmingham 070D,Birmingham,96,622,999.5
E01014608,Bristol 047B,"Bristol, City of",86,621,939.2
E01005089,Manchester 049C,Manchester,24,620,3897.9
E01013496,Derby 028A,Derby,28,620,1925.3
E01006547,Liverpool 019C,Liverpool,20,619,3638.2
E01006701,Liverpool 014B,Liverpool,21,619,3477.9
E01008793,Sunderland 030A,Sunderland,54,619,2294.3
E01006562,Liverpool 018E,Liverpool,21,618,3530.3
E01006563,Liverpool 024B,Liverpool,21,618,3530.3
E01008837,Sunderland 003B,Sunderland,44,617,1629.9
E01006693,Liverpool 024D,Liverpool,20,616,3529.0
E01008821,Sunderland 004D,Sunderland,44,616,1947.3
E01012076,Middlesbrough 004C,Middlesbrough,34,616,2732.2
E01009182,Birmingham 092A,Birmingham,85,615,875.1
E01006564,Liverpool 023B,Liverpool,20,614,3525.2
E01009102,Birmingham 028D,Birmingham,62,610,1311.4
E01013864,Nottingham 014A,Nottingham,37,609,2239.9
E01014222,Stoke-on-Trent 017C,Stoke-on-Trent,60,609,1043.6
E01007369,Barnsley 022A,Barnsley,37,608,2397.8
E01009368,Birmingham 077A,Birmingham,97,608,845.1
E01024876,Burnley 003C,Burnley,26,608,1908.5
E01012455,Warrington 013C,Warrington,33,607,3402.4
E01012483,Warrington 018C,Warrington,33,607,3402.4
E01014224,Stoke-on-Trent 017E,Stoke-on-Trent,60,607,1020.7
E01009013,Birmingham 031D,Birmingham,67,605,1073.8
E01011764,Wakefield 004E,Wakefield,26,605,2970.4
E01014269,Stoke-on-Trent 010A,Stoke-on-Trent,48,604,1315.8
E01007919,Sheffield 069C,Sheffield,31,603,2512.9
E01019301,Copeland 005F,Copeland,19,603,3528.2
E01033648,Birmingham 084F,Birmingham,82,602,880.1
E01008703,Sunderland 013B,Sunderland,32,601,1737.7
E01025068,Hyndburn 004G,Hyndburn,25,601,1972.1
E01009377,Birmingham 083C,Birmingham,88,600,797.5
E01009477,Birmingham 055C,Birmingham,84,600,1168.3
E01007916,Sheffield 069B,Sheffield,34,599,2389.7
E01008083,Sheffield 070C,Sheffield,34,599,2389.7
E01008712,Sunderland 004A,Sunderland,44,599,1786.4
E01008817,Sunderland 004B,Sunderland,44,599,1786.4
E01020873,County Durham 051A,County Durham,41,599,2341.7
E01033075,Sunderland 005G,Sunderland,44,599,1786.4
E01006720,Liverpool 035A,Liverpool,18,598,4154.1
E01006816,St. Helens 017A,St. Helens,35,598,2618.3
E01005432,Oldham 014C,Oldham,37,597,2122.0
E01009007,Birmingham 023D,Birmingham,64,597,1060.2
E01009399,Birmingham 083E,Birmingham,85,597,795.6
E01012444,Halton 010D,Halton,24,597,3518.9
E01014220,Stoke-on-Trent 017A,Stoke-on-Trent,57,597,1000.0
E01006817,St. Helens 017B,St. Helens,34,596,2617.9
E01006820,St. Helens 011B,St. Helens,34,596,2617.9
E01009383,Birmingham 083D,Birmingham,79,596,856.2
E01009124,Birmingham 022B,Birmingham,72,595,717.7
E01006865,St. Helens 013C,St. Helens,34,594,2377.1
E01014229,Stoke-on-Trent 017F,Stoke-on-Trent,60,594,993.0
E01014244,Stoke-on-Trent 006D,Stoke-on-Trent,44,594,1250.9
E01014237,Stoke-on-Trent 032C,Stoke-on-Trent,63,593,1406.7
E01008828,Sunderland 023F,Sunderland,33,591,1893.3
E01020907,County Durham 058C,County Durham,41,590,3345.5
E01025049,Hyndburn 002E,Hyndburn,22,590,1879.0
E01033650,Birmingham 077F,Birmingham,92,590,967.5
E01012526,Warrington 006A,Warrington,36,589,3079.5
E01008932,Birmingham 111A,Birmingham,54,588,851.2
E01009147,Birmingham 060E,Birmingham,81,586,757.2
E01009490,Birmingham 055D,Birmingham,84,586,1130.2
E01012466,Warrington 005D,Warrington,21,586,3100.0
E01014582,Bristol 045D,"Bristol, City of",89,586,1145.5
E01009384,Birmingham 092E,Birmingham,80,584,864.3
E01014583,Bristol 044B,"Bristol, City of",88,584,1147.0
E01014585,Bristol 044C,"Bristol, City of",89,584,1147.0
E01029554,Newcastle-under-Lyme 010B,Newcastle-under-Lyme,60,584,823.0
E01006548,Liverpool 019D,Liverpool,19,581,3412.5
E01025238,Preston 007D,Preston,45,581,2400.4
E01015255,Torbay 008B,Torbay,28,580,3153.6
E01008730,Sunderland 021B,Sunderland,34,579,1810.5
E01009397,Birmingham 077E,Birmingham,89,579,830.9
E01009406,Birmingham 020D,Birmingham,62,579,982.6
E01009382,Birmingham 140C,Birmingham,75,578,788.6
E01009408,Birmingham 026B,Birmingham,64,578,973.9
E01007543,Doncaster 032C,Doncaster,31,576,2930.6
E01008709,Sunderland 005B,Sunderland,35,576,1752.0
E01024882,Burnley 006B,Burnley,23,576,1935.4
E01008884,Birmingham 078B,Birmingham,84,574,829.8
E01012646,Blackburn with Darwen 015B,Blackburn with Darwen,30,574,1133.5
E01019280,Copeland 002B,Copeland,20,574,2956.1
E01033632,Birmingham 023F,Birmingham,55,574,1029.4
E01006871,St. Helens 011D,St. Helens,31,573,2417.2
E01005313,Manchester 053A,Manchester,23,572,2205.9
E01008800,Sunderland 030D,Sunderland,54,572,2377.0
E01025186,Pendle 013B,Pendle,29,572,2263.4
E01008896,Birmingham 066B,Birmingham,76,571,1132.2
E01009373,Birmingham 082B,Birmingham,89,571,831.6
E01013865,Nottingham 014B,Nottingham,36,570,2166.9
E01009371,Birmingham 077D,Birmingham,85,568,814.5
E01009372,Birmingham 082A,Birmingham,87,568,834.8
E01009339,Birmingham 140A,Birmingham,86,567,841.4
E01006863,St. Helens 013A,St. Helens,30,566,2421.4
E01007544,Doncaster 032D,Doncaster,30,566,2890.3
E01025185,Pendle 013A,Pendle,28,566,2254.4
E01025188,Pendle 010A,Pendle,27,566,2254.4
E01025189,Pendle 010B,Pendle,27,566,2254.4
E01025215,Pendle 013F,Pendle,28,566,2254.4
E01025224,Pendle 011A,Pendle,27,566,2254.4
E01025229,Pendle 011C,Pendle,27,566,2254.4
E01025230,Pendle 011D,Pendle,27,566,2254.4
E01029566,Newcastle-under-Lyme 010C,Newcastle-under-Lyme,54,566,820.2
E01009002,Birmingham 023A,Birmingham,52,564,972.7
E01014581,Bristol 045C,"Bristol, City of",85,564,1134.7
E01018767,Cornwall 017A,Cornwall,15,563,5810.6
E01027966,Ashfield 003A,Ashfield,39,563,3110.6
E01014306,Stoke-on-Trent 029B,Stoke-on-Trent,59,562,1372.0
E01020880,County Durham 055D,County Durham,38,562,2251.9
E01024907,Burnley 010D,Burnley,23,562,1809.2
E01024909,Burnley 010F,Burnley,23,562,1809.2
E01011838,Wakefield 015C,Wakefield,23,561,1810.0
E01005422,Oldham 011B,Oldham,36,560,2406.4
E01007542,Doncaster 032B,Doncaster,29,560,2731.1
E01009404,Birmingham 020B,Birmingham,49,559,970.9
E01005319,Manchester 051E,Manchester,21,558,2145.7
E01009513,Birmingham 066F,Birmingham,76,558,1094.3
E01010063,Sandwell 026D,Sandwell,73,558,524.2
E01025067,Hyndburn 004F,Hyndburn,24,558,1791.8
E01025482,West Lancashire 010D,West Lancashire,15,558,1667.1
E01008762,Sunderland 012B,Sunderland,34,557,1786.3
E01027974,Ashfield 005D,Ashfield,39,557,3037.1
E01027976,Ashfield 005E,Ashfield,39,557,3037.1
E01015261,Torbay 008D,Torbay,27,556,2952.3
E01005068,Manchester 051A,Manchester,20,555,2127.2
E01008729,Sunderland 021A,Sunderland,33,555,1600.7
E01008733,Sunderland 021E,Sunderland,33,555,1600.7
E01025527,West Lancashire 013B,West Lancashire,14,555,1651.9
E01014211,Stoke-on-Trent 012B,Stoke-on-Trent,45,554,1215.2
E01016033,Medway 009A,Medway,67,552,1004.5
E01025041,Hyndburn 006A,Hyndburn,24,552,1724.4
E01025045,Hyndburn 005B,Hyndburn,24,552,1724.4
E01006821,St. Helens 011C,St. Helens,31,551,2480.1
E01008836,Sunderland 016F,Sunderland,30,551,1565.1
E01020757,County Durham 032C,County Durham,29,551,2772.6
E01012245,Stockton-on-Tees 003F,Stockton-on-Tees,23,550,1927.3
E01027527,Northumberland 012D,Northumberland,35,550,2443.6
E01008735,Sunderland 016B,Sunderland,29,549,1664.6
E01006844,St. Helens 020A,St. Helens,29,548,2156.1
E01033231,Hyndburn 006H,Hyndburn,23,548,1708.1
E01008773,Sunderland 026A,Sunderland,36,546,1602.1
E01014217,Stoke-on-Trent 012E,Stoke-on-Trent,42,546,1211.6
E01033643,Birmingham 082F,Birmingham,78,546,804.1
E01012520,Warrington 011C,Warrington,33,545,2905.3
E01025184,Pendle 009D,Pendle,27,544,2068.6
E01007539,Doncaster 035C,Doncaster,28,543,2588.8
E01025396,Rossendale 002E,Rossendale,26,543,2594.9
E01033076,Sunderland 012F,Sunderland,31,543,1768.0
E01009396,Birmingham 082D,Birmingham,79,542,802.5
E01011747,Wakefield 003C,Wakefield,24,542,2314.5
E01011750,Wakefield 003D,Wakefield,24,542,2314.5
E01024908,Burnley 010E,Burnley,22,542,1754.7
E01007376,Barnsley 022D,Barnsley,35,541,2132.0
E01024899,Burnley 010B,Burnley,25,541,1802.5
E01014223,Stoke-on-Trent 017D,Stoke-on-Trent,56,540,899.9
E01011742,Wakefield 001C,Wakefield,23,539,2295.5
E01016161,Medway 018B,Medway,56,539,885.9
E01005456,Oldham 012E,Oldham,36,538,2718.7
E01006875,St. Helens 017C,St. Helens,30,538,2385.9
E01013862,Nottingham 025C,Nottingham,29,538,2673.8
E01024872,Burnley 010A,Burnley,21,538,1788.2
E01025042,Hyndburn 006B,Hyndburn,23,538,1363.5
E01025082,Hyndburn 006E,Hyndburn,23,538,1363.5
E01025084,Hyndburn 006G,Hyndburn,23,538,1363.5
E01005317,Manchester 052E,Manchester,25,537,2039.7
E01027968,Ashfield 005C,Ashfield,37,536,2989.8
E01027546,Northumberland 010E,Northumberland,31,533,2660.4
E01009507,Birmingham 056B,Birmingham,70,532,1086.2
E01012439,Halton 015E,Halton,21,532,2874.3
E01014300,Stoke-on-Trent 022C,Stoke-on-Trent,58,532,587.7
E01027543,Northumberland 009C,Northumberland,25,532,2863.9
E01006873,St. Helens 014D,St. Helens,30,531,2243.4
E01006874,St. Helens 014E,St. Helens,30,531,2243.4
E01015260,Torbay 004D,Torbay,26,530,2930.9
E01025092,Lancaster 013B,Lancaster,22,530,2451.8
E01020758,County Durham 032D,County Durham,27,529,2609.5
E01027965,Ashfield 005B,Ashfield,36,529,2984.9
E01024910,Burnley 014C,Burnley,21,528,1769.2
E01006872,St. Helens 014C,St. Helens,29,527,2235.9
E01008887,Birmingham 078C,Birmingham,75,527,640.6
E01013860,Nottingham 025B,Nottingham,32,526,2153.0
E01008702,Sunderland 016A,Sunderland,27,525,1413.7
E01011745,Wakefield 001D,Wakefield,22,523,2262.8
E01011746,Wakefield 001E,Wakefield,22,523,2262.8
E01010062,Sandwell 026C,Sandwell,67,522,544.4
E01025389,Rossendale 010H,Rossendale,30,522,2756.7
E01025528,West Lancashire 013C,West Lancashire,13,520,1582.2
E01005314,Manchester 053B,Manchester,22,519,2083.5
E01012436,Halton 014C,Halton,20,518,2910.6
E01012437,Halton 015D,Halton,20,518,2910.6
E01024900,Burnley 010C,Burnley,21,518,1733.7
E01008966,Birmingham 107E,Birmingham,52,515,762.1
E01009026,Birmingham 090C,Birmingham,73,514,787.1
E01006957,Sefton 032C,Sefton,23,513,1622.8
E01013839,Nottingham 012C,Nottingham,39,513,1137.0
E01025083,Hyndburn 006F,Hyndburn,23,513,1196.1
E01008736,Sunderland 016C,Sunderland,25,511,1371.0
E01008737,Sunderland 016D,Sunderland,25,511,1371.0
E01008738,Sunderland 016E,Sunderland,25,511,1371.0
E01014331,Stoke-on-Trent 004A,Stoke-on-Trent,35,511,1163.3
E01006754,Liverpool 059B,Liverpool,18,509,2525.9
E01019231,Carlisle 009D,Carlisle,23,509,2942.9
E01007668,Rotherham 030B,Rotherham,34,508,1881.2
E01009083,Birmingham 038D,Birmingham,59,508,1243.1
E01019668,Erewash 007C,Erewash,27,508,2381.3
E01011540,Leeds 102B,Leeds,24,507,1290.5
E01020841,County Durham 059F,County Durham,33,507,2031.8
E01027956,Ashfield 008C,Ashfield,36,507,2044.9
E01006847,St. Helens 020C,St. Helens,28,506,1982.3
E01009028,Birmingham 090D,Birmingham,71,506,756.2
E01015257,Torbay 004A,Torbay,22,506,3196.3
E01025181,Pendle 009A,Pendle,24,506,1633.8
E01025183,Pendle 009C,Pendle,24,506,1633.8
E01009081,Birmingham 038C,Birmingham,59,505,1222.2
E01018317,Cheshire West and Chester 031E,Cheshire West and Chester,31,505,1189.8
E01020839,County Durham 059D,County Durham,33,505,2030.9
E01009092,Birmingham 054A,Birmingham,65,504,1209.3
E01018310,Cheshire West and Chester 029B,Cheshire West and Chester,30,504,1189.5
E01018311,Cheshire West and Chester 029C,Cheshire West and Chester,29,504,1189.5
E01020759,County Durham 032E,County Durham,28,504,2214.2
E01008731,Sunderland 021C,Sunderland,30,503,1734.2
E01033470,Redcar and Cleveland 022G,Redcar and Cleveland,29,503,2296.8
E01020777,County Durham 037C,County Durham,28,502,2515.0
E01025493,West Lancashire 014A,West Lancashire,12,502,1549.4
E01027539,Northumberland 010C,Northumberland,30,502,2363.3
E01008823,Sunderland 023A,Sunderland,32,501,1519.9
E01008824,Sunderland 023B,Sunderland,32,501,1519.9
E01012170,Redcar and Cleveland 022D,Redcar and Cleveland,28,501,2295.1
E01012537,Warrington 006D,Warrington,34,500,2293.9
E01013833,Nottingham 009E,Nottingham,39,498,1051.3
E01008867,Sunderland 020A,Sunderland,48,497,1667.0
E01009094,Birmingham 054C,Birmingham,60,497,1201.9
E01018351,Cheshire West and Chester 044A,Cheshire West and Chester,28,497,1161.0
E01006812,St. Helens 008C,St. Helens,29,496,2212.1
E01011740,Wakefield 001A,Wakefield,21,496,2035.2
E01006611,Liverpool 012A,Liverpool,20,495,2152.7
E01006615,Liverpool 012C,Liverpool,20,495,2152.7
E01012090,Middlesbrough 007E,Middlesbrough,33,495,2212.1
E01025036,Hyndburn 008B,Hyndburn,22,495,1273.5
E01008935,Birmingham 111B,Birmingham,44,494,753.9
E01020745,County Durham 032A,County Durham,26,494,2955.5
E01007378,Barnsley 014F,Barnsley,22,493,2561.2
E01012085,Middlesbrough 010D,Middlesbrough,31,492,2021.4
E01019112,Allerdale 009B,Allerdale,10,492,4198.9
E01006699,Liverpool 014A,Liverpool,19,491,2147.7
E01006700,Liverpool 012E,Liverpool,19,491,2147.7
E01024856,Burnley 003A,Burnley,26,491,1752.3
E01024895,Burnley 003F,Burnley,26,491,1752.3
E01024898,Burnley 002D,Burnley,28,491,1752.3
E01014238,Stoke-on-Trent 032D,Stoke-on-Trent,49,490,1315.1
E01006961,Sefton 038B,Sefton,19,489,2147.5
E01007010,Sefton 037E,Sefton,21,489,1998.1
E01009510,Birmingham 056E,Birmingham,63,488,1032.6
E01014336,Stoke-on-Trent 004D,Stoke-on-Trent,32,488,1154.5
E01025182,Pendle 009B,Pendle,26,488,1984.6
E01025217,Pendle 010D,Pendle,26,488,1984.6
E01025218,Pendle 010E,Pendle,26,488,1984.6
E01025219,Pendle 010F,Pendle,26,488,1984.6
E01006698,Liverpool 012D,Liverpool,18,487,2146.9
E01007009,Sefton 037D,Sefton,20,485,1997.2
E01007377,Barnsley 014E,Barnsley,20,485,2382.5
E01015256,Torbay 008C,Torbay,25,484,2472.5
E01024885,Burnley 004C,Burnley,20,484,1826.6
E01024886,Burnley 004D,Burnley,20,484,1826.6
E01012508,Warrington 020E,Warrington,28,483,3030.4
E01006542,Liverpool 018A,Liverpool,18,482,2142.7
E01010054,Sandwell 028A,Sandwell,59,479,581.4
E01006963,Sefton 038D,Sefton,19,475,1980.1
E01007019,Sefton 035A,Sefton,26,475,1755.4
E01012060,Middlesbrough 002C,Middlesbrough,32,475,1997.2
E01019110,Allerdale 010C,Allerdale,11,475,4110.9
E01006540,Liverpool 024A,Liverpool,17,474,2138.7
E01009080,Birmingham 038B,Birmingham,54,474,1198.2
E01010058,Sandwell 031E,Sandwell,61,474,587.3
E01006545,Liverpool 019A,Liverpool,17,473,2139.8
E01006546,Liverpool 019B,Liverpool,17,473,2139.8
E01009311,Birmingham 054E,Birmingham,54,470,1139.2
E01020764,County Durham 036A,County Durham,25,470,2423.8
E01013855,Nottingham 006C,Nottingham,33,469,954.4
E01013861,Nottingham 020B,Nottingham,31,469,1671.7
E01005447,Oldham 003D,Oldham,23,468,2187.4
E01010060,Sandwell 028E,Sandwell,59,467,576.3
E01012084,Middlesbrough 010C,Middlesbrough,31,467,1962.5
E01020790,County Durham 040C,County Durham,25,467,2052.8
E01009305,Birmingham 045C,Birmingham,53,466,1158.9
E01013691,Leicester 035C,Leicester,51,466,1772.5
E01013692,Leicester 035D,Leicester,50,466,1833.7
E01006426,Knowsley 020A,Knowsley,17,465,2560.1
E01007332,Barnsley 006C,Barnsley,29,464,2590.2
E01009309,Birmingham 045E,Birmingham,47,464,1216.9
E01018868,Cornwall 052D,Cornwall,10,464,4413.8
E01018870,Cornwall 055B,Cornwall,10,464,4413.8
E01011803,Wakefield 011A,Wakefield,17,463,1962.5
E01011811,Wakefield 011E,Wakefield,17,463,1962.5
E01027907,Selby 005C,Selby,12,462,3893.2
E01009093,Birmingham 054B,Birmingham,52,461,1140.3
E01014242,Stoke-on-Trent 006B,Stoke-on-Trent,34,461,1164.6
E01027540,Northumberland 013B,Northumberland,27,461,2189.0
E01008972,Birmingham 118A,Birmingham,35,458,751.2
E01013818,Nottingham 011B,Nottingham,30,458,1192.0
E01019193,Carlisle 009A,Carlisle,23,458,1554.8
E01011842,Wakefield 015E,Wakefield,16,457,1652.5
E01027978,Ashfield 004D,Ashfield,32,457,1946.4
E01008743,Sunderland 036A,Sunderland,44,456,1343.8
E01009103,Birmingham 029E,Birmingham,46,456,1153.5
E01009511,Birmingham 054F,Birmingham,51,456,969.7
E01012438,Halton 014D,Halton,17,455,2751.9
E01019245,Carlisle 011F,Carlisle,23,455,1780.8
E01008979,Birmingham 121C,Birmingham,29,454,744.9
E01006834,St. Helens 012B,St. Helens,24,453,1635.2
E01006964,Sefton 036A,Sefton,24,452,1559.5
E01007003,Sefton 036B,Sefton,25,452,1559.5
E01007006,Sefton 036C,Sefton,25,452,1559.5
E01007011,Sefton 034C,Sefton,25,452,1559.5
E01007012,Sefton 036D,Sefton,24,452,1559.5
E01007013,Sefton 036E,Sefton,24,452,1559.5
E01007017,Sefton 034E,Sefton,24,452,1559.5
E01007304,Wirral 025E,Wirral,25,452,1461.7
E01012061,Middlesbrough 002D,Middlesbrough,30,452,1965.5
E01012088,Middlesbrough 004E,Middlesbrough,30,452,1965.5
E01018875,Cornwall 053B,Cornwall,9,452,4410.4
E01018878,Cornwall 053E,Cornwall,9,452,4410.4
E01006952,Sefton 032A,Sefton,24,450,1559.2
E01007016,Sefton 034D,Sefton,23,450,1559.2
E01014302,Stoke-on-Trent 022D,Stoke-on-Trent,52,450,539.0
E01007004,Sefton 034A,Sefton,22,449,1556.1
E01007005,Sefton 034B,Sefton,22,449,1556.1
E01007008,Sefton 037C,Sefton,22,449,1556.1
E01006870,St. Helens 014B,St. Helens,26,448,1627.5
E01016031,Medway 012A,Medway,59,448,873.5
E01016049,Medway 012D,Medway,59,448,873.5
E01029247,South Somerset 013C,South Somerset,20,448,3472.1
E01013849,Nottingham 038A,Nottingham,31,446,950.0
E01013850,Nottingham 038B,Nottingham,31,446,950.0
E01019197,Carlisle 011A,Carlisle,26,446,1463.3
E01020765,County Durham 032F,County Durham,25,446,1889.3
E01009298,Birmingham 054D,Birmingham,45,445,1085.0
E01019121,Allerdale 009E,Allerdale,10,445,2165.8
E01018748,Cheshire West and Chester 035C,Cheshire West and Chester,25,444,1698.0
E01019122,Allerdale 008C,Allerdale,9,444,2165.2
E01008459,Newcastle upon Tyne 004E,Newcastle upon Tyne,34,443,936.8
E01008938,Birmingham 111D,Birmingham,32,443,722.4
E01009121,Birmingham 014A,Birmingham,58,443,591.8
E01015263,Torbay 001B,Torbay,21,443,3027.0
E01007372,Barnsley 014A,Barnsley,22,442,2031.5
E01009101,Birmingham 029D,Birmingham,41,442,1125.7
E01019113,Allerdale 009C,Allerdale,10,442,2159.9
E01011978,Hartlepool 012D,Hartlepool,24,438,2642.6
E01027804,Scarborough 010A,Scarborough,17,438,3068.4
E01006429,Knowsley 020C,Knowsley,15,437,2445.4
E01012433,Halton 014B,Halton,16,437,2737.3
E01016062,Medway 022D,Medway,59,437,830.5
E01016063,Medway 020B,Medway,59,437,830.5
E01016069,Medway 020D,Medway,59,437,830.5
E01016083,Medway 031D,Medway,58,437,830.5
E01027980,Ashfield 001B,Ashfield,33,437,1918.7
E01013821,Nottingham 013C,Nottingham,31,436,921.2
E01028274,Mansfield 009C,Mansfield,35,436,1318.3
E01006861,St. Helens 015F,St. Helens,26,435,1748.3
E01010053,Sandwell 023G,Sandwell,60,435,618.7
E01012089,Middlesbrough 007D,Middlesbrough,31,435,1975.6
E01013819,Nottingham 013A,Nottingham,35,435,921.3
E01013820,Nottingham 013B,Nottingham,35,435,921.3
E01013867,Nottingham 014D,Nottingham,32,435,1143.2
E01013878,Nottingham 005D,Nottingham,35,434,889.7
E01012091,Middlesbrough 007F,Middlesbrough,31,433,1971.5
E01008976,Birmingham 121A,Birmingham,24,431,701.8
E01012944,East Riding of Yorkshire 005A,East Riding of Yorkshire,16,430,1223.7
E01013688,Leicester 031D,Leicester,46,430,1496.9
E01014354,Stoke-on-Trent 005A,Stoke-on-Trent,34,430,1212.6
E01009016,Birmingham 098A,Birmingham,54,429,662.7
E01025504,West Lancashire 014D,West Lancashire,12,429,1147.4
E01009300,Birmingham 057C,Birmingham,45,428,1065.0
E01012952,East Riding of Yorkshire 004D,East Riding of Yorkshire,15,428,1213.1
E01008295,Newcastle upon Tyne 008A,Newcastle upon Tyne,31,427,868.8
E01008937,Birmingham 115A,Birmingham,32,426,701.2
E01009889,Dudley 015C,Dudley,48,426,1439.2
E01025369,Rossendale 003C,Rossendale,26,425,2432.5
E01006881,St. Helens 012E,St. Helens,24,424,1600.7
E01006877,St. Helens 012C,St. Helens,23,423,1600.4
E01006880,St. Helens 012D,St. Helens,23,423,1600.4
E01006905,St. Helens 019D,St. Helens,21,423,1339.9
E01006913,St. Helens 019H,St. Helens,21,423,1339.9
E01013877,Nottingham 005C,Nottingham,33,423,885.4
E01013884,Nottingham 005F,Nottingham,33,423,889.7
E01013891,Nottingham 004E,Nottingham,33,423,885.4
E01011979,Hartlepool 012E,Hartlepool,23,422,2523.6
E01013883,Nottingham 005E,Nottingham,29,422,889.6
E01006757,Liverpool 059E,Liverpool,15,421,2045.3
E01006903,St. Helens 019C,St. Helens,20,421,1286.9
E01006919,St. Helens 007F,St. Helens,21,421,1598.5
E01008941,Birmingham 115C,Birmingham,28,421,686.8
E01020767,County Durham 036C,County Durham,23,421,2279.5
E01025226,Pendle 007A,Pendle,22,421,1188.0
E01027952,Ashfield 008A,Ashfield,31,420,1632.9
E01028281,Mansfield 004D,Mansfield,35,420,1290.6
E01011850,Wakefield 018B,Wakefield,13,419,2107.6
E01013693,Leicester 035E,Leicester,47,419,1723.4
E01014263,Stoke-on-Trent 003C,Stoke-on-Trent,30,419,1081.2
E01007440,Barnsley 002D,Barnsley,27,418,1924.2
E01014261,Stoke-on-Trent 003A,Stoke-on-Trent,29,418,1081.1
E01017332,Isle of Wight 008D,Isle of Wight,14,417,2283.8
E01028247,Mansfield 008C,Mansfield,37,417,1302.5
E01028268,Mansfield 008D,Mansfield,37,417,1302.5
E01013868,Nottingham 020C,Nottingham,32,416,1271.3
E01024857,Burnley 007B,Burnley,20,416,1646.3
E01008714,Sunderland 034A,Sunderland,34,415,1365.6
E01009307,Birmingham 045D,Birmingham,41,414,1104.4
E01009136,Birmingham 014E,Birmingham,43,412,548.6
E01009493,Birmingham 113D,Birmingham,37,412,622.2
E01014580,Bristol 045B,"Bristol, City of",72,412,1008.5
E01025151,Lancaster 011C,Lancaster,20,412,1548.2
E01025154,Lancaster 011E,Lancaster,20,412,1548.2
E01025156,Lancaster 020H,Lancaster,20,412,1548.2
E01009304,Birmingham 046A,Birmingham,36,411,1266.4
E01009494,Birmingham 109A,Birmingham,35,411,675.5
E01011780,Wakefield 027B,Wakefield,16,411,2127.0
E01013633,Leicester 028A,Leicester,48,411,1466.9
E01011962,Hartlepool 012B,Hartlepool,23,410,2438.5
E01011977,Hartlepool 012C,Hartlepool,23,410,2438.5
E01013674,Leicester 036B,Leicester,54,410,1756.4
E01013675,Leicester 036C,Leicester,55,410,1756.4
E01013676,Leicester 036D,Leicester,53,410,1756.4
E01011989,Hartlepool 010C,Hartlepool,22,409,2519.9
E01006267,Wigan 032D,Wigan,33,408,1709.0
E01007373,Barnsley 014B,Barnsley,21,408,1998.0
E01012533,Warrington 008C,Warrington,26,408,1975.2
E01009505,Birmingham 101E,Birmingham,35,405,655.8
E01013677,Leicester 036E,Leicester,51,404,1754.0
E01010102,Sandwell 020C,Sandwell,58,403,606.0
E01012016,Middlesbrough 007B,Middlesbrough,29,403,1917.2
E01013876,Nottingham 005B,Nottingham,32,402,861.4
E01015231,Torbay 014B,Torbay,21,402,1461.3
E01019488,Bolsover 004D,Bolsover,14,402,2912.7
E01009299,Birmingham 057B,Birmingham,42,401,940.7
E01015267,Torbay 010A,Torbay,23,401,2270.7
E01006432,Knowsley 020E,Knowsley,15,400,2346.8
E01013880,Nottingham 002B,Nottingham,31,400,881.1
E01013882,Nottingham 002D,Nottingham,31,400,881.1
E01013885,Nottingham 002E,Nottingham,31,400,881.1
E01027951,Ashfield 007B,Ashfield,28,400,1588.1
E01015196,Torbay 013G,Torbay,23,399,1453.1
E01012931,East Riding of Yorkshire 003B,East Riding of Yorkshire,14,398,1101.1
E01012945,East Riding of Yorkshire 004C,East Riding of Yorkshire,14,398,1101.1
E01008849,Sunderland 019D,Sunderland,41,397,1380.7
E01009306,Birmingham 046B,Birmingham,39,397,1041.8
E01009514,Birmingham 062B,Birmingham,45,397,770.5
E01015217,Torbay 008A,Torbay,23,397,2101.9
E01024865,Burnley 008B,Burnley,19,397,1600.2
E01013278,North Lincolnshire 016A,North Lincolnshire,19,396,1390.4
E01013279,North Lincolnshire 012A,North Lincolnshire,19,396,1390.4
E01029427,East Staffordshire 008B,East Staffordshire,26,396,1981.3
E01009517,Birmingham 062D,Birmingham,43,395,770.0
E01013281,North Lincolnshire 016C,North Lincolnshire,17,394,1396.2
E01013284,North Lincolnshire 017D,North Lincolnshire,17,394,1396.2
E01020752,County Durham 025B,County Durham,30,394,1301.6
E01013679,Leicester 035B,Leicester,48,393,1606.6
E01027542,Northumberland 009B,Northumberland,19,392,2129.0
E01032514,Bristol 053E,"Bristol, City of",56,392,919.0
E01012015,Middlesbrough 007A,Middlesbrough,28,391,1835.6
E01012082,Middlesbrough 010A,Middlesbrough,28,391,1823.2
E01006850,St. Helens 004B,St. Helens,22,390,1576.7
E01009512,Birmingham 062A,Birmingham,43,390,764.9
E01013826,Nottingham 011E,Nottingham,31,390,850.5
E01008980,Birmingham 121D,Birmingham,28,389,531.7
E01013817,Nottingham 011A,Nottingham,26,389,850.4
E01018898,Cornwall 051E,Cornwall,8,389,3309.9
E01012546,Warrington 008F,Warrington,25,388,2070.2
E01013673,Leicester 036A,Leicester,52,388,1702.2
E01013825,Nottingham 011D,Nottingham,31,388,850.5
E01013851,Nottingham 038C,Nottingham,31,388,828.3
E01014596,Bristol 051C,"Bristol, City of",47,388,1081.8
E01032621,Nottingham 038E,Nottingham,29,388,828.3
E01006849,St. Helens 004A,St. Helens,21,387,1567.4
E01014361,Stoke-on-Trent 005D,Stoke-on-Trent,31,386,1155.8
E01009746,Dudley 022C,Dudley,45,384,1168.5
E01015233,Torbay 014D,Torbay,21,384,1575.3
E01029980,Ipswich 016C,Ipswich,18,384,604.4
E01030021,Ipswich 015E,Ipswich,18,384,604.4
E01006726,Liverpool 035C,Liverpool,16,382,2061.9
E01009748,Dudley 013A,Dudley,50,381,871.3
E01010107,Sandwell 020D,Sandwell,58,380,558.6
E01013637,Leicester 028C,Leicester,43,380,1131.5
E01009840,Dudley 018A,Dudley,43,379,1276.6
E01014593,Bristol 051A,"Bristol, City of",55,379,957.9
E01009500,Birmingham 095E,Birmingham,37,378,596.7
E01009310,Birmingham 046D,Birmingham,34,377,1251.9
E01009743,Dudley 023D,Dudley,45,377,848.2
E01009841,Dudley 017E,Dudley,49,377,1166.7
E01015214,Torbay 006A,Torbay,22,377,2069.4
E01009096,Birmingham 029A,Birmingham,33,376,1052.4
E01009099,Birmingham 029C,Birmingham,32,376,1052.4
E01012114,Redcar and Cleveland 009B,Redcar and Cleveland,23,376,1755.3
E01029986,Ipswich 010C,Ipswich,17,375,580.1
E01030012,Ipswich 013A,Ipswich,17,375,580.1
E01030018,Ipswich 015B,Ipswich,17,375,580.1
E01033129,Ipswich 007H,Ipswich,17,375,580.1
E01033130,Ipswich 012G,Ipswich,17,375,580.1
E01006755,Liverpool 059C,Liverpool,14,374,2232.1
E01007328,Barnsley 006A,Barnsley,24,373,2342.8
E01008746,Sunderland 036D,Sunderland,31,372,1175.5
E01009877,Dudley 020E,Dudley,42,372,1221.7
E01009501,Birmingham 101B,Birmingham,35,371,591.2
E01009502,Birmingham 101C,Birmingham,36,371,591.2
E01013723,Leicester 012B,Leicester,42,371,1084.0
E01006745,Liverpool 057D,Liverpool,15,370,1680.7
E01009308,Birmingham 046C,Birmingham,32,370,1247.1
E01012686,Blackpool 014A,Blackpool,15,370,775.1
E01012687,Blackpool 014B,Blackpool,15,370,775.1
E01014594,Bristol 048A,"Bristol, City of",51,370,947.6
E01009935,Sandwell 027B,Sandwell,44,369,1234.9
E01013726,Leicester 012D,Leicester,41,369,1075.5
E01013728,Leicester 012E,Leicester,42,369,1075.5
E01008929,Birmingham 106C,Birmingham,36,368,470.7
E01009503,Birmingham 101D,Birmingham,35,368,590.5
E01012096,Redcar and Cleveland 013A,Redcar and Cleveland,19,368,1797.5
E01012099,Redcar and Cleveland 010D,Redcar and Cleveland,21,368,1797.4
E01025381,Rossendale 003D,Rossendale,26,368,2043.2
E01009097,Birmingham 029B,Birmingham,30,367,1032.7
E01009752,Dudley 017B,Dudley,46,367,847.4
E01014595,Bristol 051B,"Bristol, City of",42,367,1060.8
E01012113,Redcar and Cleveland 009A,Redcar and Cleveland,22,366,1729.2
E01033471,Redcar and Cleveland 009F,Redcar and Cleveland,22,366,1729.2
E01009753,Dudley 017C,Dudley,45,365,847.0
E01025932,North West Leicestershire 009A,North West Leicestershire,25,365,2378.2
E01027244,Northampton 017E,Northampton,26,364,1234.0
E01010369,Walsall 024D,Walsall,52,363,583.0
E01012175,Redcar and Cleveland 009E,Redcar and Cleveland,21,363,1718.5
E01012948,East Riding of Yorkshire 005C,East Riding of Yorkshire,13,363,942.2
E01012951,East Riding of Yorkshire 005D,East Riding of Yorkshire,13,363,942.2
E01025207,Pendle 004C,Pendle,20,363,986.3
E01025227,Pendle 007B,Pendle,20,363,986.3
E01010371,Walsall 030C,Walsall,53,362,577.2
E01013722,Leicester 039A,Leicester,38,362,1114.0
E01009074,Birmingham 085B,Birmingham,39,361,650.9
E01013632,Leicester 026B,Leicester,43,361,1354.4
E01013859,Nottingham 020A,Nottingham,28,361,1040.5
E01032558,Oldham 007E,Oldham,27,360,1778.2
E01010364,Walsall 031B,Walsall,57,359,569.7
E01029979,Ipswich 016B,Ipswich,17,359,577.6
E01009137,Birmingham 011G,Birmingham,43,358,497.3
E01012318,Darlington 013B,Darlington,37,358,1647.3
E01018995,Cornwall 068A,Cornwall,9,358,1539.9
E01019004,Cornwall 070D,Cornwall,9,358,1539.9
E01029994,Ipswich 014B,Ipswich,14,358,577.1
E01033131,Ipswich 014G,Ipswich,14,358,577.1
E01032898,East Staffordshire 011H,East Staffordshire,25,357,1717.2
E01009122,Birmingham 014B,Birmingham,38,356,496.7
E01010318,Walsall 024B,Walsall,52,356,617.7
E01013824,Nottingham 013E,Nottingham,32,356,714.0
E01014260,Stoke-on-Trent 001D,Stoke-on-Trent,22,356,1426.3
E01024858,Burnley 007C,Burnley,16,356,1563.9
E01025382,Rossendale 003E,Rossendale,26,355,1987.4
E01009073,Birmingham 085A,Birmingham,36,354,645.2
E01010311,Walsall 036C,Walsall,61,354,648.6
E01006908,St. Helens 022C,St. Helens,21,353,1197.0
E01032515,Bristol 053F,"Bristol, City of",52,353,861.6
E01010366,Walsall 031D,Walsall,57,352,584.3
E01013311,North Lincolnshire 015C,North Lincolnshire,20,352,1136.1
E01006756,Liverpool 059D,Liverpool,13,351,2170.0
E01008978,Birmingham 121B,Birmingham,24,350,458.0
E01011980,Hartlepool 009B,Hartlepool,23,350,1198.1
E01020762,County Durham 034C,County Durham,19,350,1646.0
E01009114,Birmingham 128D,Birmingham,23,349,495.6
E01020775,County Durham 018F,County Durham,33,349,1121.8
E01009495,Birmingham 106E,Birmingham,35,348,457.1
E01013909,Nottingham 036C,Nottingham,22,347,1275.5
E01014726,Bristol 053B,"Bristol, City of",44,347,884.0
E01009297,Birmingham 057A,Birmingham,34,346,1001.9
E01009965,Sandwell 004D,Sandwell,57,346,613.3
E01010370,Walsall 030B,Walsall,51,346,539.5
E01013725,Leicester 012C,Leicester,42,346,990.1
E01009117,Birmingham 126A,Birmingham,27,344,482.1
E01009132,Birmingham 014D,Birmingham,33,344,485.2
E01009963,Sandwell 004B,Sandwell,56,344,613.0
E01009134,Birmingham 011F,Birmingham,34,343,485.1
E01014305,Stoke-on-Trent 029A,Stoke-on-Trent,48,343,273.8
E01009133,Birmingham 011E,Birmingham,32,342,484.7
E01010374,Walsall 018D,Walsall,49,342,590.1
E01010375,Walsall 018E,Walsall,51,342,587.0
E01013881,Nottingham 002C,Nottingham,30,342,759.3
E01015266,Torbay 001E,Torbay,19,342,2348.9
E01008940,Birmingham 115B,Birmingham,25,341,443.1
E01014727,Bristol 053C,"Bristol, City of",46,341,848.4
E01017336,Isle of Wight 004B,Isle of Wight,23,341,1624.3
E01009996,Sandwell 010D,Sandwell,55,340,592.1
E01013822,Nottingham 011C,Nottingham,25,340,808.3
E01010098,Sandwell 013D,Sandwell,54,338,601.2
E01010340,Walsall 034B,Walsall,51,337,535.2
E01010363,Walsall 026D,Walsall,56,337,516.4
E01010466,Wolverhampton 020D,Wolverhampton,46,337,508.8
E01012341,Darlington 012E,Darlington,37,337,1106.7
E01010372,Walsall 030D,Walsall,51,336,535.0
E01025494,West Lancashire 014B,West Lancashire,10,336,872.9
E01032888,Walsall 018F,Walsall,50,336,562.0
E01010037,Sandwell 009D,Sandwell,51,335,663.6
E01013298,North Lincolnshire 008B,North Lincolnshire,21,335,1014.5
E01010342,Walsall 034D,Walsall,49,334,534.5
E01019650,Erewash 010C,Erewash,22,334,1515.6
E01008962,Birmingham 116D,Birmingham,28,333,443.4
E01015232,Torbay 014C,Torbay,20,333,802.5
E01010269,Walsall 026A,Walsall,52,332,514.8
E01010368,Walsall 030A,Walsall,51,332,514.8
E01027820,Scarborough 012C,Scarborough,15,332,2506.5
E01010271,Walsall 017A,Walsall,50,331,607.7
E01012128,Redcar and Cleveland 005B,Redcar and Cleveland,22,331,1325.3
E01012131,Redcar and Cleveland 005E,Redcar and Cleveland,22,331,1325.3
E01012143,Redcar and Cleveland 002C,Redcar and Cleveland,21,331,1325.3
E01014597,Bristol 051D,"Bristol, City of",41,331,801.4
E01009214,Birmingham 126D,Birmingham,25,330,423.1
E01026595,Great Yarmouth 005A,Great Yarmouth,13,330,691.7
E01026597,Great Yarmouth 005C,Great Yarmouth,13,330,691.7
E01026598,Great Yarmouth 005D,Great Yarmouth,13,330,691.7
E01026623,Great Yarmouth 006B,Great Yarmouth,13,330,691.7
E01026624,Great Yarmouth 006C,Great Yarmouth,13,330,691.7
E01026625,Great Yarmouth 006D,Great Yarmouth,13,330,691.7
E01026626,Great Yarmouth 006E,Great Yarmouth,13,330,691.7
E01026635,Great Yarmouth 007D,Great Yarmouth,13,330,691.7
E01028276,Mansfield 009E,Mansfield,29,330,896.1
E01032889,Walsall 013E,Walsall,50,330,584.1
E01006909,St. Helens 022D,St. Helens,19,329,1170.2
E01018476,Cheshire East 035B,Cheshire East,19,329,1370.5
E01027235,Northampton 026C,Northampton,27,329,343.8
E01027817,Scarborough 012A,Scarborough,15,329,2474.6
E01027819,Scarborough 012B,Scarborough,15,329,2475.8
E01010464,Wolverhampton 020B,Wolverhampton,48,328,442.3
E01013638,Leicester 026C,Leicester,37,328,1013.4
E01013640,Leicester 026D,Leicester,37,328,1013.4
E01019095,Allerdale 005A,Allerdale,6,328,1515.5
E01019097,Allerdale 005B,Allerdale,6,328,1515.5
E01027239,Northampton 017A,Northampton,26,328,498.3
E01020739,County Durham 039D,County Durham,20,327,1951.0
E01020747,County Durham 018B,County Durham,27,327,1038.4
E01020749,County Durham 018D,County Durham,27,327,1038.4
E01009129,Birmingham 014C,Birmingham,30,326,442.2
E01010017,Sandwell 024A,Sandwell,51,326,521.4
E01026599,Great Yarmouth 004A,Great Yarmouth,12,326,687.0
E01009303,Birmingham 057E,Birmingham,35,325,955.5
E01009892,Dudley 010B,Dudley,43,325,668.0
E01009962,Sandwell 004A,Sandwell,56,325,568.1
E01010316,Walsall 036D,Walsall,50,325,618.5
E01009964,Sandwell 004C,Sandwell,54,324,556.7
E01010148,Solihull 005C,Solihull,32,324,1198.1
E01014516,Bristol 050B,"Bristol, City of",39,324,887.0
E01010277,Walsall 013B,Walsall,46,323,581.1
E01018910,Cornwall 046C,Cornwall,6,323,3366.4
E01009993,Sandwell 017C,Sandwell,51,322,560.5
E01010147,Solihull 005B,Solihull,31,322,1197.5
E01010272,Walsall 017B,Walsall,47,321,578.4
E01012148,Redcar and Cleveland 021A,Redcar and Cleveland,26,321,1616.3
E01010367,Walsall 031E,Walsall,55,320,508.4
E01013312,North Lincolnshire 010B,North Lincolnshire,19,320,922.6
E01013331,North Lincolnshire 007D,North Lincolnshire,19,320,922.6
E01013600,Leicester 003A,Leicester,31,319,1290.9
E01010275,Walsall 021D,Walsall,51,318,517.3
E01028275,Mansfield 009D,Mansfield,25,318,893.6
E01010029,Sandwell 009C,Sandwell,50,317,609.3
E01010274,Walsall 021C,Walsall,51,316,512.0
E01010365,Walsall 031C,Walsall,51,316,502.4
E01010433,Wolverhampton 035E,Wolverhampton,48,316,408.7
E01020094,North Devon 008A,North Devon,17,316,2018.2
E01026666,King's Lynn and West Norfolk 009A,King's Lynn and West Norfolk,19,316,694.4
E01026687,King's Lynn and West Norfolk 007A,King's Lynn and West Norfolk,19,316,694.4
E01026688,King's Lynn and West Norfolk 007B,King's Lynn and West Norfolk,19,316,694.4
E01026690,King's Lynn and West Norfolk 007D,King's Lynn and West Norfolk,19,316,694.4
E01026699,King's Lynn and West Norfolk 011B,King's Lynn and West Norfolk,19,316,694.4
E01026704,King's Lynn and West Norfolk 011D,King's Lynn and West Norfolk,19,316,694.4
E01010463,Wolverhampton 020A,Wolverhampton,46,315,408.5
E01012112,Redcar and Cleveland 015A,Redcar and Cleveland,24,315,1612.2
E01013601,Leicester 003B,Leicester,31,315,1222.2
E01009844,Dudley 011A,Dudley,42,314,1116.5
E01012928,East Riding of Yorkshire 003A,East Riding of Yorkshire,13,314,856.3
E01009957,Sandwell 038C,Sandwell,35,313,1179.9
E01013619,Leicester 001D,Leicester,29,313,1221.6
E01017331,Isle of Wight 008C,Isle of Wight,10,313,1755.9
E01012127,Redcar and Cleveland 005A,Redcar and Cleveland,21,312,1221.2
E01007662,Rotherham 032D,Rotherham,13,311,2938.5
E01009113,Birmingham 128C,Birmingham,25,311,422.9
E01009131,Birmingham 011D,Birmingham,29,311,299.3
E01026622,Great Yarmouth 006A,Great Yarmouth,12,311,656.2
E01030247,Waveney 007A,East Suffolk,18,311,353.0
E01030249,Waveney 004C,East Suffolk,18,311,353.0
E01030250,Waveney 004D,East Suffolk,18,311,353.0
E01030261,Waveney 002A,East Suffolk,18,311,353.0
E01030277,Waveney 002C,East Suffolk,18,311,353.0
E01030279,Waveney 002D,East Suffolk,18,311,353.0
E01012150,Redcar and Cleveland 021B,Redcar and Cleveland,26,310,1535.2
E01013299,North Lincolnshire 008C,North Lincolnshire,20,309,712.5
E01015852,Southend-on-Sea 015B,Southend-on-Sea,38,309,389.6
E01015895,Southend-on-Sea 010A,Southend-on-Sea,38,309,389.6
E01027805,Scarborough 006A,Scarborough,14,308,2247.9
E01027806,Scarborough 006B,Scarborough,14,308,2247.9
E01027847,Scarborough 006D,Scarborough,14,308,2247.9
E01027874,Scarborough 007D,Scarborough,14,308,2247.9
E01012001,Hartlepool 008D,Hartlepool,21,307,2080.3
E01013727,Leicester 039B,Leicester,33,307,976.8
E01013730,Leicester 039C,Leicester,33,307,976.8
E01018462,Cheshire East 039A,Cheshire East,18,307,1347.1
E01018466,Cheshire East 036D,Cheshire East,18,307,1347.1
E01010031,Sandwell 014B,Sandwell,50,306,585.6
E01013602,Leicester 003C,Leicester,30,305,1212.7
E01010273,Walsall 017C,Walsall,47,304,504.4
E01010292,Walsall 008A,Walsall,38,304,510.3
E01010530,Wolverhampton 035H,Wolverhampton,46,304,337.7
E01014307,Stoke-on-Trent 029C,Stoke-on-Trent,46,304,240.9
E01013879,Nottingham 002A,Nottingham,28,303,747.3
E01008846,Sunderland 017B,Sunderland,30,302,1050.0
E01009952,Sandwell 035B,Sandwell,33,302,1174.8
E01010266,Walsall 023D,Walsall,50,302,481.0
E01020103,North Devon 010B,North Devon,16,302,1904.3
E01008847,Sunderland 017C,Sunderland,30,301,1050.6
E01009951,Sandwell 039E,Sandwell,50,301,508.0
E01013622,Leicester 004D,Leicester,29,301,784.0
E01015841,Southend-on-Sea 014C,Southend-on-Sea,35,301,379.9
E01025699,Charnwood 002A,Charnwood,17,301,1418.1
E01009107,Birmingham 128A,Birmingham,25,299,413.7
E01009109,Birmingham 123B,Birmingham,25,299,413.7
E01009110,Birmingham 128B,Birmingham,25,299,413.7
E01014358,Stoke-on-Trent 002B,Stoke-on-Trent,22,299,1040.9
E01009322,Birmingham 069D,Birmingham,35,298,695.6
E01026641,Great Yarmouth 004D,Great Yarmouth,11,297,601.5
E01009836,Dudley 037B,Dudley,40,296,1048.7
E01009983,Sandwell 009B,Sandwell,40,296,574.5
E01013296,North Lincolnshire 008A,North Lincolnshire,19,295,899.1
E01013300,North Lincolnshire 007B,North Lincolnshire,19,295,899.1
E01016111,Medway 015E,Medway,47,295,721.0
E01010473,Wolverhampton 015C,Wolverhampton,47,294,344.4
E01013000,East Riding of Yorkshire 041C,East Riding of Yorkshire,6,294,1382.5
E01015887,Southend-on-Sea 009E,Southend-on-Sea,34,294,383.1
E01010282,Walsall 012A,Walsall,41,293,534.2
E01012111,Redcar and Cleveland 011D,Redcar and Cleveland,20,293,1396.9
E01013603,Leicester 003D,Leicester,30,293,1187.2
E01006965,Sefton 038E,Sefton,20,292,1285.2
E01007051,Sefton 035D,Sefton,20,292,1285.2
E01009301,Birmingham 057D,Birmingham,30,292,950.7
E01009756,Dudley 006B,Dudley,41,292,478.6
E01032887,Sandwell 018E,Sandwell,46,292,530.0
E01010142,Solihull 007B,Solihull,29,291,950.6
E01015842,Southend-on-Sea 014D,Southend-on-Sea,32,291,374.9
E01009130,Birmingham 011C,Birmingham,28,290,290.3
E01009222,Birmingham 008B,Birmingham,25,290,253.2
E01030256,Waveney 007C,East Suffolk,16,290,317.8
E01030258,Waveney 007D,East Suffolk,16,290,317.8
E01030291,Waveney 008E,East Suffolk,16,290,317.8
E01007790,Rotherham 029E,Rotherham,11,289,2990.4
E01012100,Redcar and Cleveland 001A,Redcar and Cleveland,18,289,1189.5
E01012102,Redcar and Cleveland 001C,Redcar and Cleveland,18,289,1189.5
E01006830,St. Helens 019A,St. Helens,18,288,517.0
E01011866,Wakefield 045B,Wakefield,13,288,1799.7
E01009115,Birmingham 128E,Birmingham,22,287,399.8
E01010033,Sandwell 014D,Sandwell,42,287,528.0
E01010295,Walsall 017D,Walsall,40,287,530.9
E01025934,North West Leicestershire 009C,North West Leicestershire,21,287,1725.2
E01010003,Sandwell 030C,Sandwell,47,286,435.4
E01010291,Walsall 009A,Walsall,38,286,417.9
E01032204,Malvern Hills 007D,Malvern Hills,12,285,2519.2
E01009978,Sandwell 014A,Sandwell,40,284,527.2
E01016017,Medway 015B,Medway,46,284,677.9
E01016019,Medway 015C,Medway,46,284,677.9
E01016023,Medway 022B,Medway,46,284,677.9
E01020582,Weymouth and Portland 004F,Dorset,28,284,453.2
E01006705,Liverpool 009E,Liverpool,18,283,1246.1
E01009839,Dudley 013B,Dudley,42,283,435.3
E01018997,Cornwall 067E,Cornwall,8,283,1145.8
E01006787,Liverpool 006A,Liverpool,20,282,1272.3
E01006791,Liverpool 006D,Liverpool,20,282,1272.3
E01009733,Dudley 039B,Dudley,27,282,1168.6
E01012304,Darlington 012A,Darlington,35,282,801.1
E01009127,Birmingham 011A,Birmingham,24,281,270.6
E01029453,East Staffordshire 014E,East Staffordshire,28,281,526.5
E01009985,Sandwell 018C,Sandwell,47,280,519.0
E01009987,Sandwell 019B,Sandwell,45,280,519.0
E01010238,Solihull 004D,Solihull,21,280,1139.7
E01028226,Mansfield 002C,Mansfield,28,280,908.0
E01006610,Liverpool 009C,Liverpool,16,279,1244.0
E01006614,Liverpool 012B,Liverpool,16,279,1244.0
E01006984,Sefton 031E,Sefton,22,279,661.4
E01008923,Birmingham 102B,Birmingham,30,279,454.5
E01010234,Solihull 004B,Solihull,24,279,1130.2
E01010235,Solihull 002A,Solihull,24,279,1130.2
E01010239,Solihull 002C,Solihull,24,279,1130.2
E01010283,Walsall 013D,Walsall,42,279,496.2
E01010478,Wolverhampton 011A,Wolverhampton,43,279,339.3
E01010527,Wolverhampton 016B,Wolverhampton,47,279,521.7
E01012946,East Riding of Yorkshire 003D,East Riding of Yorkshire,12,279,697.4
E01012949,East Riding of Yorkshire 003E,East Riding of Yorkshire,12,279,697.4
E01026808,Norwich 004F,Norwich,27,279,1003.4
E01026848,Norwich 015A,Norwich,27,279,1003.4
E01009128,Birmingham 011B,Birmingham,23,278,269.9
E01009498,Birmingham 119D,Birmingham,27,278,383.3
E01010415,Wolverhampton 027B,Wolverhampton,49,278,531.7
E01026819,Norwich 013D,Norwich,26,278,999.6
E01026824,Norwich 007C,Norwich,26,278,999.6
E01026826,Norwich 007E,Norwich,26,278,999.6
E01026827,Norwich 007F,Norwich,26,278,999.6
E01026830,Norwich 002C,Norwich,26,278,999.6
E01026868,Norwich 006F,Norwich,26,278,999.6
E01028261,Mansfield 012C,Mansfield,23,278,600.1
E01028263,Mansfield 012D,Mansfield,23,278,600.1
E01033437,Norwich 011H,Norwich,26,278,999.6
E01006790,Liverpool 006C,Liverpool,19,277,1244.7
E01027131,Kettering 009D,Kettering,16,277,1219.5
E01006608,Liverpool 009A,Liverpool,16,276,1263.5
E01006609,Liverpool 009B,Liverpool,15,276,1237.7
E01006981,Sefton 031B,Sefton,21,276,655.1
E01024855,Burnley 007A,Burnley,14,276,1289.4
E01006967,Sefton 037A,Sefton,17,275,1090.8
E01010299,Walsall 009D,Walsall,32,274,377.5
E01010524,Wolverhampton 013C,Wolverhampton,44,273,513.8
E01017163,Southampton 025B,Southampton,29,273,1656.9
E01024863,Burnley 008A,Burnley,13,273,1286.9
E01024906,Burnley 014B,Burnley,14,273,1283.4
E01027869,Scarborough 001C,Scarborough,25,273,958.8
E01010030,Sandwell 007A,Sandwell,45,272,500.7
E01008858,Sunderland 009D,Sunderland,31,271,988.1
E01010095,Sandwell 013C,Sandwell,45,271,518.7
E01010408,Walsall 025E,Walsall,40,271,506.0
E01017167,Southampton 027A,Southampton,27,271,1656.8
E01009762,Dudley 006F,Dudley,36,270,465.3
E01010300,Walsall 009E,Walsall,33,270,462.6
E01018524,Cheshire West and Chester 008B,Cheshire West and Chester,12,270,1262.4
E01020847,County Durham 061C,County Durham,17,270,986.4
E01020849,County Durham 061D,County Durham,17,270,986.4
E01027013,Daventry 008D,Daventry,6,270,2909.3
E01008853,Sunderland 009A,Sunderland,30,269,987.9
E01010413,Wolverhampton 033D,Wolverhampton,50,269,551.2
E01012359,Darlington 014D,Darlington,34,269,866.3
E01007626,Doncaster 004B,Doncaster,15,268,770.2
E01007628,Doncaster 004D,Doncaster,15,268,770.2
E01007629,Doncaster 004E,Doncaster,15,268,770.2
E01013218,North East Lincolnshire 003A,North East Lincolnshire,8,268,1053.0
E01013219,North East Lincolnshire 003B,North East Lincolnshire,7,268,1053.0
E01013220,North East Lincolnshire 003C,North East Lincolnshire,7,268,1053.0
E01013221,North East Lincolnshire 003D,North East Lincolnshire,7,268,1053.0
E01006738,Liverpool 058A,Liverpool,14,267,903.5
E01006740,Liverpool 057A,Liverpool,14,267,903.5
E01009172,Birmingham 119A,Birmingham,26,267,391.4
E01027110,Kettering 007B,Kettering,12,267,1465.7
E01033483,Darlington 008E,Darlington,33,267,778.5
E01009033,Birmingham 103F,Birmingham,30,266,349.5
E01011864,Wakefield 045A,Wakefield,13,266,1519.5
E01032331,Worcester 002C,Worcester,15,266,1813.9
E01032332,Worcester 002D,Worcester,15,266,1813.9
E01010443,Wolverhampton 018B,Wolverhampton,41,265,330.5
E01020736,County Durham 039A,County Durham,19,265,1858.7
E01006613,Liverpool 009D,Liverpool,14,264,1258.3
E01033187,Dudley 006G,Dudley,35,264,458.7
E01009881,Dudley 011C,Dudley,41,263,447.1
E01013621,Leicester 004C,Leicester,28,263,663.5
E01009020,Birmingham 103B,Birmingham,34,262,392.8
E01009021,Birmingham 103C,Birmingham,34,262,392.8
E01006541,Liverpool 015A,Liverpool,14,261,1231.8
E01006544,Liverpool 015C,Liverpool,14,261,1231.8
E01006766,Liverpool 019E,Liverpool,14,261,1231.8
E01009769,Dudley 001D,Dudley,39,261,433.8
E01027231,Northampton 009D,Northampton,24,261,414.8
E01027930,Ashfield 016B,Ashfield,16,261,721.3
E01018522,Cheshire West and Chester 010A,Cheshire West and Chester,10,260,1210.5
E01018563,Cheshire West and Chester 007D,Cheshire West and Chester,10,260,1210.5
E01022843,Gosport 008D,Gosport,30,260,1001.4
E01032096,Wiltshire 033A,Wiltshire,19,260,2213.6
E01006760,Liverpool 028E,Liverpool,13,259,1230.6
E01006762,Liverpool 015E,Liverpool,14,259,1230.6
E01006767,Liverpool 019F,Liverpool,13,259,1230.6
E01010032,Sandwell 014C,Sandwell,42,259,438.1
E01010288,Walsall 012C,Walsall,37,259,465.8
E01010471,Wolverhampton 015A,Wolverhampton,41,259,311.2
E01012327,Darlington 009B,Darlington,30,259,732.7
E01026809,Norwich 004G,Norwich,27,259,984.0
E01027939,Ashfield 016C,Ashfield,16,259,711.3
E01007791,Rotherham 029F,Rotherham,10,258,2557.6
E01032979,Northampton 021F,Northampton,26,258,243.0
E01006607,Liverpool 008A,Liverpool,14,257,1256.8
E01006612,Liverpool 008B,Liverpool,14,257,1256.8
E01014108,Telford and Wrekin 020C,Telford and Wrekin,17,257,847.5
E01014110,Telford and Wrekin 020E,Telford and Wrekin,17,257,847.5
E01014115,Telford and Wrekin 023A,Telford and Wrekin,17,257,847.5
E01014116,Telford and Wrekin 023B,Telford and Wrekin,17,257,847.5
E01014118,Telford and Wrekin 023D,Telford and Wrekin,17,257,847.5
E01014162,Telford and Wrekin 022D,Telford and Wrekin,17,257,847.5
E01014197,Telford and Wrekin 021A,Telford and Wrekin,17,257,847.5
E01014198,Telford and Wrekin 021B,Telford and Wrekin,18,257,847.5
E01014200,Telford and Wrekin 021D,Telford and Wrekin,18,257,847.5
E01014201,Telford and Wrekin 021E,Telford and Wrekin,17,257,847.5
E01027451,Northumberland 008E,Northumberland,16,257,1690.8
E01006759,Liverpool 028D,Liverpool,12,256,1081.4
E01010294,Walsall 008B,Walsall,38,256,478.5
E01015916,Southend-on-Sea 017C,Southend-on-Sea,19,256,357.1
E01013199,North East Lincolnshire 010C,North East Lincolnshire,8,255,834.2
E01007555,Doncaster 006B,Doncaster,15,254,649.2
E01007563,Doncaster 006F,Doncaster,15,254,649.2
E01009893,Dudley 010C,Dudley,42,254,473.4
E01010067,Sandwell 015B,Sandwell,36,254,451.4
E01010404,Walsall 025C,Walsall,41,254,482.1
E01013136,North East Lincolnshire 002A,North East Lincolnshire,7,254,823.1
E01013138,North East Lincolnshire 006A,North East Lincolnshire,7,254,823.1
E01013139,North East Lincolnshire 002C,North East Lincolnshire,7,254,823.1
E01013140,North East Lincolnshire 006B,North East Lincolnshire,7,254,823.1
E01013141,North East Lincolnshire 006C,North East Lincolnshire,7,254,823.1
E01013142,North East Lincolnshire 002D,North East Lincolnshire,7,254,823.1
E01013159,North East Lincolnshire 011A,North East Lincolnshire,7,254,823.1
E01013161,North East Lincolnshire 011B,North East Lincolnshire,7,254,823.1
E01013162,North East Lincolnshire 011C,North East Lincolnshire,7,254,823.1
E01013165,North East Lincolnshire 011D,North East Lincolnshire,7,254,823.1
E01013181,North East Lincolnshire 016A,North East Lincolnshire,7,254,823.1
E01013586,Derby 029C,Derby,26,254,1252.3
E01026800,Norwich 001D,Norwich,25,254,964.1
E01010490,Wolverhampton 028B,Wolverhampton,43,253,322.1
E01013137,North East Lincolnshire 002B,North East Lincolnshire,6,253,819.5
E01007508,Doncaster 010B,Doncaster,23,252,1775.8
E01010421,Wolverhampton 022B,Wolverhampton,43,252,511.8
E01013196,North East Lincolnshire 005B,North East Lincolnshire,7,252,824.7
E01013201,North East Lincolnshire 005C,North East Lincolnshire,7,252,824.7
E01019020,Cornwall 021C,Cornwall,9,252,926.9
E01009212,Birmingham 126C,Birmingham,22,251,363.1
E01009215,Birmingham 126E,Birmingham,23,251,363.1
E01013203,North East Lincolnshire 005E,North East Lincolnshire,6,251,820.1
E01031404,Arun 014A,Arun,10,251,2930.7
E01006616,Liverpool 015D,Liverpool,12,250,1227.7
E01010416,Wolverhampton 027C,Wolverhampton,50,250,539.2
E01025725,Charnwood 003F,Charnwood,12,250,1867.6
E01007547,Doncaster 034B,Doncaster,20,249,1192.1
E01007549,Doncaster 034D,Doncaster,20,249,1192.1
E01009758,Dudley 005A,Dudley,33,249,447.3
E01009886,Dudley 013E,Dudley,37,249,410.5
E01010410,Wolverhampton 033A,Wolverhampton,47,248,499.8
E01010445,Wolverhampton 018D,Wolverhampton,39,248,306.9
E01011950,Hartlepool 008A,Hartlepool,23,248,758.5
E01011951,Hartlepool 007A,Hartlepool,23,248,758.5
E01011981,Hartlepool 009C,Hartlepool,23,248,758.5
E01015880,Southend-on-Sea 013E,Southend-on-Sea,19,248,353.1
E01016153,Medway 008C,Medway,41,247,598.8
E01006603,Liverpool 011B,Liverpool,10,246,1226.1
E01007809,Rotherham 026B,Rotherham,12,245,1463.8
E01009024,Birmingham 103D,Birmingham,33,245,351.0
E01009025,Birmingham 103E,Birmingham,33,245,351.0
E01010541,Wolverhampton 003C,Wolverhampton,35,245,540.6
E01032313,Worcester 005E,Worcester,14,245,1649.0
E01007506,Doncaster 010A,Doncaster,22,244,1740.3
E01007509,Doncaster 010C,Doncaster,22,244,1740.3
E01007511,Doncaster 010E,Doncaster,18,244,1740.3
E01021696,Colchester 008A,Colchester,28,244,279.2
E01010289,Walsall 012D,Walsall,35,243,403.8
E01010414,Wolverhampton 027A,Wolverhampton,49,243,516.2
E01014517,Bristol 050C,"Bristol, City of",24,243,570.1
E01017166,Southampton 025E,Southampton,28,243,1426.4
E01020920,Eastbourne 004A,Eastbourne,16,243,1093.6
E01032311,Worcester 005D,Worcester,14,243,1619.0
E01032333,Worcester 005F,Worcester,14,243,1619.0
E01010066,Sandwell 015A,Sandwell,35,242,420.9
E01010076,Sandwell 015F,Sandwell,36,242,420.7
E01010532,Wolverhampton 034B,Wolverhampton,32,242,418.7
E01019056,Cornwall 031A,Cornwall,9,242,2741.6
E01027363,Northumberland 006C,Northumberland,12,242,1502.6
E01031436,Arun 017D,Arun,10,242,2656.0
E01006979,Sefton 024A,Sefton,16,241,603.2
E01007086,Sefton 023C,Sefton,16,241,603.2
E01007089,Sefton 024E,Sefton,17,241,603.2
E01007090,Sefton 029E,Sefton,17,241,603.2
E01009019,Birmingham 103A,Birmingham,32,241,333.7
E01025136,Lancaster 006B,Lancaster,17,241,763.6
E01025139,Lancaster 006D,Lancaster,17,241,763.6
E01025140,Lancaster 006E,Lancaster,17,241,763.6
E01013748,Leicester 018D,Leicester,29,240,799.4
E01027153,Northampton 021C,Northampton,25,240,235.5
E01029358,Cannock Chase 007E,Cannock Chase,21,240,373.1
E01032302,Worcester 005B,Worcester,13,240,1613.5
E01033484,Darlington 008F,Darlington,31,240,728.3
E01020929,Eastbourne 003B,Eastbourne,14,239,1091.4
E01026832,Norwich 002E,Norwich,23,239,912.5
E01026833,Norwich 002F,Norwich,23,239,912.5
E01026867,Norwich 006E,Norwich,23,239,912.5
E01006980,Sefton 024B,Sefton,17,238,576.8
E01008927,Birmingham 102D,Birmingham,25,236,369.4
E01009323,Birmingham 069E,Birmingham,35,236,339.0
E01020554,Weymouth and Portland 004B,Dorset,28,234,178.0
E01010383,Walsall 019D,Walsall,40,233,377.2
E01006764,Liverpool 020D,Liverpool,11,232,1181.2
E01009257,Birmingham 080F,Birmingham,32,232,349.4
E01013620,Leicester 004B,Leicester,28,232,598.5
E01032318,Worcester 009A,Worcester,12,231,1725.4
E01010286,Walsall 006C,Walsall,33,230,396.8
E01018519,Cheshire West and Chester 007A,Cheshire West and Chester,8,230,1069.7
E01028173,Gedling 005A,Gedling,20,230,439.8
E01031015,North Warwickshire 003G,North Warwickshire,8,230,1553.6
E01020555,Weymouth and Portland 004C,Dorset,27,229,176.8
E01010485,Wolverhampton 007D,Wolverhampton,39,227,452.6
E01006758,Liverpool 059F,Liverpool,11,226,1670.3
E01010486,Wolverhampton 011D,Wolverhampton,39,225,411.0
E01012107,Redcar and Cleveland 003D,Redcar and Cleveland,18,225,732.4
E01026793,Norwich 005C,Norwich,21,225,814.3
E01026869,Norwich 006G,Norwich,21,225,814.3
E01032561,Redcar and Cleveland 003F,Redcar and Cleveland,18,225,732.4
E01010400,Walsall 014D,Walsall,38,224,365.8
E01013664,Leicester 019C,Leicester,22,224,785.0
E01026603,Great Yarmouth 009C,Great Yarmouth,10,223,261.5
E01007092,Sefton 023E,Sefton,14,222,596.5
E01008854,Sunderland 009B,Sunderland,24,222,739.2
E01011791,Wakefield 039C,Wakefield,11,222,1649.8
E01000601,Brent 021B,Brent,30,221,491.5
E01006606,Liverpool 020A,Liverpool,9,221,1177.0
E01006763,Liverpool 020C,Liverpool,9,221,1177.0
E01007507,Doncaster 009G,Doncaster,15,221,1587.1
E01012312,Darlington 006D,Darlington,28,220,497.6
E01012314,Darlington 006F,Darlington,28,220,497.6
E01013995,Herefordshire 017D,"Herefordshire, County of",16,220,667.5
E01025171,Lancaster 010B,Lancaster,17,220,872.2
E01000221,Barnet 039B,Barnet,25,219,471.5
E01007529,Doncaster 022A,Doncaster,23,219,1527.2
E01007648,Doncaster 019D,Doncaster,23,219,1527.2
E01013222,North East Lincolnshire 003E,North East Lincolnshire,6,218,687.5
E01030036,Ipswich 001E,Ipswich,14,218,183.1
E01006478,Knowsley 015B,Knowsley,11,217,980.4
E01006505,Knowsley 013E,Knowsley,10,217,980.4
E01017102,Portsmouth 013D,Portsmouth,29,217,447.2
E01017103,Portsmouth 013E,Portsmouth,29,217,447.2
E01017205,Southampton 018C,Southampton,25,217,1395.0
E01010401,Walsall 025A,Walsall,35,216,419.9
E01010435,Wolverhampton 006A,Wolverhampton,36,216,451.1
E01018745,Cheshire West and Chester 038B,Cheshire West and Chester,14,216,1119.3
E01020552,Weymouth and Portland 001B,Dorset,23,215,171.5
E01017038,Portsmouth 013C,Portsmouth,29,214,447.0
E01020575,Weymouth and Portland 003B,Dorset,26,214,149.1
E01028256,Mansfield 012B,Mansfield,13,214,488.0
E01007530,Doncaster 022B,Doncaster,23,213,1547.2
E01007643,Doncaster 022D,Doncaster,23,213,1547.2
E01007645,Doncaster 022E,Doncaster,23,213,1547.2
E01017031,Portsmouth 016A,Portsmouth,28,213,446.4
E01017040,Portsmouth 016F,Portsmouth,28,213,446.4
E01006442,Knowsley 010B,Knowsley,11,212,877.7
E01006444,Knowsley 010D,Knowsley,11,212,877.7
E01006445,Knowsley 010E,Knowsley,11,212,877.7
E01006484,Knowsley 011D,Knowsley,11,212,877.7
E01017036,Portsmouth 013A,Portsmouth,28,212,445.8
E01017037,Portsmouth 013B,Portsmouth,28,212,445.8
E01027083,Kettering 005C,Kettering,8,212,1347.0
E01027127,Kettering 005D,Kettering,8,212,1347.0
E01017035,Portsmouth 018A,Portsmouth,27,211,445.9
E01017039,Portsmouth 016E,Portsmouth,27,211,445.2
E01017077,Portsmouth 015B,Portsmouth,27,211,445.2
E01021005,Hastings 004B,Hastings,15,211,1199.9
E01008859,Sunderland 009E,Sunderland,23,210,734.3
E01032304,Worcester 002B,Worcester,13,210,1359.6
E01009174,Birmingham 119C,Birmingham,20,209,290.1
E01009259,Birmingham 094E,Birmingham,28,209,322.1
E01013661,Leicester 019B,Leicester,24,209,582.5
E01016007,Thurrock 018E,Thurrock,18,209,405.2
E01016010,Thurrock 018H,Thurrock,18,209,405.2
E01019041,Cornwall 039B,Cornwall,10,209,2189.8
E01025583,Wyre 001E,Wyre,12,209,946.7
E01025584,Wyre 001F,Wyre,12,209,946.7
E01006460,Knowsley 007A,Knowsley,10,208,872.6
E01006461,Knowsley 007B,Knowsley,10,208,872.6
E01006481,Knowsley 015E,Knowsley,10,208,872.6
E01006483,Knowsley 011C,Knowsley,10,208,872.6
E01006500,Knowsley 013B,Knowsley,10,208,872.6
E01006504,Knowsley 013D,Knowsley,9,208,872.7
E01007532,Doncaster 023B,Doncaster,22,208,1522.4
E01015732,Luton 020A,Luton,24,208,3691.6
E01020569,Weymouth and Portland 008D,Dorset,23,208,397.9
E01009258,Birmingham 085E,Birmingham,30,207,312.9
E01016006,Thurrock 018D,Thurrock,17,207,397.7
E01011863,Wakefield 044D,Wakefield,7,206,1212.0
E01011869,Wakefield 043B,Wakefield,7,206,1212.0
E01013754,Leicester 018E,Leicester,29,206,569.3
E01024308,Gravesham 007A,Gravesham,16,206,396.1
E01010140,Solihull 007A,Solihull,24,204,806.4
E01013755,Leicester 018F,Leicester,28,204,560.8
E01017274,Southampton 032A,Southampton,24,204,1328.1
E01017280,Southampton 032C,Southampton,24,204,1328.1
E01017281,Southampton 032D,Southampton,23,204,1328.1
E01032890,Nuneaton and Bedworth 002F,Nuneaton and Bedworth,8,203,1318.3
E01012349,Darlington 004A,Darlington,30,202,601.2
E01012352,Darlington 004D,Darlington,30,202,601.2
E01010450,Wolverhampton 029B,Wolverhampton,42,201,398.5
E01027257,Northampton 025D,Northampton,21,201,425.1
E01027412,Northumberland 029D,Northumberland,23,201,934.0
E01008918,Birmingham 094A,Birmingham,31,200,315.5
E01008931,Birmingham 094D,Birmingham,31,200,315.5
E01012044,Middlesbrough 018C,Middlesbrough,21,200,695.6
E01017032,Portsmouth 016B,Portsmouth,26,200,418.2
E01006753,Liverpool 059A,Liverpool,10,198,1350.3
E01007760,Rotherham 020D,Rotherham,10,198,1024.5
E01007763,Rotherham 020E,Rotherham,10,198,1024.5
E01008928,Birmingham 102E,Birmingham,25,198,283.1
E01018738,Cheshire West and Chester 040B,Cheshire West and Chester,13,198,1028.0
E01018740,Cheshire West and Chester 042C,Cheshire West and Chester,13,198,1028.0
E01019033,Cornwall 039A,Cornwall,9,198,2134.5
E01007531,Doncaster 022C,Doncaster,21,197,1374.4
E01007495,Doncaster 028A,Doncaster,21,196,1085.0
E01009979,Sandwell 016C,Sandwell,36,196,318.3
E01018640,Cheshire East 021D,Cheshire East,8,196,320.9
E01012678,Blackpool 008A,Blackpool,14,194,486.3
E01012709,Blackpool 009D,Blackpool,14,194,486.3
E01007534,Doncaster 028D,Doncaster,22,193,1397.2
E01009158,Birmingham 129A,Birmingham,20,193,265.2
E01010141,Solihull 006D,Solihull,23,193,767.9
E01012675,Blackpool 010B,Blackpool,13,193,486.7
E01012679,Blackpool 008B,Blackpool,13,193,486.7
E01012733,Blackpool 011B,Blackpool,13,193,486.7
E01012735,Blackpool 010C,Blackpool,13,193,486.7
E01012737,Blackpool 010E,Blackpool,13,193,486.7
E01018520,Cheshire West and Chester 007B,Cheshire West and Chester,7,193,811.3
E01018521,Cheshire West and Chester 011A,Cheshire West and Chester,7,193,811.3
E01018550,Cheshire West and Chester 011B,Cheshire West and Chester,7,193,811.3
E01018551,Cheshire West and Chester 011C,Cheshire West and Chester,7,193,811.3
E01010143,Solihull 007C,Solihull,26,192,575.3
E01010423,Wolverhampton 022C,Wolverhampton,33,192,380.8
E01006706,Liverpool 045A,Liverpool,12,191,1047.1
E01006707,Liverpool 045B,Liverpool,11,191,1047.1
E01006708,Liverpool 045C,Liverpool,12,191,1047.1
E01007496,Doncaster 029A,Doncaster,21,191,1060.2
E01006430,Knowsley 018C,Knowsley,12,189,1203.6
E01006440,Knowsley 010A,Knowsley,9,189,668.1
E01012670,Blackpool 011A,Blackpool,12,188,476.4
E01012673,Blackpool 010A,Blackpool,12,188,476.4
E01012736,Blackpool 010D,Blackpool,12,188,476.4
E01012738,Blackpool 011D,Blackpool,12,188,476.4
E01012739,Blackpool 011E,Blackpool,12,188,476.4
E01012743,Blackpool 015B,Blackpool,11,188,476.4
E01012744,Blackpool 015C,Blackpool,11,188,476.4
E01015886,Southend-on-Sea 009D,Southend-on-Sea,27,188,140.8
E01017250,Southampton 010B,Southampton,24,188,1329.4
E01007466,Doncaster 009C,Doncaster,11,187,1074.8
E01007568,Doncaster 018E,Doncaster,22,187,1445.5
E01007652,Doncaster 015D,Doncaster,21,187,1425.9
E01012354,Darlington 008C,Darlington,29,187,479.3
E01012721,Blackpool 007C,Blackpool,14,187,789.3
E01026604,Great Yarmouth 009D,Great Yarmouth,9,187,203.5
E01026620,Great Yarmouth 011D,Great Yarmouth,9,187,203.5
E01009173,Birmingham 119B,Birmingham,19,186,277.4
E01031427,Arun 004A,Arun,9,186,462.3
E01031429,Arun 004B,Arun,9,186,462.3
E01010455,Wolverhampton 029E,Wolverhampton,38,185,258.6
E01013652,Leicester 011B,Leicester,25,185,440.0
E01007764,Rotherham 020F,Rotherham,9,184,984.7
E01013653,Leicester 011C,Leicester,25,184,423.7
E01020923,Eastbourne 002D,Eastbourne,11,184,855.5
E01021015,Hastings 005D,Hastings,14,183,1092.3
E01032755,Southampton 029I,Southampton,28,183,1282.6
E01006480,Knowsley 015D,Knowsley,10,182,949.0
E01006739,Liverpool 058B,Liverpool,10,182,1052.0
E01006770,Liverpool 040C,Liverpool,11,182,949.0
E01006771,Liverpool 040D,Liverpool,11,182,949.0
E01006775,Liverpool 040F,Liverpool,11,182,949.0
E01007566,Doncaster 018C,Doncaster,20,182,1420.7
E01013651,Leicester 011A,Leicester,25,182,424.6
E01017154,Southampton 022B,Southampton,26,182,1282.6
E01020982,Hastings 011A,Hastings,12,182,1009.2
E01031043,Nuneaton and Bedworth 005A,Nuneaton and Bedworth,12,182,936.7
E01010125,Solihull 006A,Solihull,19,181,735.9
E01020972,Hastings 005A,Hastings,12,181,1086.2
E01020816,County Durham 061A,County Durham,15,180,842.0
E01010483,Wolverhampton 007B,Wolverhampton,31,179,417.7
E01010484,Wolverhampton 007C,Wolverhampton,31,179,417.7
E01020992,Hastings 008E,Hastings,12,179,965.3
E01021135,Rother 007D,Rother,18,179,773.1
E01021136,Rother 007E,Rother,18,179,773.1
E01031090,Nuneaton and Bedworth 007A,Nuneaton and Bedworth,7,179,1268.4
E01011792,Wakefield 039D,Wakefield,9,178,1478.8
E01012672,Blackpool 013B,Blackpool,8,178,473.4
E01012674,Blackpool 013C,Blackpool,9,178,473.4
E01012695,Blackpool 015A,Blackpool,9,178,473.4
E01012698,Blackpool 016E,Blackpool,10,178,473.4
E01012745,Blackpool 015D,Blackpool,9,178,473.4
E01012746,Blackpool 015E,Blackpool,9,178,473.4
E01017130,Portsmouth 018D,Portsmouth,25,178,332.4
E01019029,Cornwall 020B,Cornwall,9,178,834.6
E01020985,Hastings 011D,Hastings,11,178,1004.9
E01006443,Knowsley 010C,Knowsley,10,177,846.3
E01006450,Knowsley 012B,Knowsley,10,177,846.3
E01006453,Knowsley 008A,Knowsley,10,177,846.3
E01006470,Knowsley 008E,Knowsley,10,177,846.3
E01006574,Liverpool 025B,Liverpool,10,177,846.3
E01011789,Wakefield 039B,Wakefield,11,177,1553.5
E01011790,Wakefield 042C,Wakefield,10,177,1553.5
E01011865,Wakefield 042D,Wakefield,11,177,1553.5
E01020989,Hastings 011E,Hastings,11,177,963.3
E01007472,Doncaster 005D,Doncaster,11,176,1043.5
E01018930,Cornwall 015D,Cornwall,6,176,994.0
E01018933,Cornwall 014B,Cornwall,6,176,994.0
E01017155,Southampton 022C,Southampton,23,175,1235.2
E01000596,Brent 021A,Brent,26,172,398.4
E01009321,Birmingham 069C,Birmingham,27,172,264.5
E01010130,Solihull 008E,Solihull,18,172,738.1
E01000605,Brent 021F,Brent,25,171,397.6
E01017207,Southampton 015A,Southampton,18,171,1280.3
E01032469,Wyre Forest 009A,Wyre Forest,21,171,550.4
E01032471,Wyre Forest 009C,Wyre Forest,21,171,550.4
E01004449,Waltham Forest 018E,Waltham Forest,21,170,362.1
E01007655,Doncaster 022F,Doncaster,21,170,1361.4
E01009157,Birmingham 125D,Birmingham,19,169,250.8
E01026384,West Lindsey 004F,West Lindsey,5,169,725.3
E01000528,Brent 025F,Brent,25,168,381.5
E01000595,Brent 027A,Brent,25,168,381.5
E01004334,Waltham Forest 024B,Waltham Forest,23,167,249.2
E01010482,Wolverhampton 007A,Wolverhampton,30,167,402.4
E01027334,Wellingborough 002E,Wellingborough,24,167,492.2
E01017208,Southampton 019A,Southampton,16,165,1251.0
E01024278,Gravesham 001C,Gravesham,15,165,277.6
E01031057,Nuneaton and Bedworth 006A,Nuneaton and Bedworth,10,165,868.3
E01031116,Nuneaton and Bedworth 009B,Nuneaton and Bedworth,13,165,970.3
E01032720,Southwark 009F,Southwark,31,165,202.2
E01003968,Southwark 015C,Southwark,31,164,247.6
E01003971,Southwark 015D,Southwark,31,164,247.6
E01004042,Southwark 010D,Southwark,30,164,240.6
E01010308,Walsall 002D,Walsall,23,164,450.2
E01014316,Stoke-on-Trent 031C,Stoke-on-Trent,26,164,139.1
E01022147,Cheltenham 005C,Cheltenham,10,164,1563.3
E01028001,Bassetlaw 004A,Bassetlaw,6,164,2371.3
E01012702,Blackpool 019C,Blackpool,8,163,462.2
E01027318,Wellingborough 008B,Wellingborough,25,162,590.9
E01007491,Doncaster 002E,Doncaster,10,161,1243.7
E01019509,Bolsover 006B,Bolsover,16,161,770.7
E01029859,Tamworth 007E,Tamworth,18,161,592.2
E01030035,Ipswich 001D,Ipswich,12,161,162.2
E01007500,Doncaster 028B,Doncaster,21,160,994.5
E01017118,Portsmouth 002D,Portsmouth,20,160,439.9
E01000643,Brent 024D,Brent,22,159,378.2
E01004199,Tower Hamlets 002C,Tower Hamlets,23,159,158.7
E01012045,Middlesbrough 018D,Middlesbrough,18,159,615.1
E01017210,Southampton 019B,Southampton,14,159,1175.9
E01006463,Knowsley 007C,Knowsley,9,158,343.2
E01011973,Hartlepool 005A,Hartlepool,21,158,580.7
E01011976,Hartlepool 005D,Hartlepool,21,158,580.7
E01012681,Blackpool 006A,Blackpool,11,158,455.0
E01017112,Portsmouth 001A,Portsmouth,19,158,423.6
E01027168,Northampton 012A,Northampton,21,157,165.1
E01029292,Taunton Deane 009D,Somerset West and Taunton,20,157,1428.8
E01029293,Taunton Deane 009E,Somerset West and Taunton,20,157,1428.8
E01029297,Taunton Deane 004A,Somerset West and Taunton,20,157,1428.8
E01033466,Hartlepool 003I,Hartlepool,20,157,580.7
E01020844,County Durham 061B,County Durham,14,156,776.9
E01029046,Mendip 011A,Mendip,17,156,923.4
E01011992,Hartlepool 002D,Hartlepool,15,155,1032.0
E01012707,Blackpool 007A,Blackpool,13,155,621.6
E01012720,Blackpool 007B,Blackpool,13,155,621.6
E01012724,Blackpool 007D,Blackpool,13,155,621.6
E01017120,Portsmouth 001E,Portsmouth,19,155,421.9
E01021019,Hastings 003E,Hastings,13,155,1010.1
E01006572,Liverpool 025A,Liverpool,8,154,636.8
E01006643,Liverpool 025E,Liverpool,8,154,636.8
E01013205,North East Lincolnshire 019B,North East Lincolnshire,8,154,733.8
E01026168,Lincoln 001D,Lincoln,7,154,2072.6
E01026619,Great Yarmouth 011C,Great Yarmouth,8,154,167.0
E01033228,Knowsley 008F,Knowsley,8,154,636.8
E01001838,Hackney 019E,Hackney,20,153,167.5
E01014120,Telford and Wrekin 019B,Telford and Wrekin,15,153,276.0
E01014164,Telford and Wrekin 017C,Telford and Wrekin,15,153,276.0
E01020993,Hastings 003A,Hastings,12,153,1008.1
E01020994,Hastings 003B,Hastings,12,153,1008.1
E01006709,Liverpool 040A,Liverpool,10,152,914.2
E01010126,Solihull 008B,Solihull,16,152,544.0
E01011953,Hartlepool 002B,Hartlepool,14,152,1030.5
E01011999,Hartlepool 007D,Hartlepool,20,152,534.5
E01001761,Hackney 016F,Hackney,20,151,164.7
E01007499,Doncaster 029D,Doncaster,19,151,601.6
E01026374,West Lindsey 006A,West Lindsey,5,151,562.8
E01026383,West Lindsey 004E,West Lindsey,4,151,562.8
E01013083,East Riding of Yorkshire 039C,East Riding of Yorkshire,3,150,1441.8
E01013084,East Riding of Yorkshire 039D,East Riding of Yorkshire,3,150,1441.8
E01014366,Stoke-on-Trent 028B,Stoke-on-Trent,24,150,126.1
E01014367,Stoke-on-Trent 028C,Stoke-on-Trent,24,150,126.1
E01014368,Stoke-on-Trent 028D,Stoke-on-Trent,24,150,126.1
E01020995,Hastings 003C,Hastings,11,149,1003.8
E01012671,Blackpool 013A,Blackpool,8,148,452.0
E01012751,Blackpool 013D,Blackpool,8,148,452.0
E01025570,Wyre 008C,Wyre,8,147,1040.5
E01033633,Birmingham 125G,Birmingham,18,147,215.1
E01006741,Liverpool 058C,Liverpool,10,145,990.9
E01011955,Hartlepool 003A,Hartlepool,19,145,577.1
E01011974,Hartlepool 005B,Hartlepool,19,145,577.1
E01017237,Southampton 012B,Southampton,10,145,1126.4
E01022045,Tendring 018D,Tendring,16,145,321.5
E01001845,Hackney 022E,Hackney,17,144,163.6
E01006414,Knowsley 006C,Knowsley,8,144,485.0
E01006467,Knowsley 008B,Knowsley,8,144,485.0
E01006637,Liverpool 017A,Liverpool,8,144,485.0
E01006638,Liverpool 017B,Liverpool,8,144,485.0
E01006642,Liverpool 025D,Liverpool,8,144,485.0
E01015867,Southend-on-Sea 002E,Southend-on-Sea,38,144,144.8
E01006769,Liverpool 040B,Liverpool,9,143,806.4
E01007492,Doncaster 002F,Doncaster,8,143,1188.5
E01013208,North East Lincolnshire 019C,North East Lincolnshire,7,143,707.8
E01022152,Cheltenham 004C,Cheltenham,9,143,1311.8
E01029100,Sedgemoor 013D,Sedgemoor,13,143,929.3
E01001730,Hackney 019B,Hackney,16,142,160.8
E01010440,Wolverhampton 001F,Wolverhampton,23,142,397.6
E01006721,Liverpool 038C,Liverpool,10,141,316.9
E01006728,Liverpool 035E,Liverpool,10,141,316.9
E01010111,Solihull 008A,Solihull,17,141,491.2
E01010131,Solihull 008F,Solihull,16,141,491.2
E01012121,Redcar and Cleveland 018D,Redcar and Cleveland,9,141,745.1
E01009160,Birmingham 125E,Birmingham,16,140,204.1
E01009161,Birmingham 125F,Birmingham,16,140,204.1
E01020983,Hastings 011B,Hastings,10,140,878.1
E01020984,Hastings 011C,Hastings,10,140,878.1
E01007474,Doncaster 005F,Doncaster,9,139,842.2
E01012000,Hartlepool 007E,Hartlepool,18,139,530.9
E01010129,Solihull 006B,Solihull,20,138,330.5
E01012887,Kingston upon Hull 033D,"Kingston upon Hull, City of",5,138,1035.7
E01014124,Telford and Wrekin 017A,Telford and Wrekin,15,138,272.6
E01017236,Southampton 012A,Southampton,9,138,1111.3
E01017240,Southampton 012D,Southampton,9,138,1111.3
E01032595,Kingston upon Hull 033E,"Kingston upon Hull, City of",5,138,1035.7
E01000521,Brent 025B,Brent,24,137,241.5
E01033456,Brent 027F,Brent,24,137,241.5
E01012806,Kingston upon Hull 016B,"Kingston upon Hull, City of",2,136,1583.0
E01012808,Kingston upon Hull 026B,"Kingston upon Hull, City of",2,136,1583.0
E01022323,Gloucester 008C,Gloucester,12,136,851.4
E01022329,Gloucester 008E,Gloucester,13,136,851.4
E01025574,Wyre 001B,Wyre,11,136,655.4
E01025575,Wyre 005B,Wyre,11,136,655.4
E01025579,Wyre 005D,Wyre,11,136,655.4
E01025582,Wyre 001D,Wyre,11,136,655.4
E01007592,Doncaster 037B,Doncaster,13,134,619.5
E01009233,Birmingham 008D,Birmingham,18,134,84.5
E01032434,Wyre Forest 004A,Wyre Forest,17,134,444.3
E01012752,Blackpool 017C,Blackpool,8,133,440.8
E01012754,Blackpool 017E,Blackpool,7,133,440.8
E01012842,Kingston upon Hull 021A,"Kingston upon Hull, City of",6,133,1673.0
E01012843,Kingston upon Hull 021B,"Kingston upon Hull, City of",6,133,1673.0
E01012845,Kingston upon Hull 021C,"Kingston upon Hull, City of",7,133,1673.0
E01012846,Kingston upon Hull 021D,"Kingston upon Hull, City of",6,133,1673.0
E01012847,Kingston upon Hull 021E,"Kingston upon Hull, City of",7,133,1673.0
E01012897,Kingston upon Hull 017E,"Kingston upon Hull, City of",5,133,1673.0
E01025112,Lancaster 006A,Lancaster,9,132,456.4
E01026375,West Lindsey 006B,West Lindsey,4,132,442.1
E01012833,Kingston upon Hull 009A,"Kingston upon Hull, City of",4,131,1658.0
E01012834,Kingston upon Hull 010C,"Kingston upon Hull, City of",4,131,1658.0
E01012836,Kingston upon Hull 009C,"Kingston upon Hull, City of",4,131,1658.0
E01012837,Kingston upon Hull 010D,"Kingston upon Hull, City of",4,131,1658.0
E01012840,Kingston upon Hull 009E,"Kingston upon Hull, City of",4,131,1658.0
E01012841,Kingston upon Hull 017A,"Kingston upon Hull, City of",4,131,1658.0
E01012844,Kingston upon Hull 017B,"Kingston upon Hull, City of",4,131,1658.0
E01012849,Kingston upon Hull 017C,"Kingston upon Hull, City of",4,131,1658.0
E01012895,Kingston upon Hull 017D,"Kingston upon Hull, City of",3,131,1658.0
E01012898,Kingston upon Hull 017F,"Kingston upon Hull, City of",3,131,1658.0
E01026152,Lincoln 004E,Lincoln,8,131,1690.9
E01026157,Lincoln 002C,Lincoln,8,131,1690.9
E01014317,Stoke-on-Trent 031D,Stoke-on-Trent,23,130,87.1
E01012888,Kingston upon Hull 031E,"Kingston upon Hull, City of",4,129,968.2
E01012748,Blackpool 006C,Blackpool,10,127,941.2
E01012749,Blackpool 006D,Blackpool,10,127,941.2
E01006571,Liverpool 026D,Liverpool,7,126,316.8
E01011994,Hartlepool 002F,Hartlepool,15,126,507.3
E01029106,Sedgemoor 008C,Sedgemoor,13,125,687.8
E01009155,Birmingham 125B,Birmingham,17,124,202.4
E01025006,Fylde 004B,Fylde,9,123,352.3
E01012848,Kingston upon Hull 020B,"Kingston upon Hull, City of",3,122,1577.8
E01001781,Hackney 026B,Hackney,21,121,85.0
E01004005,Southwark 023D,Southwark,18,120,171.9
E01013174,North East Lincolnshire 001A,North East Lincolnshire,7,120,503.3
E01022333,Gloucester 009E,Gloucester,11,120,696.8
E01022346,Gloucester 012D,Gloucester,11,120,696.8
E01029828,Tamworth 006D,Tamworth,15,119,466.4
E01006413,Knowsley 006B,Knowsley,7,118,370.3
E01022291,Gloucester 005D,Gloucester,12,118,665.6
E01022311,Gloucester 002C,Gloucester,12,118,665.6
E01022347,Gloucester 004B,Gloucester,12,118,665.6
E01032937,Gloucester 004F,Gloucester,12,118,665.6
E01024987,Fylde 006D,Fylde,8,117,285.5
E01000524,Brent 031B,Brent,20,116,211.2
E01008340,Newcastle upon Tyne 003E,Newcastle upon Tyne,19,116,333.4
E01012805,Kingston upon Hull 026A,"Kingston upon Hull, City of",1,116,1560.0
E01012809,Kingston upon Hull 026C,"Kingston upon Hull, City of",1,116,1560.0
E01012894,Kingston upon Hull 020C,"Kingston upon Hull, City of",1,116,1560.0
E01012900,Kingston upon Hull 022C,"Kingston upon Hull, City of",1,116,1560.0
E01012903,Kingston upon Hull 022E,"Kingston upon Hull, City of",1,116,1560.0
E01014127,Telford and Wrekin 005C,Telford and Wrekin,7,116,174.8
E01021304,Basildon 013C,Basildon,17,116,483.1
E01001776,Hackney 025F,Hackney,20,115,87.2
E01021306,Basildon 013E,Basildon,16,115,482.9
E01010456,Wolverhampton 004A,Wolverhampton,28,114,131.3
E01013144,North East Lincolnshire 004A,North East Lincolnshire,8,114,556.5
E01021302,Basildon 013B,Basildon,15,114,477.6
E01007597,Doncaster 037E,Doncaster,6,113,455.8
E01013204,North East Lincolnshire 019A,North East Lincolnshire,7,113,565.2
E01026173,Lincoln 010D,Lincoln,8,113,795.0
E01007522,Doncaster 024A,Doncaster,19,112,606.3
E01033094,Sefton 004F,Sefton,12,112,347.1
E01033097,Sefton 004G,Sefton,12,112,347.1
E01013177,North East Lincolnshire 001D,North East Lincolnshire,6,111,490.5
E01021305,Basildon 013D,Basildon,16,111,477.9
E01000599,Brent 027D,Brent,20,110,189.0
E01010462,Wolverhampton 004C,Wolverhampton,27,110,128.3
E01012680,Blackpool 008C,Blackpool,13,110,351.1
E01024020,Ashford 008C,Ashford,18,110,399.5
E01029840,Tamworth 007A,Tamworth,15,110,463.2
E01029845,Tamworth 007D,Tamworth,15,110,463.2
E01009540,Coventry 039B,Coventry,7,109,1257.9
E01009542,Coventry 039D,Coventry,7,109,1257.9
E01012682,Blackpool 008D,Blackpool,12,109,351.5
E01013080,East Riding of Yorkshire 039B,East Riding of Yorkshire,2,109,1281.5
E01015538,Swindon 016A,Swindon,4,109,1258.0
E01015572,Swindon 016B,Swindon,4,109,1258.0
E01015573,Swindon 016C,Swindon,4,109,1258.0
E01015575,Swindon 016D,Swindon,4,109,1258.0
E01032597,Leicester 037F,Leicester,9,109,446.2
E01012684,Blackpool 008E,Blackpool,10,108,350.8
E01013206,North East Lincolnshire 015A,North East Lincolnshire,7,108,575.8
E01021301,Basildon 011A,Basildon,16,107,468.4
E01027140,Northampton 011A,Northampton,13,106,450.5
E01021325,Basildon 019D,Basildon,13,105,434.4
E01033436,Norwich 005H,Norwich,9,105,716.9
E01011993,Hartlepool 002E,Hartlepool,14,104,484.2
E01022238,Forest of Dean 004C,Forest of Dean,8,104,570.4
E01026127,Lincoln 007A,Lincoln,7,104,737.0
E01026129,Lincoln 007C,Lincoln,7,104,737.0
E01012862,Kingston upon Hull 025E,"Kingston upon Hull, City of",4,103,431.8
E01013212,North East Lincolnshire 015D,North East Lincolnshire,6,103,530.5
E01021317,Basildon 018E,Basildon,15,102,463.1
E01022319,Gloucester 011A,Gloucester,10,102,510.9
E01025590,Wyre 003A,Wyre,9,102,461.7
E01025606,Wyre 002B,Wyre,10,102,461.7
E01015288,Bournemouth 021B,"Bournemouth, Christchurch and Poole",17,101,199.7
E01021271,Basildon 013A,Basildon,15,101,382.1
E01015558,Swindon 005D,Swindon,4,100,1163.5
E01027310,Wellingborough 007B,Wellingborough,20,100,277.6
E01028320,Newark and Sherwood 010E,Newark and Sherwood,13,100,814.6
E01032424,Wyre Forest 014B,Wyre Forest,7,100,506.4
E01013209,North East Lincolnshire 019D,North East Lincolnshire,6,99,566.0
E01016742,Milton Keynes 032A,Milton Keynes,4,99,352.2
E01016744,Milton Keynes 032C,Milton Keynes,4,99,352.2
E01017241,Southampton 007B,Southampton,9,99,879.1
E01019761,High Peak 011E,High Peak,4,99,709.9
E01006493,Knowsley 001C,Knowsley,7,98,540.4
E01009539,Coventry 039A,Coventry,5,98,1254.7
E01012704,Blackpool 002C,Blackpool,13,98,374.1
E01015338,Bournemouth 008A,"Bournemouth, Christchurch and Poole",15,98,243.4
E01026149,Lincoln 001A,Lincoln,8,98,614.5
E01006458,Knowsley 002D,Knowsley,8,97,497.4
E01006494,Knowsley 001D,Knowsley,5,97,538.5
E01006507,Knowsley 004C,Knowsley,8,97,497.4
E01021311,Basildon 022C,Basildon,13,97,424.9
E01025118,Lancaster 008C,Lancaster,7,97,332.3
E01029007,Shropshire 038B,Shropshire,7,97,680.6
E01004245,Tower Hamlets 018A,Tower Hamlets,19,96,176.7
E01012779,Kingston upon Hull 001A,"Kingston upon Hull, City of",6,96,653.0
E01015282,Bournemouth 019E,"Bournemouth, Christchurch and Poole",15,96,202.2
E01025117,Lancaster 009C,Lancaster,6,96,330.2
E01025120,Lancaster 009D,Lancaster,6,96,330.2
E01025592,Wyre 003C,Wyre,8,96,458.3
E01026115,East Lindsey 012C,East Lindsey,4,96,352.8
E01021500,Castle Point 012E,Castle Point,16,95,455.2
E01025110,Lancaster 009A,Lancaster,5,95,322.5
E01027177,Northampton 011D,Northampton,11,95,441.7
E01006437,Knowsley 003D,Knowsley,7,94,496.7
E01006447,Knowsley 003E,Knowsley,7,94,496.7
E01006455,Knowsley 004A,Knowsley,7,94,496.7
E01006509,Knowsley 004E,Knowsley,7,94,496.7
E01013229,North East Lincolnshire 013E,North East Lincolnshire,6,94,520.8
E01015384,Poole 007E,"Bournemouth, Christchurch and Poole",16,94,308.6
E01006417,Knowsley 003B,Knowsley,6,93,494.9
E01006435,Knowsley 005D,Knowsley,5,93,494.9
E01006436,Knowsley 003C,Knowsley,5,93,494.9
E01006495,Knowsley 001E,Knowsley,7,93,492.4
E01013210,North East Lincolnshire 019E,North East Lincolnshire,5,93,529.5
E01015281,Bournemouth 019D,"Bournemouth, Christchurch and Poole",15,93,195.8
E01029107,Sedgemoor 008D,Sedgemoor,12,93,369.3
E01022027,Tendring 016D,Tendring,11,92,285.7
E01022042,Tendring 014A,Tendring,12,92,285.7
E01022043,Tendring 014B,Tendring,11,92,285.7
E01026150,Lincoln 001B,Lincoln,8,92,596.3
E01000048,Barking and Dagenham 021B,Barking and Dagenham,13,91,256.7
E01006416,Knowsley 005A,Knowsley,5,91,493.3
E01006418,Knowsley 005B,Knowsley,5,91,493.3
E01006434,Knowsley 005C,Knowsley,4,91,493.3
E01006446,Knowsley 005G,Knowsley,4,91,493.3
E01006448,Knowsley 001A,Knowsley,4,91,493.3
E01000093,Barking and Dagenham 022B,Barking and Dagenham,12,90,256.3
E01006412,Knowsley 006A,Knowsley,5,90,255.6
E01006645,Liverpool 017E,Liverpool,5,90,255.6
E01017245,Southampton 012E,Southampton,8,90,799.5
E01021324,Basildon 019C,Basildon,11,90,337.4
E01024563,Swale 015D,Swale,9,90,168.0
E01015279,Bournemouth 019B,"Bournemouth, Christchurch and Poole",15,89,144.8
E01018078,Fenland 007B,Fenland,8,89,670.8
E01021988,Tendring 018A,Tendring,10,89,269.6
E01021990,Tendring 018C,Tendring,12,89,269.6
E01021323,Basildon 019B,Basildon,10,87,328.1
E01006968,Sefton 004C,Sefton,11,86,229.0
E01015541,Swindon 020D,Swindon,3,86,970.3
E01015542,Swindon 020E,Swindon,3,86,970.3
E01015600,Peterborough 014B,Peterborough,17,86,606.8
E01029372,Cannock Chase 002A,Cannock Chase,9,86,90.9
E01006950,Sefton 004B,Sefton,8,85,325.4
E01007055,Sefton 005A,Sefton,8,85,325.4
E01012798,Kingston upon Hull 019D,"Kingston upon Hull, City of",4,85,212.2
E01015603,Peterborough 010A,Peterborough,16,85,606.3
E01024081,Canterbury 001C,Canterbury,8,85,552.3
E01026010,Boston 002A,Boston,10,85,302.7
E01009612,Coventry 035F,Coventry,7,84,859.6
E01026176,Lincoln 006B,Lincoln,7,84,698.5
E01002081,Haringey 012D,Haringey,9,83,350.6
E01007634,Doncaster 001C,Doncaster,5,83,335.8
E01012858,Kingston upon Hull 031A,"Kingston upon Hull, City of",3,83,408.8
E01012859,Kingston upon Hull 030A,"Kingston upon Hull, City of",3,83,408.8
E01012864,Kingston upon Hull 027D,"Kingston upon Hull, City of",3,83,408.8
E01012865,Kingston upon Hull 027E,"Kingston upon Hull, City of",3,83,408.8
E01012874,Kingston upon Hull 008B,"Kingston upon Hull, City of",6,83,214.5
E01012889,Kingston upon Hull 030B,"Kingston upon Hull, City of",3,83,408.8
E01012893,Kingston upon Hull 030E,"Kingston upon Hull, City of",3,83,408.8
E01014113,Telford and Wrekin 011C,Telford and Wrekin,9,83,92.2
E01014142,Telford and Wrekin 009D,Telford and Wrekin,9,83,92.2
E01021020,Hastings 006D,Hastings,11,83,191.1
E01033110,Kingston upon Hull 031G,"Kingston upon Hull, City of",3,83,408.8
E01015616,Peterborough 013F,Peterborough,13,82,595.6
E01002034,Haringey 037A,Haringey,9,81,340.2
E01002036,Haringey 002A,Haringey,9,81,340.2
E01002037,Haringey 002B,Haringey,9,81,340.2
E01002038,Haringey 037B,Haringey,9,81,340.2
E01002039,Haringey 002C,Haringey,9,81,340.2
E01002040,Haringey 002D,Haringey,9,81,340.2
E01015607,Peterborough 007A,Peterborough,13,81,595.1
E01015609,Peterborough 007B,Peterborough,13,81,595.1
E01015312,Bournemouth 005C,"Bournemouth, Christchurch and Poole",12,80,387.5
E01028301,Newark and Sherwood 001A,Newark and Sherwood,4,80,338.3
E01002842,Kensington and Chelsea 021C,Kensington and Chelsea,33,79,257.9
E01012683,Blackpool 006B,Blackpool,10,78,329.5
E01021968,Tendring 017A,Tendring,10,78,197.4
E01021970,Tendring 016A,Tendring,10,78,197.4
E01022025,Tendring 016B,Tendring,10,78,197.4
E01022026,Tendring 016C,Tendring,10,78,197.4
E01022030,Tendring 015C,Tendring,10,78,197.4
E01022031,Tendring 015D,Tendring,10,78,197.4
E01022032,Tendring 015E,Tendring,10,78,197.4
E01032225,Redditch 004B,Redditch,9,78,333.8
E01001424,Enfield 030A,Enfield,7,76,309.5
E01001425,Enfield 027B,Enfield,8,76,309.5
E01001429,Enfield 030D,Enfield,7,76,309.5
E01012877,Kingston upon Hull 003C,"Kingston upon Hull, City of",6,76,262.2
E01012879,Kingston upon Hull 003E,"Kingston upon Hull, City of",6,76,262.2
E01026048,East Lindsey 010A,East Lindsey,3,76,174.1
E01026069,East Lindsey 010D,East Lindsey,3,76,174.1
E01000105,Barking and Dagenham 014C,Barking and Dagenham,5,75,202.2
E01000061,Barking and Dagenham 006C,Barking and Dagenham,4,74,195.2
E01001115,Croydon 015B,Croydon,13,74,118.0
E01001178,Croydon 015D,Croydon,13,74,118.0
E01032531,Coventry 036E,Coventry,13,72,465.0
E01003506,Newham 034D,Newham,21,71,192.6
E01003517,Newham 036E,Newham,21,71,208.2
E01012873,Kingston upon Hull 008A,"Kingston upon Hull, City of",5,69,125.8
E01012917,Kingston upon Hull 008F,"Kingston upon Hull, City of",5,69,125.8
E01012918,Kingston upon Hull 008G,"Kingston upon Hull, City of",5,69,125.8
E01009445,Birmingham 005A,Birmingham,6,68,236.5
E01024611,Swale 001C,Swale,9,68,204.4
E01024612,Swale 001D,Swale,9,68,204.4
E01024613,Swale 002A,Swale,9,68,204.4
E01024614,Swale 002B,Swale,9,68,204.4
E01024615,Swale 002C,Swale,9,68,204.4
E01024616,Swale 002D,Swale,9,68,204.4
E01027199,Northampton 007D,Northampton,9,68,374.7
E01024584,Swale 010B,Swale,9,67,181.8
E01024590,Swale 010C,Swale,10,67,181.8
E01028311,Newark and Sherwood 007G,Newark and Sherwood,11,67,564.6
E01006692,Liverpool 028B,Liverpool,8,66,98.3
E01027200,Northampton 005D,Northampton,8,66,374.2
E01006729,Liverpool 008C,Liverpool,9,65,254.4
E01009651,Coventry 031D,Coventry,11,65,523.9
E01026960,Corby 006B,Corby,5,65,544.3
E01014165,Telford and Wrekin 017D,Telford and Wrekin,5,64,102.5
E01026308,South Kesteven 005A,South Kesteven,5,64,285.2
E01006716,Liverpool 032E,Liverpool,6,63,117.9
E01006732,Liverpool 011E,Liverpool,9,63,252.9
E01012852,Kingston upon Hull 024B,"Kingston upon Hull, City of",3,63,343.1
E01004399,Waltham Forest 009B,Waltham Forest,9,62,313.2
E01012781,Kingston upon Hull 001C,"Kingston upon Hull, City of",5,62,173.5
E01012875,Kingston upon Hull 003A,"Kingston upon Hull, City of",5,62,173.5
E01012876,Kingston upon Hull 003B,"Kingston upon Hull, City of",5,62,173.5
E01012878,Kingston upon Hull 003D,"Kingston upon Hull, City of",5,62,173.5
E01012880,Kingston upon Hull 008C,"Kingston upon Hull, City of",5,62,173.5
E01024496,Shepway 003A,Folkestone and Hythe,5,62,255.7
E01024498,Shepway 003C,Folkestone and Hythe,4,62,255.7
E01024504,Shepway 014A,Folkestone and Hythe,5,62,255.7
E01024507,Shepway 014B,Folkestone and Hythe,5,62,255.7
E01020112,North Devon 001B,North Devon,5,61,145.8
E01028055,Bassetlaw 009A,Bassetlaw,5,60,332.7
E01014163,Telford and Wrekin 017B,Telford and Wrekin,6,59,104.1
E01020912,Eastbourne 010C,Eastbourne,4,59,238.1
E01001790,Hackney 013D,Hackney,13,58,224.7
E01012780,Kingston upon Hull 001B,"Kingston upon Hull, City of",4,58,114.0
E01012782,Kingston upon Hull 002A,"Kingston upon Hull, City of",4,58,114.0
E01012783,Kingston upon Hull 004B,"Kingston upon Hull, City of",4,58,114.0
E01012785,Kingston upon Hull 002B,"Kingston upon Hull, City of",4,58,114.0
E01012786,Kingston upon Hull 002C,"Kingston upon Hull, City of",4,58,114.0
E01012787,Kingston upon Hull 002D,"Kingston upon Hull, City of",4,58,114.0
E01012788,Kingston upon Hull 002E,"Kingston upon Hull, City of",4,58,114.0
E01012789,Kingston upon Hull 002F,"Kingston upon Hull, City of",4,58,114.0
E01012881,Kingston upon Hull 008D,"Kingston upon Hull, City of",4,58,114.0
E01012915,Kingston upon Hull 008E,"Kingston upon Hull, City of",4,58,114.0
E01002855,Kensington and Chelsea 001D,Kensington and Chelsea,13,56,130.1
E01001483,Enfield 025A,Enfield,5,55,272.0
E01002853,Kensington and Chelsea 001B,Kensington and Chelsea,14,55,129.7
E01002854,Kensington and Chelsea 001C,Kensington and Chelsea,13,55,129.7
E01002857,Kensington and Chelsea 001E,Kensington and Chelsea,13,55,129.7
E01002904,Kensington and Chelsea 002A,Kensington and Chelsea,14,55,131.5
E01002907,Kensington and Chelsea 002D,Kensington and Chelsea,14,55,131.5
E01009585,Coventry 007E,Coventry,8,55,323.7
E01009605,Coventry 004B,Coventry,8,55,323.7
E01026950,Corby 005B,Corby,5,55,541.7
E01028065,Bassetlaw 012B,Bassetlaw,4,55,296.1
E01028066,Bassetlaw 012C,Bassetlaw,4,55,296.1
E01028068,Bassetlaw 012D,Bassetlaw,4,55,296.1
E01001210,Ealing 016A,Ealing,16,54,121.3
E01001798,Hackney 028A,Hackney,8,54,222.9
E01001822,Hackney 029C,Hackney,8,54,222.9
E01002905,Kensington and Chelsea 002B,Kensington and Chelsea,13,54,128.9
E01015789,Luton 018E,Luton,23,53,160.9
E01001220,Ealing 029B,Ealing,13,52,118.3
E01001846,Hackney 018A,Hackney,12,52,111.0
E01001847,Hackney 018B,Hackney,12,52,111.0
E01006644,Liverpool 017D,Liverpool,4,52,208.1
E01012851,Kingston upon Hull 029A,"Kingston upon Hull, City of",2,52,331.3
E01029132,Sedgemoor 005C,Sedgemoor,5,52,561.0
E01004670,Westminster 009A,Westminster,16,51,75.0
E01016811,Milton Keynes 012B,Milton Keynes,7,51,220.2
E01033598,Westminster 009F,Westminster,15,51,75.0
E01007048,Sefton 029A,Sefton,10,50,207.2
E01024597,Swale 005C,Swale,8,50,194.8
E01024609,Swale 001A,Swale,8,50,96.8
E01024610,Swale 001B,Swale,8,50,96.8
E01026126,Lincoln 004D,Lincoln,6,49,525.3
E01015507,Swindon 007B,Swindon,4,48,481.8
E01016394,Reading 009A,Reading,3,48,823.5
E01016420,Reading 015B,Reading,4,48,823.5
E01015736,Luton 020E,Luton,22,47,133.1
E01002880,Kensington and Chelsea 005D,Kensington and Chelsea,15,46,137.3
E01030227,Waveney 010D,East Suffolk,4,46,110.7
E01004754,Westminster 010A,Westminster,15,45,94.8
E01009700,Coventry 029C,Coventry,11,45,266.7
E01009702,Coventry 029E,Coventry,11,45,266.7
E01022917,Havant 009E,Havant,10,45,380.8
E01026965,Corby 006D,Corby,4,45,491.2
E01026968,Corby 006G,Corby,4,45,491.2
E01032250,Redditch 010A,Redditch,7,45,252.8
E01032252,Redditch 010C,Redditch,7,45,252.8
E01028568,Oxford 018B,Oxford,2,44,596.6
E01002713,Islington 015C,Islington,12,43,32.0
E01007087,Sefton 029C,Sefton,8,43,276.7
E01012855,Kingston upon Hull 029D,"Kingston upon Hull, City of",2,43,320.1
E01012891,Kingston upon Hull 030C,"Kingston upon Hull, City of",2,43,320.1
E01012892,Kingston upon Hull 030D,"Kingston upon Hull, City of",2,43,320.1
E01001885,Hammersmith and Fulham 015A,Hammersmith and Fulham,25,42,181.6
E01016441,Reading 018E,Reading,3,42,419.2
E01001356,Ealing 033C,Ealing,17,41,90.9
E01002066,Haringey 025A,Haringey,8,40,247.7
E01002071,Haringey 025C,Haringey,9,40,247.7
E01012838,Kingston upon Hull 010E,"Kingston upon Hull, City of",3,40,341.0
E01016880,Brighton and Hove 013B,Brighton and Hove,3,40,110.5
E01016885,Brighton and Hove 006D,Brighton and Hove,3,40,110.5
E01015508,Swindon 010A,Swindon,3,39,428.2
E01022933,Havant 019B,Havant,6,39,345.9
E01002082,Haringey 013A,Haringey,8,38,237.2
E01002089,Haringey 013D,Haringey,8,38,237.2
E01002095,Haringey 006D,Haringey,9,38,237.2
E01020979,Hastings 009B,Hastings,9,38,53.3
E01020980,Hastings 009C,Hastings,9,38,53.3
E01001358,Ealing 033E,Ealing,17,37,282.8
E01014800,North Somerset 020B,North Somerset,6,36,334.0
E01014801,North Somerset 020C,North Somerset,6,36,334.0
E01014829,North Somerset 021A,North Somerset,6,36,334.0
E01014831,North Somerset 021C,North Somerset,6,36,334.0
E01014832,North Somerset 021D,North Somerset,6,36,334.0
E01014833,North Somerset 021E,North Somerset,6,36,334.0
E01014834,North Somerset 025D,North Somerset,6,36,334.0
E01032278,Redditch 005D,Redditch,6,36,238.2
E01032245,Redditch 002D,Redditch,5,35,238.7
E01001811,Hackney 002D,Hackney,6,34,192.4
E01024049,Canterbury 014B,Canterbury,6,34,123.4
E01000782,Bromley 001D,Bromley,2,33,62.3
E01001562,Enfield 037D,Enfield,8,33,206.5
E01002093,Haringey 005B,Haringey,8,33,206.5
E01006761,Liverpool 020B,Liverpool,5,33,177.4
E01024621,Swale 004E,Swale,8,33,82.3
E01001813,Hackney 002E,Hackney,5,32,181.9
E01012854,Kingston upon Hull 029C,"Kingston upon Hull, City of",1,32,308.3
E01015544,Swindon 003B,Swindon,3,32,341.2
E01015545,Swindon 003C,Swindon,3,32,341.2
E01015546,Swindon 003D,Swindon,3,32,341.2
E01022001,Tendring 001D,Tendring,5,32,63.3
E01033701,Hackney 002F,Hackney,5,32,181.9
E01009607,Coventry 004C,Coventry,6,31,125.6
E01012033,Middlesbrough 019D,Middlesbrough,10,31,230.9
E01012850,Kingston upon Hull 024A,"Kingston upon Hull, City of",2,31,34.8
E01006506,Knowsley 004B,Knowsley,6,30,204.3
E01006567,Liverpool 026A,Liverpool,3,30,119.8
E01006653,Liverpool 001B,Liverpool,6,30,204.3
E01006658,Liverpool 001D,Liverpool,6,30,204.3
E01006659,Liverpool 005B,Liverpool,6,30,204.3
E01006660,Liverpool 001E,Liverpool,6,30,204.3
E01006663,Liverpool 004C,Liverpool,7,30,204.3
E01006735,Liverpool 005D,Liverpool,6,30,204.3
E01006736,Liverpool 005E,Liverpool,7,30,204.3
E01006737,Liverpool 005F,Liverpool,7,30,204.3
E01006661,Liverpool 004A,Liverpool,5,29,202.4
E01006662,Liverpool 004B,Liverpool,5,29,202.4
E01006730,Liverpool 011C,Liverpool,5,29,202.4
E01006731,Liverpool 011D,Liverpool,5,29,202.4
E01006734,Liverpool 005C,Liverpool,5,29,202.4
E01002673,Hounslow 020E,Hounslow,7,28,216.3
E01003515,Newham 036D,Newham,17,28,138.8
E01009631,Coventry 020C,Coventry,10,28,36.6
E01015307,Bournemouth 005A,"Bournemouth, Christchurch and Poole",9,28,118.8
E01015309,Bournemouth 005B,"Bournemouth, Christchurch and Poole",9,28,118.8
E01016844,Milton Keynes 023D,Milton Keynes,2,28,138.5
E01002026,Haringey 016A,Haringey,5,27,151.2
E01006598,Liverpool 010A,Liverpool,4,27,200.9
E01006599,Liverpool 010B,Liverpool,4,27,200.9
E01006664,Liverpool 004D,Liverpool,4,27,200.9
E01006672,Liverpool 010E,Liverpool,4,27,200.9
E01033759,Liverpool 010F,Liverpool,4,27,200.9
E01009577,Coventry 007A,Coventry,5,26,136.8
E01009579,Coventry 007B,Coventry,5,26,136.8
E01009581,Coventry 007C,Coventry,4,26,136.8
E01007085,Sefton 023B,Sefton,7,25,108.5
E01024389,Maidstone 013A,Maidstone,15,25,34.9
E01002758,Islington 001C,Islington,5,24,42.8
E01002773,Islington 004D,Islington,6,24,24.8
E01006585,Liverpool 032B,Liverpool,5,24,49.7
E01009574,Coventry 015F,Coventry,9,24,16.1
E01009622,Coventry 012A,Coventry,9,24,16.1
E01014844,North Somerset 018D,North Somerset,5,23,173.3
E01006569,Liverpool 029B,Liverpool,3,22,173.2
E01006600,Liverpool 011A,Liverpool,3,22,173.2
E01006604,Liverpool 016A,Liverpool,3,22,173.2
E01006605,Liverpool 016B,Liverpool,3,22,173.2
E01006618,Liverpool 016C,Liverpool,3,22,173.2
E01006768,Liverpool 020F,Liverpool,3,22,173.2
E01015663,Peterborough 009D,Peterborough,13,21,31.1
E01009567,Coventry 009C,Coventry,8,20,8.7
E01009570,Coventry 015B,Coventry,8,20,8.7
E01009571,Coventry 015C,Coventry,8,20,8.7
E01009572,Coventry 015D,Coventry,8,20,8.7
E01009637,Coventry 024B,Coventry,8,20,8.7
E01009638,Coventry 024C,Coventry,8,20,8.7
E01009640,Coventry 024E,Coventry,8,20,8.7
E01012761,Kingston upon Hull 015A,"Kingston upon Hull, City of",2,20,23.0
E01012778,Kingston upon Hull 004A,"Kingston upon Hull, City of",2,20,23.0
E01012790,Kingston upon Hull 004D,"Kingston upon Hull, City of",2,20,23.0
E01012856,Kingston upon Hull 024C,"Kingston upon Hull, City of",1,20,23.0
E01012857,Kingston upon Hull 024D,"Kingston upon Hull, City of",1,20,23.0
E01012867,Kingston upon Hull 024E,"Kingston upon Hull, City of",2,20,23.0
E01012905,Kingston upon Hull 006C,"Kingston upon Hull, City of",2,20,23.0
E01012906,Kingston upon Hull 004E,"Kingston upon Hull, City of",2,20,23.0
E01012908,Kingston upon Hull 004F,"Kingston upon Hull, City of",2,20,23.0
E01015658,Peterborough 007E,Peterborough,10,20,33.8
E01026083,East Lindsey 015A,East Lindsey,2,20,178.8
E01026092,East Lindsey 014A,East Lindsey,1,20,178.8
E01026093,East Lindsey 014B,East Lindsey,1,20,178.8
E01026094,East Lindsey 015B,East Lindsey,2,20,178.8
E01026114,East Lindsey 014D,East Lindsey,2,20,178.8
E01003486,Newham 033C,Newham,15,19,61.8
E01009564,Coventry 005A,Coventry,7,19,8.4
E01009569,Coventry 015A,Coventry,7,19,8.4
E01015593,Peterborough 009A,Peterborough,11,19,35.8
E01015596,Peterborough 009B,Peterborough,10,19,35.8
E01015639,Peterborough 021B,Peterborough,9,19,23.8
E01015661,Peterborough 010D,Peterborough,12,19,24.6
E01026072,East Lindsey 005A,East Lindsey,2,19,152.5
E01026073,East Lindsey 005B,East Lindsey,2,19,152.5
E01026074,East Lindsey 005C,East Lindsey,2,19,152.5
E01026109,East Lindsey 006C,East Lindsey,2,19,152.5
E01024193,Dover 011A,Dover,5,18,20.5
E01024196,Dover 011D,Dover,5,18,20.5
E01024215,Dover 013B,Dover,5,18,20.5
E01024240,Dover 011F,Dover,5,18,20.5
E01024618,Swale 006D,Swale,8,18,41.3
E01033211,Dover 012F,Dover,5,18,20.5
E01001575,Greenwich 003A,Greenwich,7,17,68.0
E01002280,Havering 004A,Havering,1,17,192.2
E01015597,Peterborough 011E,Peterborough,12,17,17.1
E01015771,Luton 003B,Luton,11,17,19.6
E01024397,Maidstone 013D,Maidstone,15,17,20.4
E01026680,King's Lynn and West Norfolk 001A,King's Lynn and West Norfolk,3,17,17.8
E01031558,Crawley 013D,Crawley,3,17,120.8
E01001013,Croydon 020B,Croydon,4,16,25.0
E01001740,Hackney 014A,Hackney,8,16,45.1
E01015637,Peterborough 021A,Peterborough,7,16,16.8
E01015642,Peterborough 021E,Peterborough,7,16,16.8
E01015647,Peterborough 021F,Peterborough,6,16,16.8
E01015664,Peterborough 009E,Peterborough,12,16,21.8
E01016368,Reading 017A,Reading,3,14,168.5
E01016372,Reading 017B,Reading,3,14,168.5
E01021997,Tendring 001A,Tendring,4,14,15.5
E01021998,Tendring 001B,Tendring,4,14,15.5
E01024580,Swale 006A,Swale,5,14,32.7
E01024581,Swale 006B,Swale,5,14,32.7
E01024662,Thanet 006C,Thanet,6,14,33.5
E01024663,Thanet 006D,Thanet,6,14,33.5
E01003290,Lewisham 012C,Lewisham,6,12,81.2
E01021290,Basildon 016D,Basildon,3,12,24.0
E01001714,Hackney 002A,Hackney,4,11,144.5
E01003291,Lewisham 012D,Lewisham,5,11,80.9
E01017466,Bedford 012A,Bedford,3,11,65.0
E01017471,Bedford 012F,Bedford,3,11,65.0
E01017502,Bedford 010F,Bedford,3,11,65.0
E01022905,Havant 010C,Havant,9,11,36.8
E01022967,Havant 006D,Havant,8,11,36.8
E01022968,Havant 008C,Havant,9,11,36.8
E01024148,Dartford 001A,Dartford,4,10,84.4
E01024649,Thanet 016C,Thanet,4,10,26.9
E01024667,Thanet 016D,Thanet,4,10,26.9
E01024671,Thanet 016E,Thanet,4,10,26.9
E01024682,Thanet 013A,Thanet,5,10,26.9
E01024683,Thanet 013B,Thanet,5,10,26.9
E01024687,Thanet 013E,Thanet,4,10,26.9
E01002783,Islington 010B,Islington,6,9,17.4
E01003318,Lewisham 020B,Lewisham,4,9,76.4
E01017477,Bedford 015F,Bedford,3,9,60.5
E01018103,Fenland 003F,Fenland,2,9,23.3
E01018107,Fenland 002C,Fenland,2,9,23.3
E01018108,Fenland 002D,Fenland,2,9,23.3
E01022903,Havant 008A,Havant,8,9,20.5
E01009718,Coventry 019E,Coventry,3,8,29.1
E01024657,Thanet 001A,Thanet,5,8,16.6
E01024658,Thanet 001B,Thanet,5,8,16.6
E01024660,Thanet 001D,Thanet,5,8,16.6
E01024661,Thanet 004A,Thanet,5,8,16.6
E01024666,Thanet 006E,Thanet,5,8,16.6
E01024676,Thanet 003A,Thanet,5,8,16.6
E01024678,Thanet 001E,Thanet,5,8,16.6
E01024697,Thanet 003D,Thanet,5,8,16.6
E01032509,Liverpool 027H,Liverpool,3,8,5.9
E01016842,Milton Keynes 023B,Milton Keynes,1,7,19.2
E01016843,Milton Keynes 023C,Milton Keynes,1,7,19.2
E01016845,Milton Keynes 018C,Milton Keynes,1,7,19.2
E01016847,Milton Keynes 021D,Milton Keynes,1,7,19.2
E01001510,Enfield 014D,Enfield,3,6,55.3
E01001517,Enfield 006C,Enfield,2,6,55.3
E01004083,Sutton 019A,Sutton,2,5,13.5
E01003192,Lewisham 034D,Lewisham,2,4,4.5
E01006573,Liverpool 029C,Liverpool,2,4,5.0
E01006711,Liverpool 027A,Liverpool,2,4,5.0
E01015932,Thurrock 006A,Thurrock,1,4,2.0
E01026112,East Lindsey 017D,East Lindsey,3,4,39.2
E01032508,Liverpool 027G,Liverpool,2,4,5.0
E01032569,Croydon 045E,Croydon,2,4,4.5
E01003347,Lewisham 030A,Lewisham,2,2,3.9
E01009709,Coventry 007F,Coventry,4,2,0.2
E01024672,Thanet 005A,Thanet,3,2,0.8
E01024710,Thanet 003E,Thanet,3,2,0.8
E01026467,Breckland 015C,Breckland,3,1,0.2
E01001080,Croydon 036C,Croydon,0,0,0.0
E01001410,Enfield 005C,Enfield,1,0,0.0
E01001442,Enfield 002A,Enfield,1,0,0.0
E01001545,Enfield 002B,Enfield,1,0,0.0
E01002732,Islington 005A,Islington,2,0,0.0
E01002736,Islington 005C,Islington,2,0,0.0
E01016863,Brighton and Hove 032A,Brighton and Hove,2,0,0.0
E01016864,Brighton and Hove 025A,Brighton and Hove,2,0,0.0
E01016865,Brighton and Hove 025B,Brighton and Hove,2,0,0.0
E01016866,Brighton and Hove 025C,Brighton and Hove,2,0,0.0
E01016867,Brighton and Hove 025D,Brighton and Hove,2,0,0.0
E01016868,Brighton and Hove 025E,Brighton and Hove,2,0,0.0
E01016895,Brighton and Hove 025F,Brighton and Hove,2,0,0.0
E01016900,Brighton and Hove 008A,Brighton and Hove,2,0,0.0
E01016904,Brighton and Hove 008C,Brighton and Hove,2,0,0.0
E01016908,Brighton and Hove 009C,Brighton and Hove,2,0,0.0
E01016915,Brighton and Hove 002D,Brighton and Hove,2,0,0.0
E01016942,Brighton and Hove 031C,Brighton and Hove,2,0,0.0
E01016947,Brighton and Hove 030C,Brighton and Hove,2,0,0.0
E01023536,Hertsmere 006C,Hertsmere,0,0,0.0
