from_publisher,to_body_normalised,gbp,transactions,self_flag
Department of Health and Social Care,NHS ENGLAND CBA033,951582534602.39,307,0
Department of Health and Social Care,NHS ENGLAND,42914809436.4,22,0
Department of Health and Social Care,PUBLIC HEALTH ENGLAND PHE033,29227947180.6,308,0
Department of Health and Social Care,NHS BUSINESS SERVICES AUTHORITY NHSBSA,22096052680.72,480,0
Home Office,GREATER LONDON AUTHORITY G,12352426256.37,363,0
"Ministry of Housing, Communities and Local Government",GREATER LONDON AUTHORITY,10233612641.42,813,0
"Department for Science, Innovation and Technology",UKRI ENGINEERING PHYSICAL SCIENCES RESEARCH COUNCIL,7949419661.0,26,0
Department of Health and Social Care,UK HEALTH SECURITY AGENCY UKHSA,7069753638.4,18,0
Department for Education,BIRMINGHAM CITY COUNCIL,6966499686.1,4274,0
Department for Education,LANCASHIRE COUNTY COUNCIL,6731403574.34,3495,0
Department for Education,KENT COUNTY COUNCIL,6690388877.58,6463,0
Department for Education,HAMPSHIRE COUNTY COUNCIL,6390895413.02,1421,0
Department for Education,ESSEX COUNTY COUNCIL,5490436623.36,2066,0
Department for Education,SURREY COUNTY COUNCIL,4779398345.64,3519,0
Department of Health and Social Care,NHS SUPPLY CHAIN,4615533156.64,587,0
Department for Education,LEEDS CITY COUNCIL,4408201275.77,4044,0
Department for Education,WEST SUSSEX COUNTY COUNCIL,3812514375.62,3452,0
Department for Education,HERTFORDSHIRE COUNTY COUNCIL,3687431065.45,4795,0
Department of Health and Social Care,DEPARTMENT FOR COMMUNITIES LOCAL GOVERNMENT DCLG,3594055801.09,74,0
Department for Education,DERBYSHIRE COUNTY COUNCIL,3573755456.82,3950,0
Department for Education,NOTTINGHAMSHIRE COUNTY COUNCIL,3263496162.73,2618,0
Department for Education,NORFOLK COUNTY COUNCIL,3220838778.36,2569,0
Department of Health and Social Care,DEPARTMENT FOR BUSINESS ENERGY INDUSTRIAL STRATEGY BEIS,3120428697.22,18,0
Department for Education,HIGHER EDUCATION FUNDING COUNCIL,2936407346.97,16,0
Home Office,OFFICE OF THE POLICE CRIME COMMISSIONER FOR GREATER MANCHESTER G,2809832664.86,405,0
Department for Education,LIVERPOOL CITY COUNCIL,2785876442.97,3633,0
Department for Education,MANCHESTER CITY COUNCIL,2776760215.91,1216,0
Department for Education,NORTH YORKSHIRE COUNTY COUNCIL,2767661595.72,3771,0
Department for Education,DEVON COUNTY COUNCIL,2727529805.71,2063,0
Department for Education,LINCOLNSHIRE COUNTY COUNCIL,2713430192.48,2212,0
Department for Education,SUFFOLK COUNTY COUNCIL,2649839401.71,2424,0
"Ministry of Housing, Communities and Local Government",NORFOLK COUNTY COUNCIL,2557974823.48,1015,0
"Ministry of Housing, Communities and Local Government",LIVERPOOL CITY COUNCIL,2519638294.43,1431,0
Department of Health and Social Care,HAMPSHIRE PCT,2463317000.0,20,0
Department for Education,OXFORDSHIRE COUNTY COUNCIL,2397501286.7,2205,0
Department for Education,NORTHAMPTONSHIRE COUNTY COUNCIL,2394030033.36,2040,0
Department for Education,STAFFORDSHIRE COUNTY COUNCIL,2377353672.28,5058,0
Department for Education,DURHAM COUNTY COUNCIL,2370052146.12,1693,0
Department for Education,DEPARTMENT FOR BUSINESS INNOVATION SKILLS,2360649955.1,135,0
Department for Education,WARWICKSHIRE COUNTY COUNCIL,2359380347.81,1958,0
Department for Education,GLOUCESTERSHIRE COUNTY COUNCIL,2314735080.74,1319,0
Department for Education,LEICESTER CITY COUNCIL,2313084174.46,1425,0
Ministry of Justice,LEGAL AID AGENCY LAA,2272973874.0,99,0
Department for Education,CUMBRIA COUNTY COUNCIL,2271059328.38,2821,0
Department for Education,SHEFFIELD CITY COUNCIL,2270718779.55,1657,0
Department for Education,EAST SUSSEX COUNTY COUNCIL,2260644878.14,1577,0
"Ministry of Housing, Communities and Local Government",HAMPSHIRE COUNTY COUNCIL,2255754640.84,866,0
Department of Health and Social Care,SURREY PCT,2243898890.0,23,0
Department for Education,CAMBRIDGESHIRE COUNTY COUNCIL,2241268015.59,1119,0
Department for Education,LEICESTERSHIRE COUNTY COUNCIL,2216338012.83,1838,0
Department of Health and Social Care,HERTFORDSHIRE PCT,2201584301.0,38,0
Home Office,OFFICE OF THE WEST YORKSHIRE POLICE CRIME COMMISSIONER G,2143788374.02,410,0
Department for Education,WORCESTERSHIRE COUNTY COUNCIL,2139665389.45,2175,0
Department of Health and Social Care,BARTS HEALTH NHS TRUST,2087701153.58,875,0
"Department for Science, Innovation and Technology",UKRI SCIENCE TECHNOLOGY FACILITIES COUNCIL,2080180202.44,27,0
"Ministry of Housing, Communities and Local Government",LONDON BOROUGH OF HACKNEY,1988364515.3,1102,0
Department for Education,SOMERSET COUNTY COUNCIL,1987994812.06,1678,0
Department for Education,BRADFORD CITY COUNCIL,1923803512.41,3131,0
Department for Education,BRISTOL CITY COUNCIL,1921536044.73,1498,0
Department for Education,CHESHIRE WEST CHESTER COUNCIL,1889341913.68,2189,0
Department for Education,BUCKINGHAMSHIRE COUNTY COUNCIL,1870131461.13,2268,0
"Department for Science, Innovation and Technology",UKRI MEDICAL RESEARCH COUNCIL,1846727866.76,23,0
"Ministry of Housing, Communities and Local Government",LONDON BOROUGH OF NEWHAM,1837606143.41,1166,0
Department for Education,CORNWALL COUNCIL,1831937542.97,1958,0
"Foreign, Commonwealth and Development Office (FCDO)",HOME OFFICE,1763114347.11,78,0
"Ministry of Housing, Communities and Local Government",BRADFORD MBC,1747610300.79,1110,0
Department for Education,EALING LONDON BOROUGH COUNCIL,1733194336.14,1912,0
Home Office,OFFICE OF THE POLICE CRIME COMMISSIONER FOR MERSEYSIDE G,1721409618.39,376,0
Department for Education,HM TREASURY CFER PAYOVER,1714900677.13,1,0
Department of Health and Social Care,LEEDS PCT,1701222816.2,46,0
Department of Health and Social Care,EASTERN COASTAL KENT PCT,1700691300.0,24,0
Department for Education,LEWISHAM LONDON BOROUGH COUNCIL,1672675172.44,1504,0
Department for Education,NEWHAM LONDON BOROUGH COUNCIL,1663846521.38,860,0
"Ministry of Housing, Communities and Local Government",LONDON BOROUGH OF LAMBETH,1654657526.0,1321,0
Department of Health and Social Care,WEST SUSSEX PCT,1654071898.88,22,0
Department of Health and Social Care,NORFOLK PCT,1616359915.0,44,0
Department of Health and Social Care,NORTH YORKSHIRE YORK PCT,1613890745.0,37,0
Department for Education,COVENTRY CITY COUNCIL,1611296250.12,1982,0
"Ministry of Housing, Communities and Local Government",DURHAM COUNTY COUNCIL,1589574364.25,990,0
Department of Health and Social Care,NHS LITIGATION AUTHORITY,1577126143.0,35,0
Department of Health and Social Care,LINCOLNSHIRE PCT,1567624000.0,23,0
Department of Health and Social Care,DEVON PCT,1565944996.97,37,0
Department for Education,SALFORD CITY COUNCIL,1533616304.61,882,0
Department of Health and Social Care,DERBYSHIRE COUNTY PCT,1530539000.0,22,0
Department for Education,REDBRIDGE LONDON BOROUGH COUNCIL,1500950071.79,2578,0
Department for Education,ENFIELD LONDON BOROUGH COUNCIL,1498054355.39,2482,0
"Ministry of Housing, Communities and Local Government",NORTHAMPTONSHIRE COUNTY COUNCIL,1472740789.11,762,0
Department for Education,BRIGHTON HOVE CITY COUNCIL,1469942117.22,1330,0
"Department for Digital, Culture, Media and Sport",ARTS COUNCIL OF ENGLAND,1446958341.03,48,0
Home Office,OFFICE OF THE POLICE CRIME COMMISSIONER FOR NORTHUMBRIA G,1441392928.46,357,0
Department for Education,MILTON KEYNES COUNCIL,1422554051.83,1516,0
"Ministry of Housing, Communities and Local Government",NOTTINGHAM CITY COUNCIL,1410318817.19,1435,0
Department for Education,GREENWICH LONDON BOROUGH COUNCIL,1410115867.57,1322,0
Department of Health and Social Care,NORTHAMPTONSHIRE PCT,1398217000.0,19,0
Department of Health and Social Care,WEST KENT PCT,1390290000.0,24,0
Department of Health and Social Care,MANCHESTER PCT,1387397570.0,35,0
Department of Health and Social Care,NOTTINGHAMSHIRE COUNTY TEACHING PCT,1379819022.0,25,0
Department of Health and Social Care,LIVERPOOL PCT,1359294209.0,29,0
Department for Education,LUTON BOROUGH COUNCIL,1340037161.95,919,0
Department for Education,DERBY CITY COUNCIL,1330250755.06,1557,0
Department of Health and Social Care,HM TREASURY HMT,1329220192.64,56,0
Department for Education,HACKNEY LONDON BOROUGH COUNCIL,1301289611.22,1217,0
Department for Education,NOTTINGHAM CITY COUNCIL,1296167074.48,815,0
Department of Health and Social Care,COUNTY DURHAM PCT,1292123487.0,23,0
Department of Health and Social Care,OXFORDSHIRE PCT,1290023083.13,54,0
Department for Education,SANDWELL METRO BOROUGH COUNCIL,1288297490.66,1145,0
Home Office,POLICE CRIME COMMISSIONER FOR HAMPSHIRE G,1287431860.99,353,0
Department for Education,WOLVERHAMPTON CITY COUNCIL,1287192761.58,2280,0
"Ministry of Housing, Communities and Local Government",SANDWELL MBC,1286195972.28,1275,0
Department for Education,BARNET LONDON BOROUGH COUNCIL,1274786284.29,1436,0
Department of Health and Social Care,SHEFFIELD PCT,1274422773.0,21,0
"Ministry of Housing, Communities and Local Government",GREATER LONDON AUTHORITY FIRE,1269347988.0,152,0
Department of Health and Social Care,LEICESTERSHIRE COUNTY RUTLAND PCT,1266547000.0,19,0
Department for Education,BRENT LONDON BOROUGH COUNCIL,1263604490.68,1269,0
Department for Education,CROYDON LONDON BOROUGH COUNCIL,1250573620.83,1600,0
Department of Health and Social Care,GLOUCESTERSHIRE PCT,1247738380.0,23,0
Department of Health and Social Care,CAMBRIDGE UNIVERSITY HOSPITALS NHS FOUNDATION TRUST,1246836892.05,836,0
Department for Education,LAMBETH LONDON BOROUGH COUNCIL,1245722400.02,1427,0
Home Office,POLICE CRIME COMMISSIONER FOR LANCASHIRE THE G,1242490246.2,340,0
Department of Health and Social Care,CORNWALL ISLES OF SCILLY PCT,1219770852.0,24,0
Department for Education,SOUTHWARK LONDON BOROUGH COUNCIL,1217732524.71,812,0
Department for Education,SOUTHAMPTON CITY COUNCIL,1213811483.96,851,0
Department for Education,STAFFORDSHIRE COUNCIL,1211260058.07,245,0
Department of Health and Social Care,SOUTH STAFFORDSHIRE PCT,1205927000.0,22,0
"Department for Science, Innovation and Technology",UKRI BIOTECHNOLOGY BIOLOGICAL SCIENCE RESEARCH COUNCIL,1204000000.0,41,0
Department of Health and Social Care,SUFFOLK PCT,1203354000.0,23,0
Department for Education,SHROPSHIRE COUNCIL,1192039544.66,1565,0
Home Office,AVON SOMERSET POLICE CRIME COMMISSIONER G,1186170229.32,416,0
Home Office,POLICE CRIME COMMISSIONER FOR DEVON CORNWALL G,1171219055.3,319,0
Department of Health and Social Care,BRADFORD AIREDALE PCT,1167860596.0,38,0
Home Office,OFFICE OF THE KENT POLICE CRIME COMMISSIONER G,1165733054.67,320,0
Department for Education,WILTSHIRE COUNCIL,1165360747.25,1062,0
Department of Health and Social Care,CAMBRIDGESHIRE PCT,1153616373.64,62,0
Department for Education,CHESHIRE EAST COUNCIL,1143517363.62,1204,0
Department for Education,LONDON BOROUGH OF TOWER HAMLETS,1143160255.57,714,0
Department of Health and Social Care,CUMBRIA PCT,1143155000.0,20,0
Department for Education,HARINGEY LONDON BOROUGH COUNCIL,1137462990.85,1007,0
Department of Health and Social Care,SOMERSET PCT,1133854169.9,28,0
Department for Education,BOLTON METRO BOROUGH COUNCIL,1124500469.72,1114,0
Department of Health and Social Care,UNIVERSITY HOSPITALS OF LEICESTER NHS TRUST,1122320657.64,923,0
Department for Education,DORSET COUNTY COUNCIL,1120307124.08,2301,0
Department for Work and Pensions,INLAND REVENUE SHIPLEY NATIONAL INSURANCE,1110849757.57,123,0
Department for Education,MEDWAY COUNCIL,1102839671.51,1104,0
Department of Health and Social Care,WORCESTERSHIRE PCT,1099809000.0,21,0
"Ministry of Housing, Communities and Local Government",WORCESTERSHIRE COUNTY COUNCIL,1099604936.68,978,0
Department for Education,PETERBOROUGH CITY COUNCIL,1098840172.37,1611,0
"Ministry of Housing, Communities and Local Government",WEST MIDLANDS POLICE AUTH,1094757075.56,153,0
Department of Health and Social Care,WARWICKSHIRE PCT,1090735531.0,22,0
Home Office,POLICE CRIME COMMISSIONER FOR SUSSEX THE G,1088118973.96,409,0
Department for Education,NEWCASTLE CITY COUNCIL,1075076508.92,709,0
Department for Education,HOUNSLOW LONDON BOROUGH COUNCIL,1073954759.34,1030,0
Department for Education,CAMDEN LONDON BOROUGH COUNCIL,1073912728.95,2069,0
Home Office,POLICE CRIME COMMISSIONER FOR ESSEX G,1070524450.25,342,0
"Ministry of Housing, Communities and Local Government",VALUATION OFFICE AGENCY,1068265980.76,344,0
Department of Health and Social Care,NHS TRUST DEVELOPMENT AUTHORITY,1059778938.25,96,0
Department for Education,WIRRAL METRO BOROUGH COUNCIL,1053939190.6,1668,0
"Ministry of Housing, Communities and Local Government",HULL CITY COUNCIL,1051232364.04,1091,0
Department for Education,BARKING DAGENHAM LONDON BOROUGH COUNCIL,1046186184.33,685,0
"Ministry of Housing, Communities and Local Government",WALSALL MBC,1043136244.35,1145,0
Department for Education,STOKE ON TRENT CITY COUNCIL,1043038185.31,951,0
"Ministry of Housing, Communities and Local Government",KNOWSLEY MBC,1036624816.4,1144,0
Department of Health and Social Care,BIRMINGHAM EAST NORTH PCT,1029248000.0,22,0
Department for Education,NORTHUMBERLAND COUNTY COUNCIL,1028939632.25,818,0
Department for Education,STOCKPORT METRO BOROUGH COUNCIL,1027664698.94,366,0
Department of Health and Social Care,CENTRAL LANCASHIRE PCT,1016494000.0,20,0
Department for Education,CITY OF BRADFORD METROPOLITAN DISTRICT COUNCIL,1015381175.14,214,0
Foreign and Commonwealth Office,HOME OFFICE,1010087462.52,444,0
Department for Education,EAST RIDING OF YORKSHIRE COUNCIL,1004572344.55,2246,0
Department for Education,PLYMOUTH CITY COUNCIL,1003186397.27,1584,0
Department for Education,ROCHDALE BOROUGH COUNCIL,1002461120.54,655,0
Department for Education,CENTRAL BEDFORDSHIRE COUNCIL,995445795.83,1055,0
Department of Health and Social Care,BRISTOL PCT,993213640.0,72,0
Department of Health and Social Care,PUBLIC HEALTH ENGLAND,988299804.24,29,0
"Ministry of Housing, Communities and Local Government",OLDHAM MBC,987047410.53,1269,0
Department for Education,WARRINGTON BOROUGH COUNCIL,987025180.65,971,0
Department for Education,WIGAN METRO BOROUGH COUNCIL,981132797.01,735,0
Department for Education,DUDLEY METRO BOROUGH COUNCIL,978841142.74,822,0
"Ministry of Housing, Communities and Local Government",WOLVERHAMPTON MBC,977639980.98,1060,0
Home Office,POLICE CRIME COMMISIONER FOR THAMES VALLEY G,969597567.68,282,0
"Ministry of Housing, Communities and Local Government",DONCASTER MBC,961689541.2,1166,0
Department of Health and Social Care,BRIGHTON SUSSEX UNIVERSITY HOSPITALS NHS TRUST,958721018.05,336,0
Department of Health and Social Care,UNITED LINCOLNSHIRE HOSPITALS NHS TRUST,958499974.1,148,0
Department of Health and Social Care,LAMBETH PCT,956192000.0,22,0
Department for Education,ISLINGTON LONDON BOROUGH COUNCIL,955145698.21,1085,0
Department of Health and Social Care,BUCKINGHAMSHIRE PCT,952961000.0,21,0
Department of Health and Social Care,NHS BLOOD TRANSPLANT NHSBT,951147745.4,480,0
Department for Education,SOUTH GLOUCESTERSHIRE COUNCIL,949646535.84,1597,0
Department of Health and Social Care,CENTRAL EASTERN CHESHIRE PCT,937212000.0,21,0
Department for Education,WALSALL METRO BOROUGH COUNCIL,928887471.24,1254,0
Department for Education,OLDHAM METRO BOROUGH COUNCIL,926699238.56,582,0
"Department for Science, Innovation and Technology",UKRI NATURAL ENVIRONMENT RESEARCH COUNCIL,915897501.61,39,0
Department for Education,KIRKLEES METRO COUNCIL,913225275.38,284,0
Department for Education,HILLINGDON LONDON BOROUGH COUNCIL,911746817.69,1032,0
Department for Education,KIRKLEES COUNCIL,908014178.23,265,0
Department of Health and Social Care,BERKSHIRE WEST PCT,899402000.0,21,0
Department of Health and Social Care,EAST LANCASHIRE PCT,888576000.0,22,0
Department for Education,WEST BERKSHIRE COUNCIL,882112143.2,1455,0
Department for Education,GREATER LONDON AUTHORITY,881055155.0,25,0
Department of Health and Social Care,WEST HERTFORDSHIRE HOSPITALS NHS TRUST,876161530.88,133,0
"Ministry of Housing, Communities and Local Government",CORNWALL COUNCIL,875064753.36,629,0
Department for Education,PORTSMOUTH CITY COUNCIL,873802526.09,581,0
Department for Education,MERTON BOROUGH COUNCIL,873467568.0,1374,0
Department of Health and Social Care,WILTSHIRE PCT,872583000.0,21,0
Department of Health and Social Care,KIRKLEES PCT,865597040.0,21,0
Department for Education,NORTH TYNESIDE METRO BOROUGH COUNCIL,865540473.32,1760,0
Department of Health and Social Care,SOUTH WEST ESSEX PCT,845180391.7,22,0
Department of Health and Social Care,SOUTH BIRMINGHAM PCT,844919603.74,53,0
Department of Health and Social Care,WESTMINSTER PCT,839705000.0,22,0
Department of Health and Social Care,DORSET PCT,839392082.0,31,0
Department for Education,LONDON BOROUGH OF NEWHAM,838035879.85,226,0
Department of Health and Social Care,WAKEFIELD DISTRICT PCT,835719242.0,25,0
"Ministry of Housing, Communities and Local Government",BARNSLEY MBC,834262268.15,1123,0
NHS East and North Hertfordshire CCG,EAST NORTH HERTFORDSHIRE NHS TRUST,833963669.78,107,0
Department for Education,HARROW LONDON BOROUGH COUNCIL,832601618.81,651,0
"Ministry of Housing, Communities and Local Government",WIGAN MBC,831368674.35,1015,0
Department for Education,NORTH LINCOLNSHIRE COUNCIL,826587200.55,941,0
Department of Health and Social Care,EALING PCT,826569000.0,24,0
Department of Health and Social Care,CROYDON PCT,825659000.0,22,0
"Ministry of Housing, Communities and Local Government",ROTHERHAM MBC,824336815.5,1071,0
"Ministry of Housing, Communities and Local Government",STOKE ON TRENT CITY COUNCIL,822127126.79,1410,0
Department of Health and Social Care,SUTTON MERTON PCT,821728905.76,22,0
"Ministry of Housing, Communities and Local Government",WEST YORKSHIRE POLICE AUTHORITY,821105802.56,201,0
Home Office,OFFICE OF THE POLICE CRIME COMMISSIONER FOR HUMBERSIDE G,820961847.85,361,0
"Ministry of Housing, Communities and Local Government",SEFTON MBC,820714221.89,1103,0
Department for Education,TOWER HAMLETS LONDON BOROUGH COUNCIL,819515788.44,1536,0
Department of Health and Social Care,TOWER HAMLETS PCT,818395956.0,22,0
"Ministry of Housing, Communities and Local Government",SOUTH TYNESIDE COUNCIL,807167719.94,1002,0
Department of Health and Social Care,WIRRAL PCT,806609000.0,23,0
Department of Health and Social Care,BEDFORDSHIRE PCT,805728215.46,24,0
United Lincolnshire Hospitals NHS Trust,HM REVENUE CUSTOMS,804267472.02,556,0
Department of Health and Social Care,NOTTINGHAM CITY PCT,803168044.26,32,0
Department of Health and Social Care,CITY HACKNEY TEACHING PCT,802906458.66,22,0
Department of Health and Social Care,NHS PROPERTY SERVICES,800696193.39,108,0
Department of Health and Social Care,BARKING HAVERING REDBRIDGE UNIVERSITY HOSPITALS NHS TRUST,800334491.55,104,0
Department of Health and Social Care,BERKSHIRE EAST PCT,799170585.0,23,0
Department of Health and Social Care,WORCESTERSHIRE ACUTE HOSPITALS NHS TRUST,797025269.14,165,0
Home Office,OFFICE OF THE POLICE CRIME COMMISSIONER FOR STAFFORDSHIRE G,795211125.66,434,0
Department of Health and Social Care,GUYS ST THOMAS NHS FOUNDATION TRUST,791965015.87,1181,0
Department of Health and Social Care,BARNET PCT,791468000.0,23,0
Department for Education,BLACKBURN WITH DARWEN BOROUGH COUNCIL,787449155.73,475,0
Department of Health and Social Care,SOUTH EAST ESSEX PCT,786440000.0,20,0
Department for Education,SWINDON BOROUGH COUNCIL,785810294.1,604,0
Department of Health and Social Care,EAST SUSSEX DOWNS WEALD PCT,784476000.0,21,0
Department for Education,BURY METRO BOROUGH COUNCIL,777265969.06,935,0
Department of Health and Social Care,NEWHAM PCT,774877000.0,21,0
Department of Health and Social Care,CAMDEN PCT,774344457.0,24,0
Department for Education,TAMESIDE METRO BOROUGH COUNCIL,773702241.79,423,0
Department of Health and Social Care,HALTON ST HELENS PCT,773025129.0,33,0
Department for Education,WALTHAM FOREST LONDON BOROUGH COUNCIL,762268947.71,359,0
Home Office,OFFICE OF THE POLICE CRIME COMMISSIONER FOR LEICESTERSHIRE THE G,760111257.97,426,0
Home Office,POLICE CRIME COMMISSIONER FOR SOUTH WALES POLICE G,759788080.95,232,0
Home Office,POLICE CRIME COMMISSIONER FOR SOUTH YORKSHIRE G,759030037.67,215,0
Department of Health and Social Care,HEART OF BIRMINGHAM TEACHING PCT,758535000.0,22,0
Department of Health and Social Care,UNIVERSITY HOSPITALS OF NORTH MIDLANDS NHS TRUST,754610892.1,238,0
"Ministry of Housing, Communities and Local Government",ROCHDALE MBC,750087908.93,1173,0
Department of Health and Social Care,WANDSWORTH TEACHING PCT,748747000.0,24,0
Department for Education,SLOUGH BOROUGH COUNCIL,746797645.91,1251,0
Department for Education,WAKEFIELD CITY COUNCIL,744795997.56,627,0
Department of Health and Social Care,NORTH LANCASHIRE PCT,742403000.0,20,0
Department of Health and Social Care,SANDWELL PCT,740626000.0,26,0
Department of Health and Social Care,LEICESTER CITY PCT,739592047.0,36,0
Department for Education,HALTON BOROUGH COUNCIL,731980397.01,917,0
Department of Health and Social Care,SOUTHWARK PCT,730405000.0,22,0
Home Office,POLICE CRIME COMMISSIONER FOR CHESHIRE G,730267524.04,354,0
Department for Education,HAVERING LONDON BOROUGH COUNCIL,729320622.93,383,0
Home Office,POLICE CRIME COMMISSIONER FOR DERBYSHIRE G,724497802.18,324,0
Department for Education,TELFORD WREKIN COUNCIL,723846404.38,415,0
Department of Health and Social Care,SUNDERLAND TEACHING PCT,722294252.0,24,0
Department of Health and Social Care,COVENTRY TEACHING PCT,722144551.0,40,0
Department of Health and Social Care,BRENT TEACHING PCT,721477000.0,22,0
Department of Health and Social Care,LEWISHAM PCT,720364800.0,23,0
Department of Health and Social Care,DONCASTER PCT,720077000.0,22,0
Department of Health and Social Care,NEWCASTLE PCT,716694423.0,26,0
Department of Health and Social Care,NORTH EAST ESSEX PCT,716351646.85,29,0
Department for Education,WILTSHIRE COUNTY COUNCIL,713886366.23,386,0
Department for Education,LONDON BOROUGH OF TOWER HAMLETS COUNCIL,710340199.77,190,0
Department for Education,ISLE OF WIGHT COUNCIL,710337842.49,1182,0
Department of Health and Social Care,BOURNEMOUTH POOLE PCT,709332000.0,21,0
Home Office,POLICE CRIME COMMISSIONER FOR HERTFORDSHIRE G,709324951.0,430,0
Department for Education,HEREFORDSHIRE COUNCIL,705794246.54,689,0
"Ministry of Housing, Communities and Local Government",LONDON BOROUGH OF REDBRIDGE,704754080.42,1021,0
Department for Education,WANDSWORTH LONDON BOROUGH COUNCIL,704426786.16,1075,0
Department for Education,ST HELENS METRO BOROUGH COUNCIL,702856110.48,861,0
Department for Education,LONDON BOROUGH OF SUTTON,701212282.25,441,0
Department for Education,ROTHERHAM BOROUGH COUNCIL,700855109.99,950,0
Department for Education,SEFTON METRO BOROUGH COUNCIL,698828006.37,1182,0
Department of Health and Social Care,MID ESSEX PCT,698275200.0,32,0
"Ministry of Housing, Communities and Local Government",WIRRAL MBC,697997284.69,929,0
Department of Health and Social Care,BROMLEY PCT,692421000.0,24,0
Department for Education,KINGSTON UPON HULL CITY COUNCIL,691244704.38,982,0
Department of Health and Social Care,ST GEORGES UNIVERSITY HOSPITALS NHS FOUNDATION TRUST,690444954.64,141,0
Department of Health and Social Care,ENFIELD PCT,686369000.0,24,0
Department of Health and Social Care,ASHTON LEIGH WIGAN PCT,685211000.0,19,0
Department for Education,READING BOROUGH COUNCIL,682104758.46,962,0
"Ministry of Housing, Communities and Local Government",BOLTON MBC,675187258.29,985,0
Department of Health and Social Care,ISLINGTON PCT,674586001.36,30,0
Department of Health and Social Care,HULL PCT,673581000.0,20,0
Department of Health and Social Care,SEFTON PCT,671502000.0,23,0
Department for Education,SOUTHEND ON SEA BOROUGH COUNCIL,668912845.99,1118,0
Department for Education,SANDWELL MBC,667141480.63,241,0
Department of Health and Social Care,DEPARTMENT FOR EDUCATION DFE,667138270.21,48,0
Department of Health and Social Care,STOKE ON TRENT PCT,666714377.0,23,0
Department for Education,DEPARTMENT FOR CULTURE MEDIA SPORT,664731519.25,169,0
Department of Health and Social Care,UNIVERSITY HOSPITALS OF MORECAMBE BAY NHS FOUNDATION TRUST,663237726.69,158,0
Department of Health and Social Care,HM REVENUE CUSTOMS HMRC,662227789.74,155,0
Department of Health and Social Care,MEDWAY NHS FOUNDATION TRUST,661935838.87,118,0
Department of Health and Social Care,GREENWICH TEACHING PCT,658013993.39,24,0
Department of Health and Social Care,DUDLEY PCT,653230000.0,23,0
"Ministry of Housing, Communities and Local Government",NORTHUMBRIA POLICE AUTH,652740925.56,153,0
Ministry of Defence,COUNCIL OF RESERVE FORCES CADETS ASSOCIATIONS,652437333.65,682,0
"Ministry of Housing, Communities and Local Government",MERSEYSIDE POLICE AUTH,651371635.56,153,0
Department for Education,BLACKPOOL BOROUGH COUNCIL,650975299.62,777,0
Department of Health and Social Care,HARINGEY TEACHING PCT,650641300.0,23,0
Department for Education,DONCASTER METRO BOROUGH COUNCIL,649439807.98,898,0
Department for Education,BRACKNELL FOREST BOROUGH COUNCIL,647630605.55,1412,0
Department for Education,SOLIHULL METRO BOROUGH COUNCIL,646829681.95,761,0
"Ministry of Housing, Communities and Local Government",DUDLEY MBC,646319367.09,1077,0
Department for Education,LONDON BOROUGH OF REDBRIDGE,642540127.92,256,0
Department of Health and Social Care,EAST RIDING OF YORKSHIRE PCT,642346000.0,19,0
Department for Education,NORTH SOMERSET COUNCIL,640280535.77,690,0
Department for Education,MIDDLESBROUGH COUNCIL,640080515.34,753,0
Department of Health and Social Care,BRIGHTON HOVE CITY TEACHING PCT,638882997.0,22,0
Department of Health and Social Care,BOLTON PCT,633018959.0,20,0
"Ministry of Housing, Communities and Local Government",TAMESIDE MBC,631145908.56,928,0
Department of Health and Social Care,NHS RESOLUTION FORMERLY LITIGATION AUTHORITY,630853948.62,28,0
Department of Health and Social Care,SALFORD PCT,630072847.0,42,0
Department of Health and Social Care,SHERWOOD FOREST HOSPITALS NHS FOUNDATION TRUST,629401661.99,149,0
"Ministry of Housing, Communities and Local Government",PORTSMOUTH CITY COUNCIL,629363033.03,895,0
Department for Education,LONDON BOROUGH OF EALING COUNCIL,628108858.02,239,0
Department for Education,WIGAN MBC,623268256.35,239,0
Department for Education,WESTMINSTER CITY COUNCIL,622532627.86,853,0
Department of Health and Social Care,SHROPSHIRE COUNTY PCT,622499944.0,21,0
Department for Education,GATESHEAD COUNCIL,622040820.97,911,0
Department for Education,CALDERDALE METRO BOROUGH COUNCIL,621017631.4,943,0
"Ministry of Housing, Communities and Local Government",BARNET LBC,619985089.34,577,0
Department for Education,DEPARTMENT FOR COMMUNTIES LOCAL GOVERNMENT,618737035.32,17,0
Home Office,POLICE CRIME COMMISSIONER FOR SURREY G,614303185.77,331,0
Home Office,POLICE CRIME COMMISSIONER FOR CLEVELAND G,612030721.79,315,0
Department of Health and Social Care,NORFOLK NORWICH UNIVERSITY HOSPITAL NHS FOUNDATION TRUST,607933686.3,522,0
Department for Education,BEDFORD BOROUGH COUNCIL,607085586.7,483,0
Department for Education,REDCAR CLEVELAND BOROUGH COUNCIL,606235267.89,731,0
Department of Health and Social Care,WALSALL TEACHING PCT,601884000.0,22,0
Department of Health and Social Care,EAST SUSSEX HEALTHCARE NHS TRUST,600435109.89,171,0
"Ministry of Housing, Communities and Local Government",NORTH TYNESIDE MBC,599965598.34,1027,0
Department for Education,SOUTH TYNESIDE COUNCIL,599680310.97,776,0
Department for Education,DEPT FOR BUSINESS INNOVATION SKILL,599011468.0,46,0
Department for Education,KNOWSLEY METRO BOROUGH COUNCIL,598282533.34,755,0
Department of Health and Social Care,WOLVERHAMPTON CITY PCT,597313000.0,20,0
Department of Health and Social Care,LIVERPOOL UNIVERSITY HOSPITALS NHS FOUNDATION TRUST,593695675.27,159,0
Department of Health and Social Care,WALTHAM FOREST PCT,593509000.0,21,0
Department of Health and Social Care,DEPARTMENT OF LEVELLING UP COMMUNITY HOUSING,593390079.55,5,0
Department of Health and Social Care,STOCKPORT PCT,589660000.0,21,0
"Department for Science, Innovation and Technology",MET OFFICE,587536662.37,157,0
Department of Health and Social Care,BARNSLEY PCT,587400000.0,22,0
Department of Health and Social Care,DERBY CITY PCT,586336000.0,21,0
Home Office,WEST MIDLANDS POLICE AUTHORITY 1 G,584647595.62,83,0
Department for Education,LONDON BOROUGH OF ENFIELD COUNCIL,584624050.83,187,0
Department for Education,LONDON BOROUGH OF RICHMOND UPON THAMES,583759787.7,372,0
Department for Education,STOCKTON ON TEES BOROUGH COUNCIL,582781957.01,634,0
Home Office,NOTTINGHAMSHIRE OFFICE OF THE POLICE CRIME COMMISSIONER THE G,582724119.24,246,0
Department for Education,BOLTON MBC,581779970.04,215,0
Department of Health and Social Care,ROYAL FREE LONDON NHS FOUNDATION TRUST,581569785.59,374,0
Department of Health and Social Care,WEST ESSEX PCT,580587567.74,24,0
Home Office,OFFICE OF THE DURHAM POLICE CRIME COMMISSIONER G,576784840.85,326,0
Home Office,OFFICE FOR THE POLICE CRIME COMMISSIONER OF NORFOLK G,576212149.36,322,0
Department of Health and Social Care,WESTERN CHESHIRE PCT,575737000.0,22,0
Department of Health and Social Care,HOUNSLOW PCT,572062000.0,22,0
Department of Health and Social Care,ROTHERHAM PCT,571994392.0,23,0
Department of Health and Social Care,PLYMOUTH TEACHING PCT,569437820.0,25,0
Department of Health and Social Care,MEDWAY TEACHING PCT,569297568.0,32,0
Department of Health and Social Care,HILLINGDON PCT,568896000.0,21,0
Department for Education,LONDON BOROUGH OF CROYDON COUNCIL,564263310.1,200,0
Department for Education,ROYAL BOROUGH OF KINGSTON UPON THAMES COUNCIL,560226883.28,355,0
Department for Education,BATH NORTH EAST SOMERSET COUNCIL,558145248.48,754,0
"Ministry of Housing, Communities and Local Government",MERSEYSIDE FIRE RESCUE SERVICE,557432680.47,541,0
Department for Education,DUDLEY MBC,557414304.56,222,0
Department for Education,BROMLEY LONDON BOROUGH COUNCIL,556779440.02,741,0
Department for Education,LONDON BOROUGH OF BRENT,553075613.35,194,0
Department for Education,WALSALL MBC,551965415.55,223,0
Department for Education,WAKEFIELD MDC,551547385.2,226,0
Home Office,GREATER MANCHESTER POLICE AUTHORITY G,551501630.8,67,0
Foreign and Commonwealth Office,BRITISH COUNCIL,551146929.56,330,0
Department of Health and Social Care,HAVERING PCT COMMISSIONING,548412000.0,23,0
Department of Health and Social Care,OLDHAM PCT,547816700.0,21,0
Department for Education,OLDHAM MBC,546961585.48,243,0
Department for Education,LONDON BOROUGH OF GREENWICH,544410908.57,230,0
"Ministry of Housing, Communities and Local Government",CITY OF WAKEFIELD MDC,543741577.49,808,0
Department of Health and Social Care,TAMESIDE GLOSSOP PCT,543310000.0,23,0
Department of Health and Social Care,KENSINGTON CHELSEA PCT,542222000.0,23,0
Department for Education,LONDON BOROUGH OF LEWISHAM,541491178.31,213,0
Department of Health and Social Care,SOUTHAMPTON CITY PCT,539460017.0,25,0
"Ministry of Housing, Communities and Local Government",ST HELENS MBC,537625368.11,892,0
Department for Education,LONDON BOROUGH OF BARNET COUNCIL,534556165.19,179,0
Department for Education,DONCASTER MBC,534014660.6,284,0
Department of Health and Social Care,GREAT YARMOUTH WAVENY PCT,532354000.0,20,0
Department for Education,LONDON BOROUGH OF LAMBETH COUNCIL,530634650.86,191,0
Department for Education,KIRKLEES METROPOLITAN COUNCIL,528945658.83,387,0
Department for Education,TRAFFORD BOROUGH COUNCIL,528893041.82,295,0
Department for Education,SEFTON COUNCIL,527736126.02,236,0
Department for Education,METROPOLITAN BOROUGH OF WIRRAL,526234042.07,237,0
Department of Health and Social Care,REDBRIDGE PCT,526077000.0,22,0
Home Office,WEST YORKSHIRE POLICE G,525847617.09,90,0
Department of Health and Social Care,HAMMERSMITH FULHAM PCT,525597766.0,29,0
Department of Health and Social Care,LANCASHIRE TEACHING HOSPITALS NHS FOUNDATION TRUST,522873283.92,249,0
Department for Education,STOCKPORT MBC,522508832.55,244,0
Department for Education,BEXLEY LONDON BOROUGH COUNCIL,520306515.72,509,0
Department for Education,DEPARTMENT FOR COMMUNITIES LOCAL GOVERNMENT,519638582.78,64,0
Department of Health and Social Care,NORTH TYNESIDE PCT,517277023.0,24,0
Department for Education,HARTLEPOOL BOROUGH COUNCIL,516100617.75,763,0
Home Office,POLICE CRIME COMMISSIONER FOR NORTH YORKSHIRE G,514061141.35,345,0
Home Office,SOUTH YORKSHIRE POLICE CRIME COMMISSIONER G,513751018.05,128,0
Department for Education,CITY OF YORK COUNCIL,513650000.19,1307,0
Department for Education,ROTHERHAM MBC,513314420.52,244,0
Department for Education,WOKINGHAM COUNCIL,511951434.48,1062,0
Department for Education,DORSET COUNCIL,510414509.87,520,0
Home Office,CAMBRIDGESHIRE POLICE CRIME COMMISSIONER G,510178300.16,335,0
Department for Education,ROCHDALE MBC,504666613.02,219,0
Department of Health and Social Care,TRAFFORD PCT,504063000.0,19,0
Department of Health and Social Care,HEYWOOD MIDDLETON ROCHDALE PCT,501438000.0,22,0
Department for Education,LONDON BOROUGH OF SOUTHWARK COUNCIL,500944971.13,211,0
Department for Education,LONDON BOROUGH OF WALTHAM FOREST COUNCIL,500494264.88,195,0
Department for Education,LONDON BOROUGH OF HARINGEY,500388398.55,188,0
Department of Health and Social Care,UNIVERSITY HOSPITALS OF DERBY BURTON NHS FOUNDATION TRUST,499652736.61,145,0
"Ministry of Housing, Communities and Local Government",KIRKLEES MBC,498581823.07,361,0
Department of Health and Social Care,LEEDS TEACHING HOSPITAL NHS TRUST,497001565.91,969,0
Department for Education,LONDON BOROUGH OF HACKNEY,496585164.06,217,0
Department of Health and Social Care,NORTH BRISTOL NHS TRUST,495701059.73,590,0
Department of Health and Social Care,GATESHEAD PCT,493140000.0,20,0
Department for Education,TORBAY COUNCIL,492361763.27,960,0
Department for Education,BUCKINGHAMSHIRE COUNCIL,491977317.16,271,0
Department for Education,ROYAL BOROUGH OF KENSINGTON CHELSEA COUNCIL,481570272.51,421,0
Department of Health and Social Care,NORTH WEST ANGLIA NHS FOUNDATION TRUST,481527164.72,79,0
Department of Health and Social Care,NORTHERN LINCOLNSHIRE GOOLE HOSPITALS NHS FOUNDATION TRUST,480080088.85,120,0
Department of Health and Social Care,SANDWELL WEST BIRMINGHAM HOSPTIALS NHS TRUST,479636019.45,137,0
Home Office,POLICE CRIME COMMISSIONER FOR LINCOLNSHIRE THE G,477757403.44,299,0
Department of Health and Social Care,MILTON KEYNES PCT,475142000.0,20,0
"Department for Science, Innovation and Technology",UKRI ECONOMIC SOCIAL RESEARCH COUNCIL,475000000.0,14,0
Department for Education,BARNSLEY METROPOLITAN BOROUGH COUNCIL,474957081.48,366,0
"Ministry of Housing, Communities and Local Government",LANCASHIRE POLICE AUTHORITY,473796664.56,184,0
Department of Health and Social Care,SOUTH GLOUCESTERSHIRE PCT,473563000.0,23,0
"Ministry of Housing, Communities and Local Government",WILTSHIRE COUNCIL,473346466.19,743,0
"Ministry of Housing, Communities and Local Government",WIRRAL BOROUGH COUNCIL,473307554.0,222,0
Department of Health and Social Care,HARROW PCT,471320000.0,22,0
Department of Health and Social Care,MID SOUTH ESSEX NHS FOUNDATION TRUST,471100141.37,74,0
Department for Education,NORTH EAST LINCOLNSHIRE COUNCIL,469889533.75,633,0
Department for Work and Pensions,CABINET OFFICE,469873722.96,665,0
Department of Health and Social Care,WYE VALLEY NHS TRUST,468806247.34,178,0
Department of Health and Social Care,SCOTTISH GOVERNMENT,467952626.41,69,0
Department of Health and Social Care,NORTH STAFFORDSHIRE PCT,467838160.16,60,0
The Pennine Acute Hospitals NHS Trust,HM REVENUE CUSTOMS PAYE NI ACC,466811489.02,191,0
Department for Work and Pensions,DEPARTMENT FOR COMMUNITIES,466465180.0,788,0
"Ministry of Housing, Communities and Local Government",BRIGHTON HOVE CITY COUNCIL,466247088.68,919,0
Home Office,OFFICE OF THE POLICE CRIME COMMISSIONER FOR SUFFOLK G,466173214.5,383,0
Department of Health and Social Care,PORTSMOUTH CITY TEACHING PCT,465195000.0,19,0
Department of Health and Social Care,NORTH CUMBRIA UNIVERSITY HOSPITALS NHS TRUST,463416054.0,98,0
"Ministry of Housing, Communities and Local Government",THAMES VALLEY POLICE AUTHORITY,463112851.56,178,0
Home Office,DORSET POLICE CRIME COMMISSIONERS G,461632723.52,335,0
Home Office,NORTHAMPTONSHIRE OFFICE OF THE POLICE CRIME COMMISSIONER G,460777387.93,355,0
Department for Education,ROYAL BOROUGH OF WINDSOR MAIDENHEAD,458739084.41,364,0
Department of Health and Social Care,BARKING DAGENHAM PCT,456949000.0,22,0
Department for Education,LONDON BOROUGH OF HILLINGDON COUNCIL,456816219.15,188,0
Department of Health and Social Care,OFFICE FOR NATIONAL STATISTICS ONS,453254105.72,77,0
Department for Education,SUNDERLAND CITY COUNCIL,452008670.26,204,0
Department for Education,LONDON BOROUGH OF BARKING DAGENHAM COUNCIL,450462728.5,203,0
Department of Health and Social Care,CALDERDALE PCT,449828945.86,25,0
Department of Health and Social Care,KNOWSLEY PCT,449738000.0,22,0
Department of Health and Social Care,NEWCASTLE UPON TYNE NHS FOUNDATION TRUST,449581648.48,945,0
Home Office,POLICE CRIME COMMISSIONER FOR BEDFORDSHIRE THE G,446147402.34,332,0
Ministry of Justice,HM TREASURY CFER PAYOVER,444825890.47,68,0
Department for Education,LONDON BOROUGH OF HOUNSLOW COUNCIL,444118996.15,185,0
Department of Health and Social Care,STOCKTON ON TEES TEACHING PCT,442750125.0,35,0
Department of Health and Social Care,NHS INJURY BENEFITS SCHEME,442433922.93,107,0
Home Office,POLICE CRIME COMMISSIONER FOR WILTSHIRE THE G,440675546.46,334,0
Department for Education,BARNSLEY MBC,438934568.1,241,0
Department of Health and Social Care,LUTON TEACHING PCT,437245000.0,23,0
Department for Education,KINGSTON UPON HULL COUNCIL,435053842.46,197,0
Department of Health and Social Care,UNIVERSITY HOSPITALS BRISTOL NHS FOUNDATION TRUST,434456000.76,862,0
NHS Norfolk and Suffolk ICB - 25k Expenditure Report,NORFOLK NORWICH UNIVERSITY HOSPITALS NHS FOUNDATION TRUST,433233357.2,48,0
Department of Health and Social Care,SOUTH TEES HOSPITALS NHS FOUNDATION TRUST,432822818.42,271,0
Department for Education,TAMESIDE MBC,432786981.01,208,0
Department of Health and Social Care,DEPARTMENT FOR BUSINESS INNOVATION SKILLS BIS,431604057.75,27,0
Department of Health and Social Care,NORTH SOMERSET PCT,429586000.0,21,0
Department for Education,LONDON BOROUGH OF WANDSWORTH COUNCIL,428972484.74,171,0
Home Office,CUMBRIA POLICE CRIME COMMISSIONER G,428722112.45,309,0
Portsmouth Hospital NHS Trust,INLAND REVENUE CIS,428699327.7,189,0
Department of Health and Social Care,WARRINGTON PCT,427589000.0,21,0
"Ministry of Housing, Communities and Local Government",MANCHESTER CITY COUNCIL,426250857.03,260,0
"Ministry of Housing, Communities and Local Government",GATESHEAD MBC,424855128.44,672,0
Department of Health and Social Care,CUMBRIA PARTNERSHIP NHS FOUNDATION TRUST,424583093.46,91,0
Department of Health and Social Care,NOTTINGHAM UNIVERSITY HOSPITALS NHS TRUST,420777814.88,1010,0
Department of Health and Social Care,MONITOR INDEPENDENT REGULATOR OF NHS FOUNDATION TRUSTS MIR033,420548444.27,90,0
Department of Health and Social Care,LEWISHAM GREENWICH NHS TRUST,419330407.0,121,0
"Ministry of Housing, Communities and Local Government",REDCAR CLEVELAND BOROUGH COUNCIL,418498944.17,981,0
Home Office,POLICE CRIME COMMISSIONER FOR GLOUCESTERSHIRE G,418262007.23,321,0
Department of Health and Social Care,EAST NORTH HERTFORDSHIRE NHS TRUST,417741230.5,191,0
"Ministry of Housing, Communities and Local Government",KENT POLICE AUTHORITY,417403380.56,190,0
"Ministry of Housing, Communities and Local Government",HAMPSHIRE POLICE AUTHORITY,417331295.56,185,0
Department for Education,LONDON BOROUGH OF BROMLEY COUNCIL,416704863.02,225,0
Department of Health and Social Care,MID YORKSHIRE HOSPITALS NHS TRUST,416112584.68,160,0
Department of Health and Social Care,PENNINE ACUTE HOSPITALS NHS TRUST,414494174.0,87,0
Department for Work and Pensions,DEPARTMENT FOR WORK PENSIONS,413395001.95,299,1
Department of Health and Social Care,PRINCESS ALEXANDRA HOSPITAL NHS TRUST,413255085.24,135,0
Department of Health and Social Care,SOUTH TYNESIDE PCT,412111563.0,29,0
Department of Health and Social Care,MIDDLESBOROUGH PCT,412105152.0,27,0
Department of Health and Social Care,HASTINGS ROTHER PCT,410423000.0,20,0
Department for Education,CALDERDALE MBC,409150767.86,226,0
Department of Health and Social Care,BURY PCT,407020000.0,20,0
Home Office,MERSEYSIDE POLICE AUTHORITY 1 G,405779041.39,97,0
Ministry of Justice,HMRC,405727962.67,446,0
Department of Health and Social Care,BLACKPOOL PCT,402848474.0,27,0
Department of Health and Social Care,OXFORD UNIVERSITY HOSPITALS NHS FOUNDATION TRUST,401113663.38,631,0
"Department for Science, Innovation and Technology",CABINET OFFICE,396349193.16,67,0
Department for Education,HAMMERSMITH FULHAM LONDON BOROUGH COUNCIL,393041309.03,340,0
Department of Health and Social Care,HEREFORDSHIRE PCT,392244000.0,22,0
"Ministry of Housing, Communities and Local Government",GTR MANCHESTER COMBINED AUTHORITY,391976460.0,36,0
"Ministry of Housing, Communities and Local Government",CALDERDALE MBC,391021216.85,880,0
Home Office,POLICE CRIME COMMISSIONER FOR NORTH WALES G,390704701.72,227,0
"Ministry of Housing, Communities and Local Government",HARTLEPOOL BOROUGH COUNCIL,390552617.78,999,0
"Ministry of Housing, Communities and Local Government",STOCKPORT MBC,389621132.78,680,0
Department of Health and Social Care,UNIVERSITY HOSPITAL SOUTHAMPTON NHS FOUNDATION TRUST,387914189.47,982,0
Department of Health and Social Care,SWINDON PCT,387727000.0,21,0
Department for Education,BURY MBC,386789835.16,206,0
Department for Education,DEPARTMENT FOR THE ECONOMY,386548665.0,49,0
Department of Health and Social Care,UNIVERSITY HOSPITALS COVENTRY WARWICKSHIRE NHS TRUST,386407214.28,611,0
Department of Health and Social Care,RICHMOND TWICKENHAM PCT,386226000.0,21,0
Department for Education,LONDON BOROUGH OF ISLINGTON COUNCIL,385192834.84,193,0
"Ministry of Housing, Communities and Local Government",AVON SOMERSET POLICE AUTHORITY,383728196.56,209,0
Department of Health and Social Care,KINGSTON PCT,382977000.0,21,0
Department for Education,LONDON BOROUGH OF CAMDEN,381156530.29,201,0
Home Office,OFFICE OF THE POLICE CRIME COMMISSIONER FOR WARWICKSHIRE G,379369926.85,330,0
Department for Education,LONDON BOROUGH OF HAVERING COUNCIL,379036219.9,179,0
Department for Education,WEST MIDLANDS COMBINED AUTHORITY,377606476.55,31,0
"Ministry of Housing, Communities and Local Government",LANCASHIRE COMBINED FIRE AUTHORITY,376133209.56,589,0
Department of Health and Social Care,KETTERING GENERAL HOSPITAL NHS FOUNDATION TRUST,375532133.92,119,0
"Ministry of Housing, Communities and Local Government",DEVON CORNWALL POLICE A,373800771.56,153,0
"Ministry of Housing, Communities and Local Government",W YORKSHIRE FIRE RESCUE AUTH,373254632.56,195,0
Department of Health and Social Care,ISLE OF WIGHT NHS PCT,372925456.0,24,0
Department of Health and Social Care,BATH NORTH EAST SOMERSET PCT,370642000.0,26,0
"Foreign, Commonwealth and Development Office (FCDO)",BRITISH COUNCIL,369739917.18,279,0
Department for Education,SUNDERLAND CITY METRO BOROUGH COUNCIL,369536907.55,300,0
"Ministry of Housing, Communities and Local Government",NORTHUMBERLAND COUNTY COUNCIL,369528899.32,858,0
Department for Education,SOLIHULL MBC,368801695.74,231,0
Department for Education,LONDON BOROUGH OF BEXLEY COUNCIL,368284149.07,195,0
Department of Health and Social Care,EPSOM ST HELIER UNIVERSITY HOSPITAL NHS TRUST,367724246.73,116,0
Department for Education,GATESHEAD MBC,365058448.65,226,0
Department for Education,NORTHUMBERLAND COUNCIL,363906076.08,1836,0
Department for Education,LONDON BOROUGH OF HARROW COUNCIL,356251627.25,167,0
Home Office,POLICE CRIME COMMISSIONER FOR GWENT G,354882221.91,153,0
"Ministry of Housing, Communities and Local Government",SUSSEX POLICE AUTHORITY,353834588.56,186,0
Department for Education,ST HELENS MBC,352810483.39,205,0
Department of Health and Social Care,SHEFFIELD TEACHING HOSPITALS NHS FOUNDATION TRUST,352510121.26,1005,0
Department for Education,CHESHIRE EAST BOROUGH COUNCIL,351579341.75,276,0
Home Office,HAMPSHIRE POLICE AUTHORITY 1 G,350994814.27,71,0
Department of Health and Social Care,UNIVERSITY HOSPITAL BIRMINGHAM NHS FOUNDATION TRUST,350978244.1,950,0
Department of Health and Social Care,NORTH LINCOLNSHIRE PCT,350682000.0,21,0
Department for Education,TRAFFORD MB COUNCIL,349573323.89,191,0
Department for Education,KNOWSLEY MBC,349162786.07,218,0
"Ministry of Housing, Communities and Local Government",ESSEX POLICE AUTHORITY,349079851.56,184,0
Department of Health and Social Care,TELFORD WREKIN PCT,340462000.0,21,0
"Ministry of Housing, Communities and Local Government",CHESHIRE EAST COUNCIL,340333209.58,598,0
Department of Health and Social Care,ROYAL WOLVERHAMPTON NHS TRUST,340281586.9,274,0
"Ministry of Housing, Communities and Local Government",ESSEX FIRE AUTHORITY,338558516.56,544,0
Department of Health and Social Care,PETERBOROUGH PCT,336941438.37,22,0
"Ministry of Housing, Communities and Local Government",SHROPSHIRE COUNCIL,336475913.95,575,0
"Ministry of Housing, Communities and Local Government",DEVON SOMERSET FIRE RESCUE SERV,336220665.56,559,0
Home Office,THAMES VALLEY POLICE G,334699668.85,77,0
Department of Health and Social Care,BUCKINGHAMSHIRE HEALTHCARE NHS TRUST,334451698.71,111,0
"Ministry of Housing, Communities and Local Government",HAMPSHIRE FIRE RESCUE AUTHORITY,333480634.86,594,0
Department for Education,WANDSWORTH BOROUGH COUNCIL,333037634.95,172,0
Department of Health and Social Care,CALDERDALE HUDDERSFIELD NHS FOUNDATION TRUST,332968471.01,131,0
Department of Health and Social Care,MILTON KEYNES HOSPITAL NHS FOUNDATION TRUST,332677700.33,125,0
Isle of Wight NHS Trust,INLAND REVENUE CIS,332179527.21,197,0
Department of Health and Social Care,MID ESSEX HOSPITAL SERVICES NHS TRUST,328898357.82,110,0
Department of Health and Social Care,SOLIHULL PCT,328034000.0,15,0
NHS Thames Valley ICB,OXFORD UNIVERSITY HOSPITALS NHS FOUNDATION TRUST,327875198.11,35,0
Department of Health and Social Care,FRIMLEY HEALTH NHS FOUNDATION TRUST,327693796.52,186,0
Department of Health and Social Care,REDCAR CLEVELAND PCT,326951000.0,21,0
Department for Education,NEWCASTLE UPON TYNE CITY COUNCIL,326365676.53,958,0
Department of Health and Social Care,QUEEN ELIZABETH HOSPITAL KINGS LYNN NHS FOUNDATION TRUST,325977342.0,96,0
Department for Education,YORK CITY COUNCIL,321271969.59,253,0
"Department for Science, Innovation and Technology",UKRI ARTS HUMANITIES RESEARCH COUNCIL,320500000.0,15,0
Department for Education,DARLINGTON BOROUGH COUNCIL,313843734.16,548,0
Department of Health and Social Care,CROYDON HEALTH SERVICES NHS TRUST,313809434.4,116,0
HM Revenue and Customs,CABINET OFFICE,311736266.31,1078,0
Department for International Development,DEPARTMENT FOR INTERNATIONAL DEVELOPMENT,310377697.94,16,1
"Ministry of Housing, Communities and Local Government",PLYMOUTH CITY COUNCIL,308259773.04,255,0
Department of Health and Social Care,GLOUCESTERSHIRE HOSPITALS NHS FOUNDATION TRUST,306486271.34,167,0
Department of Health and Social Care,SHREWSBURY TELFORD HOSPITALS NHS TRUST,305634722.21,129,0
"Ministry of Housing, Communities and Local Government",TRAFFORD MBC,303606811.4,677,0
Home Office,NORTHUMBRIA POLICE G,303335774.13,74,0
Home Office,LANCASHIRE POLICE AUTHORITY 1 G,303224384.3,77,0
Home Office,NOTTINGHAMSHIRE OFFICE OF THE POLICE CRIME COMMISSIONER G,301606109.43,89,0
"Ministry of Housing, Communities and Local Government",KENT MEDWAY TOWNS FIRE AUTHORITY,300638182.56,522,0
"Ministry of Housing, Communities and Local Government",HUMBERSIDE POLICE,297543007.56,194,0
"Ministry of Housing, Communities and Local Government",NOTTINGHAMSHIRE POLICE AU,296647924.56,153,0
Department for Education,THURROCK BOROUGH COUNCIL,294684571.36,464,0
Pennine Care NHS Foundation Trust,HM REVENUE CUSTOMS,294318016.52,137,0
Home Office,POLICE CRIME COMMISSIONER FOR DYFED POWYS G,294044075.09,186,0
Department for Education,THURROCK COUNCIL,292888785.31,233,0
Department for Education,CITY OF WESTMINSTER,292385978.45,233,0
Department of Health and Social Care,HILLINGDON HOSPITALS NHS FOUNDATION TRUST,292012895.0,104,0
Department for Education,GREATER MANCHESTER COMBINED AUTHORITY,291406192.9,78,0
Department for Education,LONDON BOROUGH OF MERTON COUNCIL,290808358.75,164,0
Home Office,HM REVENUE CUSTOMS,290299132.29,360,0
"Ministry of Housing, Communities and Local Government",HUMBERSIDE FIRE RESCUE SERVICE,289605135.56,525,0
"Ministry of Housing, Communities and Local Government",TYNE WEAR FIRE AUTHORITY,288634602.56,282,0
Home Office,KENT POLICE AUTHORITY 1 G,287176327.5,61,0
Department for Education,BARNSLEY METRO BOROUGH COUNCIL,282408757.07,346,0
Department of Health and Social Care,NORTHAMPTON GENERAL HOSPITAL NHS TRUST,282406655.69,111,0
Department for Education,LONDON BOROUGH OF HAMMERSMITH FULHAM COUNCIL,281895633.71,248,0
Home Office,SUSSEX POLICE AUTHORITY 1 G,278347964.46,69,0
Department of Health and Social Care,PORTSMOUTH HOSPITAL NHS TRUST,277429900.51,115,0
"Ministry of Housing, Communities and Local Government",SOLIHULL MBC,273221137.82,741,0
Department of Health and Social Care,PETERBOROUGH STAMFORD HOSPITALS NHS FOUNDATION TRUST,273096018.0,65,0
Department of Health and Social Care,SOUTHPORT ORMSKIRK HOSPITAL NHS TRUST,272606626.0,105,0
Department of Health and Social Care,UNIVERSITY HOSPITALS PLYMOUTH NHS TRUST,272056574.91,120,0
Home Office,SOUTH WALES POLICE AUTHORITY 1 G,270999049.82,89,0
"Ministry of Housing, Communities and Local Government",THURROCK BOROUGH COUNCIL,268716799.14,636,0
"Ministry of Housing, Communities and Local Government",CLEVELAND FIRE AUTHORITY,268418694.52,528,0
Home Office,AVON SOMERSET POLICE AUTHORITY 1 G,268071403.12,52,0
"Ministry of Housing, Communities and Local Government",CHESHIRE POLICE AUTHORITY,266993416.56,154,0
Department of Health and Social Care,SOUTH LONDON MAUDSLEY NHS FOUNDATION TRUST,266935293.95,937,0
Department of Health and Social Care,LONDON NORTH WEST HEALTHCARE NHS TRUST,265171901.0,85,0
"Ministry of Housing, Communities and Local Government",STAFFORDSHIRE POLICE AUTHORITY,263760961.56,205,0
"Ministry of Housing, Communities and Local Government",KIRKLEES COUNCIL HSG,263377272.0,417,0
Home Office,DEVON CORNWALL POLICE AUTHORITY 1 G,263099655.57,37,0
Home Office,ESSEX POLICE AUTHORITY G,262999764.33,71,0
Department for Education,SUTTON LONDON BOROUGH COUNCIL,262373905.96,694,0
"Ministry of Housing, Communities and Local Government",WEST MERCIA POLICE AUTH,261800178.56,153,0
Department for Education,BOURNEMOUTH BOROUGH COUNCIL,259910599.65,202,0
Department for Education,WOKINGHAM BOROUGH COUNCIL,258882796.32,180,0
Home Office,INDEPENDENT POLICE COMPLAINTS COMISSION G,258334270.0,63,0
"Ministry of Housing, Communities and Local Government",LEICESTERSHIRE POLICE AUTHORITY,256967577.56,194,0
Department of Health and Social Care,BASSETLAW PCT,255515000.0,19,0
Department of Health and Social Care,WALSALL HEALTHCARE NHS TRUST,255345243.65,69,0
"Ministry of Housing, Communities and Local Government",AVON FIRE AUTHORITY,251875493.56,507,0
Home Office,SOUTH YORKSHIRE POLICE AUTHORITY 1 G,250890664.86,57,0
"Ministry of Housing, Communities and Local Government",CITY OF SUNDERLAND HSG,250426866.0,650,0
Department of Health and Social Care,KENT COUNTY COUNCIL,250278986.4,77,0
"Ministry of Housing, Communities and Local Government",CLEVELAND POLICE AUTHORITY,248738786.56,192,0
Department of Health and Social Care,ROYAL NATIONAL ORTHOPAEDIC HOSPITAL NHS TRUST,247705956.6,137,0
Department for Work and Pensions,HM REVENUE CUSTOMS,246082451.25,521,0
Department of Health and Social Care,HARTLEPOOL PCT,245489000.0,21,0
NHS Business Services Authority,HM REVENUE CUSTOMS 948PX00194660,242513506.6,547,0
Department for Work and Pensions,HMRC,242489798.62,441,0
"Ministry of Housing, Communities and Local Government",CENTRAL BEDFORDSHIRE COUNCIL,240609286.55,694,0
Department for Education,SEFTON METROPOLITAN BOROUGH COUNCIL,240217170.46,160,0
Department for Education,TRAFFORD METRO BOROUGH COUNCIL,240191952.81,450,0
Department of Health and Social Care,GEORGE ELIOT HOSPITAL NHS TRUST,239928282.97,145,0
"Ministry of Housing, Communities and Local Government",BURY MBC,239291201.48,677,0
Department of Health and Social Care,ROYAL DEVON EXETER NHS FOUNDATION TRUST,238573220.83,744,0
Department of Health and Social Care,NORTH MIDDLESEX UNIVERSITY HOSPITAL NHS TRUST,238149595.0,118,0
Department for Education,CHILDRENS WORKFORCE DEVELOPMENT COUNCIL,237985367.48,29,0
"Ministry of Housing, Communities and Local Government",SLOUGH BOROUGH COUNCIL,237685290.39,640,0
Department of Health and Social Care,DEPARTMENT OF HEALTH IRELAND EEA PAYMENTS,236289393.0,1,0
"Ministry of Housing, Communities and Local Government",CHESHIRE FIRE AUTHORITY,235882170.08,559,0
Department of Health and Social Care,WEST SUFFOLK NHS FOUNDATION TRUST,233911067.29,141,0
Department of Health and Social Care,DARLINGTON PCT,233643477.0,21,0
Home Office,MINISTRY OF JUSTICE,232325557.66,367,0
"Ministry of Housing, Communities and Local Government",DURHAM POLICE AUTHORITY,230863887.56,187,0
"Ministry of Housing, Communities and Local Government",DERBYSHIRE POLICE AUTHORITY,229893162.48,156,0
Department of Health and Social Care,DEPARTMENT OF HEALTH IRELAND,229611375.0,1,0
Department of Health and Social Care,ROYAL CORNWALL HOSPITAL NHS TRUST,229142355.17,206,0
National Offender Management Service,MINISTRY OF JUSTICE,227370256.54,255,0
Department for Education,COUNTY DURHAM COUNCIL,226955129.0,450,0
"Ministry of Housing, Communities and Local Government",HEREFORDSHIRE DISTRICT COUNCIL,224069200.15,440,0
"Ministry of Housing, Communities and Local Government",SURREY COUNTY COUNCIL,222882154.19,504,0
"Ministry of Housing, Communities and Local Government",STAFFORDSHIRE FIRE RESCUE SERV,222523640.0,524,0
Department of Health and Social Care,ESSEX COUNTY COUNCIL,222517145.27,75,0
Department of Health and Social Care,MINISTRY OF DEFENCE MOD,220318399.0,114,0
Coventry and Warwickshire Partnership NHS Trust,NHS PROFESSIONALS,218322222.42,2513,0
Department of Health and Social Care,BLACKPOOL TEACHING HOSPITALS NHS FOUNDATION TRUST,217825345.98,119,0
The Pennine Acute Hospitals NHS Trust,HMRC GOVERNMENT EMPLOYERS A C,210614910.02,170,0
NHS East and North Hertfordshire CCG,PRINCESS ALEXANDRA HOSPITAL NHS TRUST THE,210441333.07,45,0
"Ministry of Housing, Communities and Local Government",SHEFFIELD CITY COUNCIL,210154041.69,398,0
"Ministry of Housing, Communities and Local Government",MEDWAY COUNCIL,209832935.7,347,0
Department for International Development,FOREIGN COMMONWEALTH OFFICE FCO,207720555.02,333,0
Department of Health and Social Care,CHELSEA WESTMINSTER HOSPITAL NHS FOUNDATION TRUST,206773799.26,333,0
Department for Education,BOROUGH OF TELFORD WREKIN,206085259.0,256,0
Department of Health and Social Care,BIRMINGHAM CITY COUNCIL,205832740.73,77,0
NHS East and North Hertfordshire CCG,HERTFORDSHIRE COUNTY COUNCIL,205750499.28,411,0
Department for Education,POOLE BOROUGH COUNCIL,204710737.08,188,0
"Ministry of Housing, Communities and Local Government",BIRMINGHAM CITY COUNCIL,201379666.8,298,0
"Foreign, Commonwealth and Development Office (FCDO)",CABINET OFFICE,200070600.61,311,0
Home Office,NOTTINGHAMSHIRE POLICE AUTHORITY 2 G,199285446.01,54,0
Home Office,HM TREASURY,199175956.97,15,0
UK Trade and Investment,FOREIGN COMMONWEALTH OFFICE FCO,198957106.73,24727,0
Department for Education,WIGAN METROPOLITAN BOROUGH COUNCIL,198261104.45,117,0
Department of Health and Social Care,DONCASTER BASSETLAW HOSPITALS NHS FOUNDATION TRUST,197818684.12,95,0
Home Office,HUMBERSIDE POLICE AUTHORITY 1 G,197394518.44,63,0
"Department for Science, Innovation and Technology",ORDNANCE SURVEY,197184712.54,16,0
Home Office,STAFFORDSHIRE POLICE AUTHORITY G,196700044.82,59,0
NHS Thames Valley ICB,FRIMLEY HEALTH NHS FOUNDATION TRUST,196654515.8,16,0
Home Office,METROPOLITAN POLICE AUTHORITY G,194466147.44,74,0
Department of Health and Social Care,LANCASHIRE COUNTY COUNCIL,194396598.01,67,0
Department of Health and Social Care,HOME OFFICE,194269070.35,73,0
NHS East and North Hertfordshire CCG,HERTFORDSHIRE PARTNERSHIP NHS FOUNDATION TRUST,193417982.8,33,0
Department of Health and Social Care,DERBY HOSPITALS NHS FOUNDATION TRUST,192078123.73,129,0
The Pennine Acute Hospitals NHS Trust,NSP033 NHS PROFESSIONALS,191308527.81,808,0
"Ministry of Housing, Communities and Local Government",SOUTH GLOUCESTERSHIRE COUNCIL,190305943.57,157,0
NHS Thames Valley ICB,ROYAL BERKSHIRE NHS FOUNDATION TRUST,188818467.56,30,0
Department of Health and Social Care,ISLE OF WIGHT NHS TRUST,188384081.22,88,0
"Ministry of Housing, Communities and Local Government",SURREY POLICE AUTHORITY,187850588.56,184,0
"Ministry of Housing, Communities and Local Government",HERTFORDSHIRE POLICE AUTH,187369567.56,129,0
Department of Health and Social Care,MAIDSTONE TUNBRIDGE WELLS NHS TRUST,186896242.4,109,0
Department of Health and Social Care,ROYAL MARSDEN NHS FOUNDATION TRUST,186801539.32,511,0
Department of Health and Social Care,GREAT WESTERN HOSPITALS NHS FOUNDATION TRUST,186268857.18,96,0
Department of Health and Social Care,YEOVIL DISTRICT HOSPITAL NHS FOUNDATION TRUST,184477340.0,99,0
Department for Education,BRADFORD METROPOLITAN BOROUGH COUNCIL,183981275.76,44,0
Department of Health and Social Care,HAMPSHIRE COUNTY COUNCIL,183958926.38,58,0
"Ministry of Housing, Communities and Local Government",W YORKSHIRE FIRE RESCUE AUTH RSG,183543910.0,231,0
National Offender Management Service,HOME OFFICE,183466325.62,148,0
Department of Health and Social Care,WARRINGTON HALTON HOSPITALS NHS FOUNDATION TRUST,182902743.22,111,0
"Ministry of Housing, Communities and Local Government",GATESHEAD COUNCIL,182398874.73,360,0
"Ministry of Housing, Communities and Local Government",WEST BERKSHIRE COUNCIL,182191319.03,625,0
Department of Health and Social Care,BARNSLEY HOSPITAL NHS FOUNDATION TRUST,182083338.25,144,0
Department of Health and Social Care,LUTON DUNSTABLE UNIVERSITY HOSPITAL NHS FOUNDATION TRUST,182054213.51,78,0
Home Office,LEICESTERSHIRE POLICE AUTHORITY G,181948946.36,86,0
Department of Health and Social Care,NHS PROFESSIONALS,180523581.3,79,0
"Ministry of Housing, Communities and Local Government",SALFORD CITY COUNCIL,179483987.6,106,0
Department of Health and Social Care,EAST CHESHIRE NHS TRUST,179256457.16,77,0
NHS Thames Valley ICB,BUCKINGHAMSHIRE HEALTHCARE NHS TRUST,177395212.06,26,0
Department of Health and Social Care,WEST LONDON MENTAL HEALTH NHS TRUST,177268026.76,53,0
Home Office,NEW WEST MERCIA POLICE AUTHORITY G,177210188.31,45,0
"Ministry of Housing, Communities and Local Government",CUMBRIA POLICE AUTHORITY,175765833.56,154,0
Department of Health and Social Care,NORTH WEST LONDON HOSPITALS NHS TRUST,175587558.94,63,0
Department of Health and Social Care,DEPARTMENT FOR WORK PENSIONS DWP,174602923.47,542,0
Home Office,CHESHIRE POLICE AUTHORITY 2 G,174437310.36,55,0
Department for Education,RICHMOND UPON THAMES BOROUGH COUNCIL,174094432.6,98,0
East Sussex Healthcare NHS Trust,NHS SUPPLY CHAIN,172200388.95,811,0
Department of Health and Social Care,TAMESIDE GLOSSOP INTEGRATED CARE NHS FOUNDATION TRUST,172187732.0,50,0
Home Office,DERBYSHIRE POLICE AUTHORITY 1 G,171914050.6,69,0
"Foreign, Commonwealth and Development Office (FCDO)",HMRC HM REVENUE CUSTOMS,170957300.48,47,0
Department of Health and Social Care,CENTRAL MANCHESTER UNIVERSITY HOSPITALS NHS FOUNDATION TRUST,170501184.32,557,0
"Ministry of Housing, Communities and Local Government",NORTH YORKSHIRE POLICE AUTHORITY,169647692.56,195,0
Department of Health and Social Care,ROTHERHAM NHS FOUNDATION TRUST,169636642.76,92,0
Home Office,SURREY POLICE AUTHORITY 1 G,168415324.41,63,0
Department for Work and Pensions,HMCTS HM COURTS TRIBUNALS SERVICE,168218508.0,54,0
Department for Education,NEWHAM LBC,168139621.9,41,0
Department of Health and Social Care,SALFORD ROYAL NHS FOUNDATION TRUST,167268171.54,564,0
"Ministry of Housing, Communities and Local Government",SUNDERLAND CITY COUNCIL,165547693.22,231,0
"Ministry of Housing, Communities and Local Government",LINCOLNSHIRE COUNTY COUNCIL,165516094.0,395,0
"Ministry of Housing, Communities and Local Government",NORFOLK POLICE AUTHORITY,163435573.16,141,0
Department of Health and Social Care,ROYAL SURREY COUNTY NHS FOUNDATION TRUST,162550467.46,241,0
Department for Education,ROYAL BOROUGH OF KENSINGTON CHELSE,162172493.97,405,0
Department of Health and Social Care,SURREY COUNTY COUNCIL,162026186.7,61,0
Department of Health and Social Care,NHS PENSIONS AGENCY,160529196.29,73,0
"Ministry of Housing, Communities and Local Government",NORTHAMPTONSHIRE POLICE AUTH,160374199.56,195,0
Department for Education,ROYAL BOROUGH OF WINDSOR MAIDENHEA,159699484.0,594,0
Department of Health and Social Care,YORK TEACHING HOSPITAL NHS FOUNDATION TRUST,159522963.48,110,0
Department for Education,BRADFORD MBC,159302045.38,37,0
Department for Education,BOROUGH OF POOLE,158259472.02,578,0
"Ministry of Housing, Communities and Local Government",ROYAL BERKSHIRE FIRE AUTHORITY,157894523.65,585,0
Home Office,HERTFORDSHIRE POLICE AUTHORITY 1 G,157110979.85,62,0
Department of Health and Social Care,MEDICAL RESEARCH COUNCIL MRC,157094873.03,444,0
Department for Education,EALING LBC,156020651.01,41,0
Department for International Development,BRITISH COUNCIL,155195643.12,575,0
"Department for Digital, Culture, Media and Sport",HOME OFFICE,154652363.53,9,0
"Ministry of Housing, Communities and Local Government",CAMBRIDGESHIRE POLICE AUT,154467823.56,153,0
Department for Education,WEST NORTHAMPTONSHIRE COUNCIL,154412315.26,90,0
Department of Health and Social Care,HERTFORDSHIRE COUNTY COUNCIL,153583461.95,71,0
NHS East and North Hertfordshire CCG,HERTFORDSHIRE COMMUNITY NHS TRUST,153418339.66,96,0
Department for Education,RICHMOND UPON THAMES LONDON BOROUGH COUNCIL,151670168.88,128,0
Department for Education,LIVERPOOL CITY REGION COMBINED AUTHORITY,150197365.45,21,0
Department of Health and Social Care,TORBAY SOUTH DEVON NHS FOUNDATION TRUST,149407843.25,122,0
"Ministry of Housing, Communities and Local Government",SUFFOLK POLICE AUTHORITY,148392455.56,204,0
"Ministry of Housing, Communities and Local Government",ESSEX COUNTY COUNCIL,148164691.17,64,0
NHS Thames Valley ICB,OXFORD HEALTH NHS FOUNDATION TRUST,148123440.16,9,0
"Ministry of Housing, Communities and Local Government",NORTH EAST LINCOLN COUNCIL,148118267.0,143,0
United Lincolnshire Hospitals NHS Trust,NHS LITIGATION AUTHORITY,148066982.8,343,0
Department of Health and Social Care,OXFORD UNIVERSITY HOSPITALS NHS TRUST,147849474.76,316,0
"Ministry of Housing, Communities and Local Government",DERBYSHIRE FIRE AUTHORITY,147254100.56,259,0
"Ministry of Housing, Communities and Local Government",NORTH YORKSHIRE FIRE RESCUE AUTH,145395576.56,570,0
Ministry of Defence,FOREIGN COMMONWEALTH OFFICE,145213748.28,19367,0
Department of Health and Social Care,TORBAY PCT,144737598.0,13,0
Department for Education,LEWISHAM LBC,144687210.96,46,0
Home Office,NORFOLK POLICE AUTHORITY 1 G,144519184.72,52,0
Home Office,NORTH WALES POLICE AUTHORITY G,144500233.68,70,0
Home Office,CLEVELAND POLICE AUTHORITY 1 G,144495152.62,69,0
Department for Education,ROYAL BOROUGH OF KINGSTON UPON THAME,144460799.0,418,0
The Pennine Acute Hospitals NHS Trust,NHS SUPPLY CHAIN,144230413.85,877,0
"Ministry of Housing, Communities and Local Government",BEDFORDSHIRE POLICE AUTH,143913944.56,154,0
Department for Work and Pensions,VALUATION OFFICE AGENCY,143581689.79,3908,0
Department for International Development,MEDICAL RESEARCH COUNCIL,142842684.52,117,0
Department of Health and Social Care,BASILDON THURROCK UNIVERSITY HOSPITALS NHS FOUNDATION TRUST,142596645.62,40,0
"Ministry of Housing, Communities and Local Government",CAMBS PETERBOROUGH FIRE AUTHORITY,141911075.47,542,0
Department of Health and Social Care,LEEDS CITY COUNCIL,141129703.81,111,0
Department for Education,TOWER HAMLETS LBC,139841093.04,24,0
"Ministry of Housing, Communities and Local Government",CITY OF LINCOLN COUNCIL,139106389.81,564,0
Department of Health and Social Care,DARTFORD GRAVESHAM NHS TRUST,138870439.0,71,0
Department of Health and Social Care,PLYMOUTH HOSPITALS NHS TRUST,136842596.36,106,0
Department of Health and Social Care,NORFOLK COUNTY COUNCIL,136024528.11,71,0
Department for Education,WOLVERHAMPTON COUNTY COUNCIL,135569596.07,41,0
Department for Education,SHEFFIELD COUNTY COUNCIL,135449977.11,46,0
"Ministry of Housing, Communities and Local Government",BEDFORD BOROUGH COUNCIL,134143225.98,131,0
"Ministry of Housing, Communities and Local Government",ROYAL BOROUGH OF KENSINGTON CHELS,133810206.5,548,0
"Ministry of Housing, Communities and Local Government",BEDS LUTON FIRE RESCUE SERVICE,132630568.35,562,0
Home Office,CROWN PROSECUTION SERVICE G,132407640.74,68,0
Department of Health and Social Care,STAFFORDSHIRE COUNTY COUNCIL,131937751.4,63,0
Department for Work and Pensions,NORTH EAST LEARNING SKILLS COUNCIL,131725412.0,25,0
Department of Health and Social Care,MOORFIELDS EYE HOSPITAL NHS FOUNDATION TRUST,131596860.7,507,0
Home Office,DORSET POLICE AUTHORITY 1 G,130713855.68,102,0
"Ministry of Housing, Communities and Local Government",NORTH EAST COMBINED AUTHORITY,130216743.61,14,0
Department for Education,ENFIELD LBC,130016277.81,39,0
"Ministry of Housing, Communities and Local Government",HEREFORDSHIRE COUNCIL,129971010.86,659,0
Department for Education,BOURNEMOUTH COUNCIL,129666725.95,201,0
Home Office,DURHAM POLICE AUTHORITY 1 G,129009709.47,51,0
Department of Health and Social Care,COUNTESS OF CHESTER HOSPITAL NHS FOUNDATION TRUST,128918710.9,77,0
Home Office,KENT COUNTY COUNCIL 1 G,128849562.46,147,0
Pennine Care NHS Foundation Trust,NHS BUSINESS SERVICES AUTHORITY,128410170.83,113,0
"Ministry of Housing, Communities and Local Government",WILTSHIRE POLICE,128336889.56,153,0
Department of Health and Social Care,BEDFORD HOSPITAL NHS TRUST,128095260.0,91,0
Department for Education,STOKE ON TRENT COUNTY COUNCIL,127912760.91,43,0
Department of Health and Social Care,ALDER HEY CHILDRENS NHS FOUNDATION TRUST,127756814.92,518,0
Department of Health and Social Care,NOTTINGHAMSHIRE COUNTY COUNCIL,127375113.35,72,0
Department of Health and Social Care,KINGSTON HOSPITAL NHS FOUNDATION TRUST,127294276.89,60,0
NHS Norfolk and Suffolk ICB - 25k Expenditure Report,EAST SUFFOLK NORTH ESSEX NHS FOUNDATION TRUST,127122408.77,27,0
Department for Education,REDBRIDGE LBC,125781634.85,35,0
Department of Health and Social Care,MID CHESHIRE HOSPITALS NHS FOUNDATION TRUST,125269992.0,89,0
HM Revenue and Customs,VALUATION OFFICE AGENCY,124875469.78,210,0
Department of Health and Social Care,EAST LANCASHIRE HOSPITALS NHS TRUST,124750286.28,103,0
Department for Education,GREENWICH LBC,124309403.94,36,0
Department for Education,LONDON BOROUGH OF LAMBETH,124235719.6,65,0
Department of Health and Social Care,DEVON COUNTY COUNCIL,123251198.66,66,0
Department for Education,TELFORD WREKIN BOROUGH COUNCIL,122865850.99,46,0
Foreign and Commonwealth Office,CABINET OFFICE,122613881.48,182,0
"Ministry of Housing, Communities and Local Government",DORSET FIRE AUTHORITY,122227648.07,428,0
"Ministry of Housing, Communities and Local Government",LINCOLNSHIRE POLICE AUTH,122016244.56,153,0
Home Office,NORTHAMPTONSHIRE POLICE 1 G,121840758.23,66,0
Department for Education,NORTH NORTHAMPTONSHIRE COUNCIL,121779374.38,117,0
Department for Education,BARKING DAGENHAM LBC,121778262.14,45,0
Department of Health and Social Care,PAPWORTH HOSPITAL NHS FOUNDATION TRUST,121517551.8,164,0
Home Office,SUFFOLK POLICE AUTHORITY G,121494714.49,54,0
Department of Health and Social Care,STOCKPORT NHS FOUNDATION TRUST,121323085.78,74,0
"Ministry of Housing, Communities and Local Government",LANCASHIRE COUNTY COUNCIL,121204993.07,155,0
Department of Health and Social Care,SOUTH LONDON HEALTHCARE NHS TRUST,121117000.0,20,0
Royal Borough of Greenwich,HM REVENUE CUSTOMS,121065377.47,577,0
Department of Health and Social Care,DERBYSHIRE COUNTY COUNCIL,121060652.37,57,0
Department for Education,SOUTHWARK LBC,119860665.3,41,0
Department for Education,BIS DEPARTMENT FOR BUSINESS INNOVATION SKILLS,119291783.02,24,0
NHS Thames Valley ICB,BERKSHIRE HEALTHCARE NHS FOUNDATION TRUST,118841173.82,130,0
Department of Health and Social Care,LINCOLNSHIRE COUNTY COUNCIL,118807308.16,67,0
Home Office,LINCOLNSHIRE POLICE AUTHORITY 1 G,118785291.35,48,0
Ministry of Defence,WILTSHIRE COUNCIL,118202194.98,105,0
Department for Education,MANCHESTER COUNTY COUNCIL,117801465.99,46,0
East Sussex Healthcare NHS Trust,NHS RESOLUTION,117734047.6,154,0
"Department for Science, Innovation and Technology",DEPARTMENT FOR ENERGY SECURITY NET ZERO DESNZ,117594876.85,59,0
Home Office,GWENT POLICE AUTHORITY 1 G,117461082.07,63,0
Department of Health and Social Care,LIVERPOOL CITY COUNCIL,117377600.19,66,0
Department for Education,BEDFORDSHIRE CENTRAL COUNCIL,117052619.32,78,0
"Ministry of Housing, Communities and Local Government",GLOUCESTERSHIRE POLICE AUTHORITY,116862612.56,154,0
Department of Health and Social Care,GREAT ORMOND STREET HOSPITAL FOR CHILDREN NHS FOUNDATION TRUST,115486317.53,523,0
Department for Work and Pensions,BIRMINGHAM CITY COUNCIL,114964506.99,222,0
"Ministry of Housing, Communities and Local Government",DORSET POLICE AUTHORITY,114961159.56,153,0
Department of Health and Social Care,WEST SUSSEX COUNTY COUNCIL,114557755.26,47,0
Home Office,NORTH YORKSHIRE POLICE AUTHORITY G,114363589.6,52,0
Department of Health and Social Care,NORTHUMBERLAND TYNE WEAR NHS FOUNDATION TRUST,114266238.53,255,0
Department of Health and Social Care,WHITTINGTON HOSPITAL NHS TRUST,113792419.1,103,0
Department of Health and Social Care,IPSWICH HOSPITAL NHS TRUST,113489208.14,93,0
Department of Health and Social Care,HAMPSHIRE HOSPITALS NHS FOUNDATION TRUST,112666891.14,99,0
Department of Health and Social Care,MID STAFFORDSHIRE NHS FOUNDATION TRUST,112534000.0,47,0
Home Office,WILTSHIRE CONSTABULARY G,112480920.45,53,0
Department of Health and Social Care,CHRISTIE NHS FOUNDATION TRUST,112287839.19,217,0
Home Office,CAMBRIDGESHIRE POLICE AUTHORITY 1 G,111809844.52,48,0
Department of Health and Social Care,GREATER LONDON AUTHORITY,111565345.95,21,0
Maidstone and Tunbridge Wells NHS Trust,NHS RESOLUTION,111193684.6,151,0
Department of Health and Social Care,SOUTH WEST LONDON ST GEORGES MENTAL HEALTH NHS TRUST,111022314.89,80,0
Department of Health and Social Care,NHS RESOLUTION FORME,111000000.0,1,0
Department of Health and Social Care,DURHAM COUNTY COUNCIL,110909079.44,73,0
Department for Education,LAMBETH LBC,110382579.32,37,0
"Ministry of Housing, Communities and Local Government",GREATER LONDON AUTHORITY RSG,110336277.0,114,0
Department of Health and Social Care,SUFFOLK COUNTY COUNCIL,110025104.89,60,0
"Ministry of Housing, Communities and Local Government",WEST OF ENGLAND COMBINED AUTHORITY,109831528.0,5,0
"Ministry of Housing, Communities and Local Government",COVENTRY CITY COUNCIL,109708026.94,518,0
Department for Education,HACKNEY LBC,109563033.91,34,0
"Ministry of Housing, Communities and Local Government",TYNE WEAR FIRE AUTHORITY RSG,109361249.0,260,0
"Ministry of Housing, Communities and Local Government",WARWICKSHIRE POLICE AUTHORITY,109287765.56,194,0
"Ministry of Housing, Communities and Local Government",CUMBRIA COUNTY COUNCIL,108759848.97,351,0
Department for Education,RUTLAND COUNTY COUNCIL,108631584.9,400,0
Home Office,BEDFORDSHIRE POLICE AUTHORITY 1 G,107843445.62,64,0
"Ministry of Housing, Communities and Local Government",GREATER MANCHESTER FIRE RESCUE AU,107484518.0,51,0
"Ministry of Housing, Communities and Local Government",KENT COUNTY COUNCIL,107119568.9,171,0
Department for Work and Pensions,WEST MIDLANDS LEARNING SKILLS COUNCIL,107008747.0,24,0
Department for Education,BRENT LBC,106598845.16,35,0
"Ministry of Housing, Communities and Local Government",CAMBRIDGESHIRE COUNTY COUNCIL,105900206.56,111,0
Department for Education,DEPARTMENT FOR BUSINESS ENERGY INDUSTRIAL STRATEGY,104976333.85,21,0
Department for International Development,ST HELENA DEPARTMENT OF FINANCE,104081331.9,79,0
Department of Health and Social Care,BRADFORD TEACHING HOSPITALS NHS FOUNDATION TRUST,103998750.64,617,0
United Lincolnshire Hospitals NHS Trust,NHS RESOLUTION,103443443.22,73,0
"Ministry of Housing, Communities and Local Government",DERBYSHIRE COUNTY COUNCIL,103305053.75,118,0
Home Office,WEST MIDLANDS POLICE AUTHORITY 1,103067264.95,15,0
Department of Health and Social Care,ROYAL UNITED HOSPITALS BATH NHS FOUNDATION TRUST,101377668.88,199,0
Department for Education,LOCAL AUTHORITY FOR BRISTOL CITY OF,100829693.57,198,0
Home Office,DYFED POWYS POLICE AUTHORITY 1 G,100703542.93,60,0
Department of Health and Social Care,ST HELENS KNOWSLEY TEACHING HOSPITALS NHS TRUST,100462794.08,68,0
Department for Education,HARINGEY COUNCIL,100164646.26,50,0
"Ministry of Housing, Communities and Local Government",WILTSHIRE SWINDON FIRE AUTHORITY,99673792.94,440,0
Department of Health and Social Care,COUNTY DURHAM DARLINGTON NHS FOUNDATION TRUST,99509882.57,92,0
Department of Health and Social Care,ROYAL BROMPTON HAREFIELD NHS FOUNDATION TRUST,99401267.21,387,0
"Ministry of Housing, Communities and Local Government",LEICESTER CITY COUNCIL,98973471.4,353,0
Department of Health and Social Care,OXFORD HEALTH NHS FOUNDATION TRUST,98436359.57,534,0
"Ministry of Housing, Communities and Local Government",SUFFOLK COUNTY COUNCIL,97816969.37,167,0
Department of Health and Social Care,CAMBRIDGESHIRE COUNTY COUNCIL,97755387.16,63,0
Home Office,WARWICKSHIRE POLICE AUTHORITY 1 G,96905303.24,54,0
"Ministry of Housing, Communities and Local Government",NORTHAMPTON BOROUGH COUNCIL,96833350.66,471,0
"Ministry of Housing, Communities and Local Government",EAST SUSSEX FIRE AUTHORITY,96819062.51,352,0
NHS Norfolk and Suffolk ICB - 25k Expenditure Report,WEST SUFFOLK NHS FOUNDATION TRUST,96628430.22,16,0
Home Office,GREATER MANCHESTER POLICE AUTHORIT,96038960.42,14,0
Home Office,INDEPENDENT OFFICE FOR POLICE CONDUCT IOPC G,96029730.5,17,0
Foreign and Commonwealth Office,HMRC HM REVENUE CUSTOMS,95087122.84,47,0
Department of Health and Social Care,BRADFORD CITY COUNCIL,94996351.99,65,0
Department of Health and Social Care,NORTHERN DEVON HEALTHCARE NHS TRUST,94679283.84,62,0
"Ministry of Housing, Communities and Local Government",CHESHIRE WEST CHESTER COUNCIL,94642769.22,319,0
Department of Health and Social Care,EAST SUSSEX COUNTY COUNCIL,94360825.4,60,0
Department of Health and Social Care,OXFORDSHIRE COUNTY COUNCIL,94042954.56,62,0
National Offender Management Service,HOME OFFICE AFU CASH MANAGEMENT,93771527.49,32,0
"Ministry of Housing, Communities and Local Government",SHROPSHIRE WREKIN FIRE AUTHORITY,93059042.26,551,0
Department for Education,ROCHDALE METROPOLITAN BOROUGH COUNCIL,92506537.6,46,0
UK Trade and Investment,DEPARTMENT FOR BUSINESS INNOVATION SKILLS,92226622.24,248,0
"Ministry of Housing, Communities and Local Government",ORDNANCE SURVEY,92065599.85,38,0
"Ministry of Housing, Communities and Local Government",WEST NORTHAMPTONSHIRE UDC,91761567.88,78,0
Home Office,CUMBRIA POLICE AUTHORITY 1 G,91344770.86,52,0
Department for Education,WALTHAM FOREST LBC,91324059.6,46,0
"Ministry of Housing, Communities and Local Government",LUTON BOROUGH COUNCIL,90583998.96,84,0
Department of Health and Social Care,UNIVERSITY HOSPITALS DORSET NHS FOUNDATION TRUST,90476541.13,73,0
Ministry of Defence,CITY OF WESTMINSTER,90248629.36,75,0
NHS East and North Hertfordshire CCG,ROYAL FREE LONDON NHS FOUNDATION TRUST,90225274.0,52,0
Department of Health and Social Care,UNIVERSITY HOSPITALS SUSSEX NHS FT,90112163.78,67,0
Home Office,CROYDON COUNCIL G,89539033.43,103,0
Department of Health and Social Care,WORCESTERSHIRE COUNTY COUNCIL,89511760.02,76,0
Home Office,GLOUCESTERSHIRE POLICE AUTHORITY G,89436890.97,42,0
NHS Norfolk and Suffolk ICB - 25k Expenditure Report,NORFOLK SUFFOLK NHS FOUNDATION TRUST,89170221.3,22,0
Department for Work and Pensions,OFFICE FOR NATIONAL STATISTICS,89022854.99,168,0
Department of Health and Social Care,SHEFFIELD CITY COUNCIL,88876598.78,61,0
Department for International Development,FOREIGN COMMONWEALTH OFFICE,88071174.69,17250,0
Department of Health and Social Care,SURREY SUSSEX HEALTHCARE NHS TRUST,87545971.44,88,0
"Ministry of Housing, Communities and Local Government",LEEDS CITY COUNCIL,87508235.55,260,0
Department for Education,WIRRAL MBC,87080168.46,35,0
Department for Education,TEES VALLEY COMBINED AUTHORITY,86672414.25,23,0
"Department for Digital, Culture, Media and Sport",DEPT FOR COMMUNITIES LOCAL GOVT,86606943.6,33,0
Department for Education,CROYDON LBC,86180918.21,29,0
Department of Health and Social Care,BRISTOL CITY COUNCIL,86118151.71,80,0
Department of Health and Social Care,LEICESTERSHIRE COUNTY COUNCIL,85834547.35,72,0
Department for Education,HOUNSLOW LBC,85808314.86,37,0
"Ministry of Housing, Communities and Local Government",CHESHIRE EAST BOROUGH COUNCIL,85719080.17,96,0
Department of Health and Social Care,GLOUCESTERSHIRE COUNTY COUNCIL,85619061.65,62,0
Department of Health and Social Care,MERSEY CARE NHS FOUNDATION TRUST,85115846.89,85,0
Department for Education,BUCKINGAMSHIRE COUNTY COUNCIL,84860366.12,33,0
"Ministry of Housing, Communities and Local Government",SOUTH YORKSHIRE FIRE RESCUE AUTH,84538865.0,160,0
Department of Health and Social Care,NORTH YORKSHIRE COUNTY COUNCIL,84488479.6,62,0
Foreign and Commonwealth Office,COUNCIL OF EUROPE,84478520.39,16,0
"Ministry of Housing, Communities and Local Government",GREATER LONDON AUTHORITY USE427501,84042000.0,42,0
Department of Health and Social Care,LANCASHIRE CARE NHS FOUNDATION TRUST,83907263.89,123,0
Department for Education,ISLINGTON LBC,83684732.23,40,0
Department for Education,BRITISH COUNCIL,83359337.26,154,0
Department for Education,WANDSWORTH LBC,83032550.77,28,0
"Ministry of Housing, Communities and Local Government",CORNWALL COUNTY COUNCIL,82856544.42,212,0
Department for Education,CAMDEN LBC,82556322.43,32,0
NHS East and North Hertfordshire CCG,EAST OF ENGLAND AMBULANCE SERVICE NHS TRUST,82551977.68,93,0
"Ministry of Housing, Communities and Local Government",WEST YORKSHIRE FIRE RESCUE AUTH,82477935.0,100,0
Department for Work and Pensions,EAST OF ENGLAND LEARNING SKILLS COUNCIL,82362932.0,23,0
Department for Work and Pensions,DEPARTMENT FOR SOCIAL DEVELOPMENT,82223289.0,56,0
"Ministry of Housing, Communities and Local Government",LONDON BOROUGH OF BARNET,81659655.0,262,0
Department of Health and Social Care,SOMERSET COUNTY COUNCIL,81550389.62,60,0
Bristol City Council,AVON PENSION FUND,80822684.0,3,0
Department of Health and Social Care,BOLTON NHS FOUNDATION TRUST,80562155.55,102,0
Portsmouth Hospital NHS Trust,NHS RESOLUTION,80081904.4,41,0
Department of Health and Social Care,WESTMINSTER CITY COUNCIL,79905101.53,112,0
Cabinet Office,HM TREASURY,79819058.08,70,0
"Ministry of Housing, Communities and Local Government",CAMBRIDGE CITY COUNCIL,79517049.35,517,0
Department of Health and Social Care,SOUTHEND UNIVERSITY HOSPITAL NHS FOUNDATION TRUST,78780345.54,58,0
Department of Health and Social Care,WARWICKSHIRE COUNTY COUNCIL,78706492.96,63,0
Department of Health and Social Care,SOUTHWARK LONDON BOROUGH COUNCIL,78536270.25,103,0
Department of Health and Social Care,POOLE HOSPITAL NHS FOUNDATION TRUST,77997174.07,64,0
Department for Education,BEIS DEPARTMENT FOR BUSINESS INNOVATION SKILLS,77605495.69,12,0
Department for Education,HARROW LBC,77304853.18,40,0
Department for Education,MERTON LBC,76679599.08,35,0
Department of Health and Social Care,MONITOR INDEPENDENT REGULATOR OF NHS FOUNDATION TRUSTS,76629312.53,32,0
Department of Health and Social Care,AINTREE UNIVERSITY HOSPITAL NHS FOUNDATION TRUST,75914573.0,33,0
Foreign and Commonwealth Office,HM REVENUE CUSTOMS,74940207.42,29,0
Department for Education,HILLINGDON LBC,74511514.9,35,0
Department of Health and Social Care,WIRRAL METROPOLITAN BOROUGH COUNCIL,74478872.5,63,0
Department of Health and Social Care,GOVERNMENT LEGAL DEPARTMENT OFFICE MONIES,74331019.64,214,0
Department for Education,HOME OFFICE,73986224.25,70,0
Department for Education,HM REVENUE CUSTOMS,73751768.53,136,0
Department of Health and Social Care,NHS NORTH WEST,73700000.0,2,0
Home Office,HOME OFFICE,73345118.49,1874,1
Department for Work and Pensions,SALFORD CITY COUNCIL,73338007.0,164,0
Home Office,WEST YORKSHIRE FIRE RESCUE AUTHORITY G,73322292.74,33,0
"Ministry of Housing, Communities and Local Government",WEST MIDLANDS COMBINED AUTHORITY,73000000.0,2,0
Department for Education,TAMESIDE METROPOLITAN BOROUGH COUNCIL,72859308.12,47,0
Department for Education,LONDON BOROUGH OF HILLINGDON,72384771.82,45,0
Department for Education,DEPARTMENT FOR EDUCATION,72007757.12,6,1
Department of Health and Social Care,HINCHINGBROOKE HEALTH CARE NHS TRUST,72005218.0,36,0
Department of Health and Social Care,NOTTINGHAMSHIRE HEALTHCARE NHS FOUNDATION TRUST,71899196.49,427,0
Department of Health and Social Care,AVON WILTSHIRE MENTAL HEALTH PARTNERSHIP NHS TRUST,71057640.46,176,0
Department of Health and Social Care,HULL EAST YORKSHIRE HOSPITALS NHS TRUST,70737786.38,176,0
Department for Education,HAVERING LBC,70422909.66,34,0
Department of Health and Social Care,NHS INSTITUTE FOR INNOVATION IMPROVEMENT,70173219.32,39,0
Home Office,MERSEYSIDE FIRE RESCUE SERVICE G,70100841.43,50,0
Department of Health and Social Care,NOTTINGHAM CITY COUNCIL,69816316.95,72,0
Home Office,WEST MIDLANDS FIRE RESCUE AUTHORITY G,69743696.51,29,0
Department for Education,NORTH TYNESIDE MBC,69369253.16,28,0
Department for Education,MERTON LONDON BOROUGH COUNCIL,68659382.12,47,0
Department of Health and Social Care,GATESHEAD HEALTH NHS FOUNDATION TRUST,68534236.93,76,0
Department for Education,KNOWSLEY METROPOLITAN BOROUGH COUNCIL,68440828.2,41,0
"Ministry of Housing, Communities and Local Government",KINGSTON UPON HULL CITY COUNCIL,68052903.91,119,0
Department of Health and Social Care,CUMBRIA COUNTY COUNCIL,67949865.0,60,0
Department of Health and Social Care,WESTON AREA HEALTH NHS TRUST,67838599.0,64,0
Department for Education,OLDHAM METROPOLITAN BOROUGH COUNCIL,67836135.13,45,0
Department of Health and Social Care,LEICESTER CITY COUNCIL,67291020.51,68,0
Department of Health and Social Care,NORTH TEES HARTLEPOOL NHS FOUNDATION TRUST,66905401.45,83,0
Department of Health and Social Care,KIRKLEES METROPOLITAN COUNCIL,66729292.87,61,0
Department of Health and Social Care,NHS DIRECT NHS TRUST,66340308.66,27,0
Department of Health and Social Care,LIVERPOOL WOMENS HOSPITAL NHS FOUNDATION TRUST,66137493.5,106,0
Department of Health and Social Care,TAMESIDE HOSPITAL NHS FOUNDATION TRUST,65948654.21,35,0
"Ministry of Housing, Communities and Local Government",DERBYSHIRE FIRE RESCUE SERVICE,65488450.32,253,0
"Ministry of Housing, Communities and Local Government",ORDNANCE SURVEY USE 300154,65476079.07,5,0
"Ministry of Housing, Communities and Local Government",WATFORD COUNCIL,65192087.91,489,0
Transport for Greater Manchester,MANCHESTER CITY COUNCIL,65006165.84,1590,0
Department for Education,TRAFFORD MBC,64978005.41,31,0
"Ministry of Housing, Communities and Local Government",DERBY CITY COUNCIL,64968159.21,278,0
"Ministry of Housing, Communities and Local Government",TEES VALLEY COMBINED AUTHORITY,64819736.66,18,0
Department for Education,SANDWELL METROPOLITAN BOROUGH COUNCIL,64326715.37,45,0
Department of Health and Social Care,CORNWALL COUNCIL,64298491.32,48,0
Department of Health and Social Care,DEPARTMENT FOR CULTURE MEDIA SPORT DCMS,63974105.83,13,0
Department of Health and Social Care,MANCHESTER CITY COUNCIL,63929876.12,62,0
Department of Health and Social Care,BURTON HOSPITALS NHS FOUNDATION TRUST,63853563.55,29,0
Department of Health and Social Care,WILTSHIRE COUNTY COUNCIL,63768839.04,62,0
Department of Health and Social Care,NHS CONFEDERATION,63093073.9,132,0
NHS East and North Hertfordshire CCG,CAMBRIDGE UNIVERSITY HOSPITALS NHS FOUNDATION TRUST,63066204.74,54,0
"Ministry of Housing, Communities and Local Government",EAST SUSSEX FIRE RESCUE SERVICE,62956778.0,112,0
Department of Health and Social Care,SALISBURY NHS FOUNDATION TRUST,62245706.0,92,0
Department for Education,LIVERPOOL COUNTY COUNCIL,62099510.43,43,0
Home Office,MINISTRY OF JUSTICE G,61785591.51,20,0
"Ministry of Housing, Communities and Local Government",DORSET COUNTY COUNCIL,61568078.66,59,0
Department of Health and Social Care,SHEFFIELD CHILDRENS NHS FOUNDATION TRUST,61282643.56,138,0
Department of Health and Social Care,NEWHAM LONDON BOROUGH COUNCIL,61234240.88,81,0
The Pennine Acute Hospitals NHS Trust,SALFORD ROYAL NHS FOUNDATION TRUST,61107549.91,364,0
Department of Health and Social Care,CABINET OFFICE,60811258.68,285,0
Department for Work and Pensions,LEEDS CITY COUNCIL,60728191.03,196,0
Department of Health and Social Care,ROYAL BERKSHIRE NHS FOUNDATION TRUST,60671868.64,94,0
Department for Education,DUDELEY MBC,60512110.82,11,0
Department of Health and Social Care,SOMERSET NHS FOUNDATION TRUST,60483035.11,65,0
"Ministry of Housing, Communities and Local Government",MENDIP DISTRICT COUNCIL,60343409.06,495,0
NHS Business Services Authority,NHS PENSIONS,60320001.61,80,0
Department of Health and Social Care,DORSET COUNTY COUNCIL,60120419.88,66,0
Department for Education,SUTTON LBC,60009660.03,27,0
Department of Health and Social Care,SOLENT NHS TRUST R1C,60006409.09,260,0
Department of Health and Social Care,DONCASTER METROPOLITAN BOROUGH COUNCIL,59815242.29,67,0
Department of Health and Social Care,SOUTH WESTERN AMBULANCE SERVICE NHS FOUNDATION TRUST,59723820.28,184,0
"Foreign, Commonwealth and Development Office (FCDO)",COUNCIL OF EUROPE,59332379.56,11,0
Ministry of Defence,UNIVERSITY HOSPITAL BIRMINGHAM NHS FOUNDATION TRUST,59283859.23,304,0
Department of Health and Social Care,TOWER HAMLETS LONDON BOROUGH COUNCIL,59162711.13,60,0
Department of Health and Social Care,HEATHERWOOD WEXHAM PARK HOSPITALS NHS FOUNDATION TRUST,59063000.0,27,0
Department for Work and Pensions,LIVERPOOL CITY COUNCIL,59040649.49,135,0
Department of Health and Social Care,WAKEFIELD METROPOLITAN DISTRICT COUNCIL,59028012.17,60,0
"Ministry of Housing, Communities and Local Government",GREATER MANCHESTER FIRE RESCUE,58767872.44,96,0
"Ministry of Housing, Communities and Local Government",POLICE CRIME COMM R FOR NORFOLK,58739648.0,61,0
Department for Education,HMRC,58134941.34,83,0
Department of Health and Social Care,CROYDON LONDON BOROUGH COUNCIL,58008006.04,61,0
Department of Health and Social Care,SANDWELL METROPOPLITAN BOROUGH COUNCIL,57846809.99,60,0
HM Revenue and Customs,NEWCASTLE CITY COUNCIL,57540873.57,70,0
Ministry of Defence,ARGYLL BUTE COUNCIL,57200110.98,80,0
United Lincolnshire Hospitals NHS Trust,SCCL NHS SUPPLY CHAIN SALES,57137896.43,192,0
Department for Education,MINISTRY OF DEFENCE RAF,57095849.53,219,0
Department of Health and Social Care,LEWISHAM GREEWICH NHS TRUST,57000000.0,11,0
Department of Health and Social Care,NEWCASTLE UPON TYNE CITY COUNCIL,56884989.8,63,0
United Lincolnshire Hospitals NHS Trust,NHS SUPPLY CHAIN DERBY,56858549.94,311,0
Department of Health and Social Care,EALING LONDON BOROUGH COUNCIL,56675823.54,68,0
Department of Health and Social Care,UNIVERSITY HOSPITAL OF SOUTH MANCHESTER NHS FOUNDATION TRUST,56509516.61,179,0
Department for International Development,NATURAL ENVIRONMENT RESEARCH COUNCIL,56451630.12,105,0
Department for Work and Pensions,LONDON BOROUGH OF EALING,56389792.36,181,0
Department of Health and Social Care,KINGSTON UPON HULL CITY COUNCIL,56340048.55,66,0
Department for Education,RICHMOND UPON THAMES LBC,56270715.64,39,0
Department of Health and Social Care,NORTHUMBRIA HEALTHCARE NHS FOUNDATION TRUST,56247550.47,139,0
Department of Health and Social Care,UNIVERSITY HOSPITALS BRISTOL WESTON NHS FOUNDATION TRUST,55913855.75,163,0
Department for International Development,ECONOMIC SOCIAL RESEARCH COUNCIL,55597612.98,207,0
Department for Education,ROTHERHAM METROPOLITAN BOROUGH COUNCIL,55545739.66,47,0
Department of Health and Social Care,COVENTRY CITY COUNCIL,55459363.4,63,0
Department of Health and Social Care,SUNDERLAND CITY METROPOLITAN BOROUGH COUNCIL,55403297.85,56,0
Department of Health and Social Care,WANDSWORTH LONDON BOROUGH COUNCIL,55379688.03,58,0
Department of Health and Social Care,NORTHAMPTONSHIRE COUNTY COUNCIL,54890770.23,36,0
Department for Education,MINISTRY OF DEFENCE ROYAL NAVY,54773970.05,223,0
Department of Health and Social Care,HACKNEY LONDON BOROUGH COUNCIL,54732536.38,66,0
"Ministry of Housing, Communities and Local Government",DEPT FOR BUS ENERGY IND STRATEGY,54727297.0,2,0
Department for Education,DONCASTER METROPOLITAN BOROUGH COUNCIL,54694196.6,64,0
Department for Work and Pensions,MANCHESTER CITY COUNCIL,54558840.34,189,0
Home Office,FOREIGN COMMONWEALTH OFFICE,53861001.96,981,0
Department of Health and Social Care,LAMBETH LONDON BOROUGH COUNCIL GRANTS,53700126.07,44,0
United Lincolnshire Hospitals NHS Trust,SCCL NHS SUPPLY CHAIN PRODUCT SALES,53683468.49,151,0
Department of Health and Social Care,BARNET LONDON BOROUGH COUNCIL,53425545.85,63,0
Department of Health and Social Care,CLATTERBRIDGE CANCER CENTRE NHS FOUNDATION TRUST,53317671.46,84,0
Department of Health and Social Care,UNIVERSITY HOSPITAL OF NORTH STAFFORDSHIRE NHS TRUST,53265285.2,70,0
Department for International Development,GAVI ALLIANCE DEPARTMENT FOR INTERNATIONAL DEVELOPMENT,53000000.0,2,1
Department of Health and Social Care,DERBY CITY COUNCIL,52932101.31,70,0
Department of Health and Social Care,WRIGHTINGTON WIGAN LEIGH NHS FOUNDATION TRUST,52875401.36,100,0
Department for Education,COVENTRY COUNTY COUNCIL,52817526.21,43,0
Department of Health and Social Care,NORTHUMBERLAND COUNTY COUNCIL,52768858.2,58,0
The Pennine Acute Hospitals NHS Trust,ST HELENS KNOWSLEY HOSPITALS NHS TRUST,52739806.12,63,0
Department for Education,WEST YORKSHIRE COMBINED AUTHORITY,52397300.74,25,0
Department of Health and Social Care,BARNET CHASE FARM HOSPITALS NHS TRUST,52297000.0,13,0
Department for Work and Pensions,LONDON BOROUGH OF REDBRIDGE,52215920.0,142,0
"Department for Digital, Culture, Media and Sport",MUSEUMS LIBRARIES ARCHIVES COUNCIL,52176853.49,22,0
Department for Work and Pensions,GREATER MANCHESTER COMBINED AUTHORITY,52031268.0,36,0
"Ministry of Housing, Communities and Local Government",EAST RIDING OF YORKSHIRE COUNCIL,51888205.63,154,0
Department of Health and Social Care,WOLVERHAMPTON CITY COUNCIL,51829112.82,62,0
Department of Health and Social Care,STOKE ON TRENT CITY COUNCIL,51770661.09,58,0
Ministry of Justice,CITY OF WESTMINSTER,51755243.58,311,0
Bristol City Council,BRISTOL NORTH SOMERSET SOUTH GLOUCESTERSHIRE ICB,51654113.68,177,0
Department of Health and Social Care,HARROGATE DISTRICT NHS FOUNDATION TRUST,51580308.74,85,0
Home Office,DRIVER VEHICLE LICENSING AGENCY DVLA,51173962.02,377,0
Department of Health and Social Care,EAST RIDING OF YORKSHIRE COUNCIL,51096510.12,57,0
"Ministry of Housing, Communities and Local Government",DEPT FOR EDUCATION,51081060.62,82,0
"Ministry of Housing, Communities and Local Government",HEREFORD WORCESTER FIRE RESCUE,50960327.0,310,0
Department for Education,SOUTH TYNESIDE MBC,50959044.29,32,0
Department of Health and Social Care,CAMDEN LONDON BOROUGH COUNCIL,50903735.4,79,0
Department of Health and Social Care,SHROPSHIRE COUNTY COUNCIL,50560826.08,63,0
Department of Health and Social Care,BRIDGEWATER COMMUNITY HEALTHCARE NHS FOUNDATION TRUST RY2,50490710.0,27,0
Department of Health and Social Care,DUDLEY METROPOLITAN BOROUGH COUNCIL,50472948.76,62,0
Department of Health and Social Care,GREENWICH LONDON BOROUGH COUNCIL,50422594.09,62,0
Department of Health and Social Care,BRIGHTON HOVE CITY COUNCIL,50416043.51,65,0
"Ministry of Housing, Communities and Local Government",ST ALBANS CITY COUNCIL,50053208.97,463,0
"Ministry of Housing, Communities and Local Government",POLICE CRIME COMM GTR MANCHESTER,49807809.0,49,0
"Ministry of Housing, Communities and Local Government",GLOUCESTERSHIRE COUNTY COUNCIL,49795543.15,142,0
Department of Health and Social Care,ISLINGTON LONDON BOROUGH COUNCIL,49737579.48,65,0
Department of Health and Social Care,LEWISHAM LONDON BOROUGH COUNCIL,49672721.89,67,0
Department of Health and Social Care,DEVON PARTNERSHIP NHS TRUST,49653525.56,171,0
Department of Health and Social Care,CHESHIRE WEST CHESTER COUNCIL,49403557.7,53,0
Department for Education,LOCAL AUTHORITY FOR KINGSTON UPON HULL CITY OF,49375241.98,212,0
Home Office,LONDON BOROUGH OF CROYDON 1 G,49142631.51,26,0
Department of Health and Social Care,CHESTERFIELD ROYAL HOSPITAL NHS FOUNDATION TRUST,48979131.42,52,0
Transport for Greater Manchester,NETWORK RAIL,48961837.33,699,0
Ministry of Justice,HOME OFFICE,48924629.98,213,0
Royal Borough of Greenwich,ROYAL BOROUGH OF GREENWICH PENSION FUND,48921692.11,161,1
HM Revenue and Customs,CITY OF WESTMINSTER POLAR,48869053.21,334,0
Department of Health and Social Care,SOMERSET PARTNERSHIP NHS FOUNDATION TRUST,48621539.62,23,0
Department of Health and Social Care,SOUTH WARWICKSHIRE NHS FOUNDATION TRUST,48234892.59,102,0
Department for Work and Pensions,NORTH WEST LEARNING SKILLS COUNCIL,48194190.0,7,0
"Ministry of Housing, Communities and Local Government",CO DURHAM DARLINGTON FIRE SERVICE,48157660.56,102,0
"Ministry of Housing, Communities and Local Government",NEWCASTLE CITY COUNCIL,47685448.2,255,0
Ministry of Defence,CABINET OFFICE,47661252.22,78,0
HM Revenue and Customs,FOREIGN COMMONWEALTH OFFICE,47517604.61,448,0
Department of Health and Social Care,ENFIELD LONDON BOROUGH COUNCIL,47480986.92,60,0
Department of Health and Social Care,SOUTH DEVON HEALTHCARE NHS FOUNDATION TRUST,47201274.0,52,0
"Ministry of Housing, Communities and Local Government",SOMERSET COUNTY COUNCIL,47062516.41,79,0
"Ministry of Housing, Communities and Local Government",KIRKLEES MBC RSG,46924509.91,192,0
Department for Education,BATH NE SOMERSET COUNCIL,46767209.74,62,0
Department for Energy Security and Net Zero,NOTTINGHAM CITY COUNCIL,46664577.74,29,0
Department of Health and Social Care,MEDWAY COUNCIL,46590950.56,62,0
Department of Health and Social Care,BUCKINGHAMSHIRE COUNTY COUNCIL,46564517.79,43,0
"Ministry of Housing, Communities and Local Government",NORTH SOMERSET COUNCIL,46445064.61,338,0
HM Revenue and Customs,DEPARTMENT FOR WORK PENSIONS,46374530.07,375,0
Department of Health and Social Care,MIDLANDS PARTNERSHIP NHS FOUNDATION TRUST,46213459.21,42,0
Department of Health and Social Care,NHS COUNTER FRAUD AUTHORITY,46115031.91,44,0
United Lincolnshire Hospitals NHS Trust,NHS SUPPLY CHAIN PRODUCT SALES,46079857.37,216,0
"Ministry of Housing, Communities and Local Government",OXFORD CITY COUNCIL,46071467.0,480,0
Department for Work and Pensions,SHEFFIELD CITY COUNCIL,45919569.87,174,0
"Ministry of Housing, Communities and Local Government",WAVENEY DISTRICT COUNCIL,45809048.45,535,0
Bristol City Council,BANES COUNCIL,45653265.0,1,0
Department for Education,INLAND REVENUE,45567734.92,36,0
Department of Health and Social Care,BARNSLEY METROPOLITAN BOROUGH COUNCIL,45442628.51,63,0
"Ministry of Housing, Communities and Local Government",WYCHAVON DISTRICT COUNCIL,45382434.62,479,0
Shropshire Community Health NHS Trust,SHREWSBURY TELFORD HOSPITAL NHS TRUST,45335321.19,13076,0
Department of Health and Social Care,GATESHEAD COUNCIL,45195217.22,68,0
Department for Work and Pensions,LONDON LEARNING SKILLS COUNCIL,44941019.0,4,0
Department of Health and Social Care,TAUNTON SOMERSET NHS FOUNDATION TRUST,44864448.55,79,0
Department of Health and Social Care,PLYMOUTH CITY COUNCIL,44811330.04,56,0
Home Office,HM REVENUE CUSTOMS G,44608153.86,50,0
Department for International Development,MINISTRY OF DEFENCE,44424115.83,82,0
"Ministry of Housing, Communities and Local Government",POLICE CRIME COMM R FOR CHESHIRE,44418908.0,72,0
Department for Work and Pensions,HM TREASURY,44115467.0,58,0
Department of Health and Social Care,SOUTH EAST COAST AMBULANCE SERVICE NHS FOUNDATION TRUST,43914635.53,49,0
"Ministry of Housing, Communities and Local Government",HERTFORDSHIRE POLICE AUTHORITY,43796530.0,83,0
Department for Education,CABINET OFFICE,43791372.48,329,0
Department of Health and Social Care,WESTERN SUSSEX NHS FOUNDATION TRUST,43758658.38,57,0
Department of Health and Social Care,WALSALL METROPOLITAN BOROUGH COUNCIL,43745697.43,55,0
Home Office,DEVON CORNWALL POLICE AUTHORITY,43579904.95,25,0
Department of Health and Social Care,CITY HOSPITALS SUNDERLAND NHS FOUNDATION TRUST,43509472.0,44,0
Department of Health and Social Care,HEART OF ENGLAND NHS FOUNDATION TRUST,43480761.01,129,0
Ministry of Defence,WEST BERKSHIRE DISTRICT COUNCIL,43204478.8,69,0
Ministry of Defence,SOUTH GLOUCESTERSHIRE COUNCIL,42972815.92,68,0
Home Office,AVON SOMERSET POLICE AUTHORITY 1,42859698.86,11,0
Bristol City Council,SOUTH GLOUCESTERSHIRE COUNCIL MAIN ORDER ACCOUNT,42825153.54,262,0
Home Office,TYNE WEAR FIRE RESCUE AUTHORITY G,42558621.61,28,0
Home Office,SURREY COUNTY COUNCIL 1 G,42444158.41,127,0
"Ministry of Housing, Communities and Local Government",POLICE CRIME COMM R FOR DORSET R,42340584.0,71,0
Department of Health and Social Care,ROYAL ORTHOPAEDIC HOSPITAL NHS FOUNDATION TRUST,42215470.0,41,0
Department of Health and Social Care,BROMLEY LONDON BOROUGH COUNCIL,42208561.93,54,0
"Ministry of Housing, Communities and Local Government",POLICE CRIME COMM R FOR KENT,42130034.0,61,0
Ministry of Defence,PORTSMOUTH CITY COUNCIL,42091429.33,79,0
HM Revenue and Customs,HM TREASURY,42008580.5,92,0
Department for Education,BEXLEY LBC,41899920.72,29,0
Home Office,GREATER MANCHESTER FIRE RESCUE AUTHORITY G,41875626.0,1,0
Ministry of Justice,DEPARTMENT FOR WORK PENSIONS DWP,41687386.11,166,0
Department for Education,NORTH OF TYNE COMBINED AUTHORITY,41500862.0,13,0
Department of Health and Social Care,HILLINGDON LONDON BOROUGH COUNCIL,41381939.25,58,0
Department for Work and Pensions,MINISTRY OF JUSTICE,41365163.27,34,0
Department for International Development,POPULATION COUNCIL,41115904.33,211,0
Department for Education,BROMLEY LBC,41086320.72,33,0
Home Office,SOUTH YORKSHIRE POLICE AUTHORITY 1,41071010.65,14,0
Department for Work and Pensions,NOTTINGHAM CITY COUNCIL,41026870.79,198,0
Department of Health and Social Care,SOUTH TYNESIDE NHS FOUNDATION TRUST,40794048.0,37,0
Department of Health and Social Care,HARINGEY LONDON BOROUGH COUNCIL,40758278.28,61,0
NHS Norfolk and Suffolk ICB - 25k Expenditure Report,CAMBRIDGE UNIVERSITY HOSPITALS NHS FOUNDATION TRUST,40722169.26,9,0
"Foreign, Commonwealth and Development Office (FCDO)",FOREIGN COMMONWEALTH DEVELOPMENT OFFICE FCDO,40708906.15,7,1
Department of Health and Social Care,CAMBRIDGESHIRE PETERBOROUGH NHS FOUNDATION TRUST,40585094.62,281,0
Department of Health and Social Care,BLACKPOOL BOROUGH COUNCIL,40471217.24,68,0
Department of Health and Social Care,SEFTON COUNCIL,40390302.11,36,0
East Sussex Healthcare NHS Trust,NHS LITIGATION AUTHORITY,40252084.2,62,0
Department of Health and Social Care,SOUTHAMPTON CITY COUNCIL,40155992.42,62,0
Department of Health and Social Care,JAMES PAGET UNIVERSITY HOSPITALS NHS FOUNDATION TRUST,40093209.85,73,0
Department of Health and Social Care,ROTHERHAM METROPOLITAN BOROUGH COUNCIL,39921263.99,43,0
Department of Health and Social Care,HAMMERSMITH FULHAM LONDON BOROUGH COUNCIL,39737377.92,63,0
Department for International Development,DEPARTMENT FOR EDUCATION,39559788.86,18,0
"Ministry of Housing, Communities and Local Government",MERSEYSIDE FIRE RESCUE AUTHORITY,39499331.66,24,0
Department for Education,TRAFFORD METROPOLITAN BOROUGH COUNCIL,39399688.14,35,0
Department of Health and Social Care,SOUTHERN HEALTH NHS FOUNDATION TRUST,39388566.79,195,0
Department of Health and Social Care,EAST MIDLANDS AMBULANCE SERVICE NHS TRUST,39341072.57,72,0
Home Office,HERTFORDSHIRE COUNTY COUNCIL 1 G,39029747.93,108,0
Bristol City Council,UNIVERSITY HOSPITALS BRISTOL NHS FOUNDATION TRUST,39000238.08,174,0
Home Office,CABINET OFFICE,38997030.41,143,0
Department of Health and Social Care,WALTON CENTRE NHS FOUNDATION TRUST,38971358.7,154,0
Department for Education,MIDDLESBOROUGH COUNCIL,38865048.33,55,0
Department of Health and Social Care,WIGAN METROPOLITAN BOROUGH COUNCIL,38863070.67,64,0
Cabinet Office,HOME OFFICE,38677325.37,32,0
HM Revenue and Customs,SALFORD CITY COUNCIL,38419857.52,142,0
Department for Education,STOCKPORT METROPOLITAN BOROUGH COUNCIL,38329707.25,32,0
Department of Health and Social Care,NHS EMPLOYERS,38329258.92,69,0
Department of Health and Social Care,WALTHAM FOREST LONDON BOROUGH COUNCIL,38268988.87,65,0
Department of Health and Social Care,REDBRIDGE LONDON BOROUGH COUNCIL,38178357.07,55,0
Department of Health and Social Care,HOUNSLOW LONDON BOROUGH COUNCIL,38138686.74,59,0
Royal Borough of Greenwich,OXLEAS NHS FOUNDATION TRUST,38081551.3,898,0
"Ministry of Housing, Communities and Local Government",EASTLEIGH BOROUGH COUNCIL,37973528.38,425,0
"Ministry of Housing, Communities and Local Government",WYRE FOREST DISTRICT COUNCIL,37911719.71,439,0
Department of Health and Social Care,SOUTH GLOUCESTERSHIRE COUNCIL,37798779.84,56,0
HM Revenue and Customs,FOREIGN COMMONWEALTH DEVELOPMENT,37763165.73,205,0
Home Office,GREATER MANCHESTER COMBINED AUTHORITY G,37622112.81,7,0
Department of Health and Social Care,DEPARTMENT FOR TRANSPORT DFT,37587678.51,10,0
Department for Education,HAMMERSMITH FULHAM LBC,37549784.7,34,0
Department for Work and Pensions,BRISTOL CITY COUNCIL,37054503.33,159,0
Department for Work and Pensions,KNOWSLEY METROPOLITAN BOROUGH COUNCIL,36937673.54,49,0
Department for International Development,BRITISH COUNCIL UK,36716731.06,61,0
Royal Borough of Greenwich,GREATER LONDON AUTHORITY,36698917.54,54,0
Department of Health and Social Care,SOUTH TYNESIDE SUNDERLAND NHS FOUNDATION TRUST,36632370.48,80,0
NHS Norfolk and Suffolk ICB - 25k Expenditure Report,EAST OF ENGLAND AMBULANCE SERVICE NHS TRUST,36526757.1,5,0
Department of Health and Social Care,STOCKTON ON TEES BOROUGH COUNCIL,36526397.75,59,0
Bristol City Council,BANES PENSION FUND,36497535.0,1,0
"Ministry of Housing, Communities and Local Government",WILTSHIRE COUNTY COUNCIL,36478275.0,32,0
Department of Health and Social Care,PORTSMOUTH CITY COUNCIL,36458512.52,60,0
Department of Health and Social Care,NORTH SOMERSET COUNCIL,36313769.99,62,0
Department for Work and Pensions,DURHAM COUNCIL,36239623.59,121,0
Department of Health and Social Care,NHS SHARED BUSINESS SERVICES SBS,36206444.8,313,0
Department for Education,WIRRAL METROPOLITAN BOROUGH COUNCIL,36158372.17,42,0
Department of Health and Social Care,EAST LONDON NHS FOUNDATION TRUST,36132890.37,230,0
Department of Health and Social Care,KNOWSLEY METROPOLITAN BOROUGH COUNCIL,35969634.82,52,0
The Pennine Acute Hospitals NHS Trust,NHS SUPPLY CHAIN CONSUMABLES 101,35904844.24,87,0
"Ministry of Housing, Communities and Local Government",EAST NORTHAMPTONSHIRE COUNCIL,35903937.45,480,0
"Ministry of Housing, Communities and Local Government",WELWYN HATFIELD COUNCIL,35727298.58,491,0
Department of Health and Social Care,KENSINGTON CHELSEA COUNCIL ROYAL BOROUGH OF,35665248.38,58,0
Department of Health and Social Care,PETERBOROUGH CITY COUNCIL,35605739.16,56,0
"Ministry of Housing, Communities and Local Government",LONDON BOROUGH OF CROYDON,35562012.56,61,0
Department of Health and Social Care,NORTH TYNESIDE METROPOLITAN BOROUGH COUNCIL,35421688.95,66,0
Department of Health and Social Care,DORSET COUNTY HOSPITAL NHS FOUNDATION TRUST,35388924.24,81,0
"Department for Digital, Culture, Media and Sport",HOME OFFICE CITI TRF,35334897.58,4,0
Department for Work and Pensions,LONDON BOROUGH OF LAMBETH,35329981.09,146,0
Department for Work and Pensions,LONDON BOROUGH OF TOWER HAMLETS,35240040.76,127,0
Department of Health and Social Care,BARKING DAGENHAM LONDON BOROUGH COUNCIL,35182573.22,58,0
"Ministry of Housing, Communities and Local Government",WEST YORKSHIRE FIRE RESCUE AUTHOR,34925977.5,15,0
Department for Work and Pensions,LONDON BOROUGH OF LEWISHAM,34886563.83,148,0
Department of Health and Social Care,HARROW LONDON BOROUGH COUNCIL,34874535.53,59,0
Department of Health and Social Care,CORNWALL COUNTY COUNCIL,34854896.71,30,0
Home Office,SOUTH YORKSHIRE FIRE RESCUE SERVICE G,34835011.15,10,0
Department of Health and Social Care,HAVERING LONDON BOROUGH COUNCIL,34765797.13,54,0
HM Revenue and Customs,LEEDS CITY COUNCIL,34689995.2,148,0
Department of Health and Social Care,GREATER MANCHESTER MENTAL HEALTH NHS FOUNDATION TRUST,34638274.58,288,0
Department of Health and Social Care,BIRMINGHAM WOMENS CHILDRENS NHS FOUNDATION TRUST,34621393.93,183,0
Department of Health and Social Care,DUDLEY GROUP NHS FOUNDATION TRUST,34616350.09,45,0
Department of Health and Social Care,MIDDLESBROUGH COUNCIL,34550216.77,56,0
Department for Education,CAMBRIDGESHIRE PETERBOROUGH COMBINED AUTHORITY,34492534.65,20,0
Department of Health and Social Care,LUTON BOROUGH COUNCIL,34467692.59,60,0
Department for Work and Pensions,SOUTH WEST LEARNING SKILLS COUNCIL,34445495.0,10,0
The Pennine Acute Hospitals NHS Trust,ST1450 NHS SUPPLY CHAIN MAINTENANCE,34444129.48,90,0
Department of Health and Social Care,MILTON KEYNES COUNCIL,34226973.89,62,0
Department of Health and Social Care,BOLTON METROPOLITAN BOROUGH COUNCIL,34198890.18,57,0
Home Office,TRANSPORT FOR LONDON G,34186861.0,10,0
National Offender Management Service,HM REVENUE CUSTOMS,34165421.77,28,0
Shropshire Community Health NHS Trust,NHS SUPPLY CHAIN,34162077.03,1255724,0
Department for Education,SHEFFIELD CITY REGION COMBINED AUTHORITY,33977713.24,19,0
Department of Health and Social Care,ST HELENS METROPOLITAN BOROUGH COUNCIL,33813216.62,53,0
Ministry of Justice,HM PRISON SERVICE,33809762.62,77,0
"Ministry of Housing, Communities and Local Government",NORTH YORKSHIRE COUNTY COUNCIL,33749769.79,105,0
Department of Health and Social Care,HERTFORDSHIRE PARTNERSHIP NHS FOUNDATION TRUST,33682197.91,128,0
Department of Health and Social Care,SOLIHULL METROPOLITAN BOROUGH COUNCIL,33622817.38,57,0
Ministry of Defence,RICHMONDSHIRE DISTRICT COUNCIL,33482288.24,71,0
Department of Health and Social Care,WARRINGTON BOROUGH COUNCIL,33470221.52,56,0
Shropshire Community Health NHS Trust,NHS PROPERTY SERVICES,33452651.41,4998,0
Department for Education,WEST OF ENGLAND COMBINED AUTHORITY,33366462.0,11,0
Home Office,LEEDS CITY COUNCIL,33259529.58,87,0
Department of Health and Social Care,SALFORD CITY COUNCIL,33228210.98,61,0
Department for Education,DEPARTMENT OF HEALTH,33208119.79,36,0
Department of Health and Social Care,STOCKPORT METROPOLITAN BOROUGH COUNCIL,33180962.26,60,0
Department of Health and Social Care,SOUTH STAFFORDSHIRE SHROPSHIRE HEALTHCARE NHS FOUNDATION TRUST,33179869.0,9,0
Department of Health and Social Care,ECONOMIC SOCIAL RESEARCH COUNCIL ESRC,33098457.23,110,0
HM Revenue and Customs,CROYDON COUNCIL,32852343.38,116,0
Department of Health and Social Care,CALDERDALE METROPOLITAN BOROUGH COUNCIL,32762917.55,63,0
"Ministry of Housing, Communities and Local Government",WEST SUSSEX FIRE RESCUE SERVICE,32748612.0,85,0
United Lincolnshire Hospitals NHS Trust,NORTHERN LINCS GOOLE HOSPITAL NHS FT,32613859.2,58,0
Department for International Development,MET OFFICE,32564386.4,134,0
"Ministry of Housing, Communities and Local Government",LB HAMMERSMITH FULHAM,32523675.16,56,0
Ministry of Defence,VALE OF WHITE HORSE DISTRICT COUNCIL,32498548.88,69,0
Department for Work and Pensions,CORNWALL COUNCIL,32474715.45,165,0
Department for Education,SOLIHULL METROPOLITAN BOROUGH COUNCIL,32410469.6,43,0
Department of Health and Social Care,BLACKBURN WITH DARWEN BOROUGH COUNCIL,32392283.04,57,0
Department of Health and Social Care,ASHFORD ST PETER S HOSPITALS NHS FOUNDATION TRUST,32271619.46,51,0
NHS Thames Valley ICB,SOUTH CENTRAL AMBULANCE SERVICE NHS FOUNDATION TRUST,32217249.99,6,0
Department for Work and Pensions,LONDON BOROUGH OF SOUTHWARK,32040532.65,129,0
Department of Health and Social Care,TORBAY COUNCIL,32007537.49,57,0
Home Office,LANCASHIRE COMBINED FIRE AUTHORITY G,31896727.73,24,0
Ministry of Defence,HM REVENUE CUSTOMS,31839101.09,7,0
Home Office,ESSEX COUNTY FIRE RESCUE G,31701666.19,33,0
NHS East and North Hertfordshire CCG,NORTH MIDDLESEX UNIVERSITY HOSPITAL NHS TRUST,31613516.3,53,0
Department for Education,BOLTON METROPOLITAN BOROUGH COUNCIL,31466058.9,33,0
"Department for Science, Innovation and Technology",SCOTTISH FUNDING COUNCIL SCOTTISH FURTHER HIGHER EDUCATION FUNDING COUNCIL,31437840.98,10,0
Department of Health and Social Care,CENTRAL NORTH WEST LONDON NHS FOUNDATION TRUST,31416695.72,224,0
HM Revenue and Customs,LONDON BOROUGH OF CAMDEN,31390500.86,70,0
Home Office,NOTTINGHAMSHIRE POLICE AUTHORITY 2,31370409.8,13,0
Department of Health and Social Care,GENERAL SOCIAL CARE COUNCIL GSCC,31367679.86,23,0
Department of Health and Social Care,SOUTH TYNESIDE COUNCIL,31302140.77,57,0
Department for Work and Pensions,LEICESTER CITY COUNCIL,31039237.4,157,0
Department for Education,DEPARTMENT OF COMMUNITIES LOCAL GOVERNMENT,30984838.0,16,0
Department for Education,WALSALL METROPOLITAN BOROUGH COUNCIL,30897452.44,44,0
Pennine Care NHS Foundation Trust,TAMESIDE GLOSSOP INTEGRATED CARE NHS FOUNDATION TRUST,30874895.6,224,0
Department of Health and Social Care,NORTHERN CARE ALLIANCE NHS FOUNDATION TRUST,30798085.73,20,0
Department of Health and Social Care,OLDHAM METROPOLITAN BOROUGH COUNCIL,30676445.12,64,0
"Ministry of Housing, Communities and Local Government",NORTHUMBERLAND FIRE RESCUE SERV,30567874.35,98,0
Department of Health and Social Care,HEREFORDSHIRE COUNCIL,30541434.24,59,0
Department of Health and Social Care,TEES ESK WEAR VALLEYS NHS FOUNDATION TRUST,30539838.7,114,0
"Ministry of Housing, Communities and Local Government",STAFFORDSHIRE COUNTY COUNCIL,30470924.83,98,0
Department of Health and Social Care,SUTTON LONDON BOROUGH COUNCIL,30388453.81,63,0
Department of Health and Social Care,SOUTHEND ON SEA BOROUGH COUNCIL,30366511.74,56,0
Department of Health and Social Care,SUSSEX PARTNERSHIP NHS FOUNDATION TRUST,30315987.88,170,0
Department for Work and Pensions,LIVERPOOL CITY REGION COMBINED AUTHORITY,30304848.0,18,0
"Ministry of Housing, Communities and Local Government",DEVON FIRE AUTHORITY,30224794.29,64,0
"Ministry of Housing, Communities and Local Government",RUNNYMEDE BOROUGH COUNCIL,30104565.58,427,0
Department of Health and Social Care,TELFORD WREKIN BOROUGH OF,30003908.65,62,0
Department for Education,GATESHEAD METROPOLITAN BOROUGH COUNCIL,29976403.21,44,0
Department for Work and Pensions,HMCTS,29969946.0,12,0
Home Office,HERTFORDSHIRE POLICE AUTHORITY 1,29831204.18,12,0
"Ministry of Housing, Communities and Local Government",GOSPORT BOROUGH COUNCIL,29798503.52,510,0
"Ministry of Housing, Communities and Local Government",POLICE CRIME COMM R FOR SUSSEX,29743485.0,51,0
Department of Health and Social Care,VELINDRE NHS TRUST,29735344.72,54,0
Department for Education,MINISTRY OF JUSTICE,29708563.9,101,0
Ministry of Justice,DEPARTMENT FOR EDUCATION,29703546.5,8,0
Department for Work and Pensions,LONDON BOROUGH OF BRENT,29571767.23,123,0
Department for Work and Pensions,BRADFORD METROPOLITAN BOROUGH COUNCIL,29555977.79,91,0
Department for Work and Pensions,EAST MIDLANDS LEARNING SKILLS COUNCIL,29499510.0,6,0
Department of Health and Social Care,NORTH EAST LINCOLNSHIRE COUNCIL,29451079.3,56,0
The National Archives,LONDON BOROUGH OF RICHMOND UPON THAMES,29439064.32,105,0
Home Office,KENT MEDWAY TOWNS FIRE AUTHORITY G,29199743.63,34,0
Ministry of Defence,WEST OXFORDSHIRE DISTRICT COUNCIL,29073828.99,70,0
Department of Health and Social Care,AIREDALE NHS FOUNDATION TRUST,28977881.81,65,0
Department of Health and Social Care,SWINDON BOROUGH COUNCIL,28954971.94,59,0
HM Revenue and Customs,HOME OFFICE,28742189.84,137,0
Department of Health and Social Care,BATH NORTH EAST SOMERSET COUNCIL,28693678.93,59,0
Department for Education,ST HELENS METROPOLITAN BOROUGH COUNCIL,28619774.43,46,0
Department of Health and Social Care,NHS CONNECTING FOR HEALTH,28545869.44,4,0
Ministry of Justice,HOME OFFICE GENERAL CASH ACCOUNT,28519649.39,1,0
Pennine Care NHS Foundation Trust,GREATER MANCHESTER MENTAL HEALTH NHS FOUNDATION TRUST,28491904.42,99,0
Department of Health and Social Care,NORTH LINCOLNSHIRE COUNCIL,28486691.11,58,0
Department of Health and Social Care,ISLE OF WIGHT COUNCIL,28469325.86,55,0
Department of Health and Social Care,WEST NORTHAMPTONSHIRE COUNCIL,28348480.84,20,0
Department for Energy Security and Net Zero,CAMBRIDGESHIRE PETERBOROUGH COMBINED AUTHORITY,28290518.0,11,0
"Ministry of Housing, Communities and Local Government",POLICE CRIME COMM R FOR CLEVELAND,28211100.0,61,0
Department for Education,SOUTH TYNESIDE METROPOLITAN BOROUGH COUNCIL,28150819.76,41,0
Home Office,NORTHAMPTONSHIRE COUNTY COUNCIL G,27962575.99,110,0
Home Office,THAMES VALLEY POLICE AUTHORITY 1,27956345.06,7,0
Department for Work and Pensions,DEPARTMENT OF SOCIAL DEVELOPMENT,27915353.92,13,0
"Ministry of Housing, Communities and Local Government",BIRMINGHAM CITY COUNCIL NOT RATES,27881418.49,367,0
Department for Education,CALDERDALE METROPOLITAN BOROUGH COUNCIL,27861241.43,44,0
Cabinet Office,HMRC,27786374.01,37,0
Department of Health and Social Care,MERTON BOROUGH COUNCIL,27765438.53,62,0
The Pennine Acute Hospitals NHS Trust,NHS LITIGATION AUTHORITY,27750748.31,26,0
Home Office,NEW WEST MERCIA POLICE AUTHORITY,27721845.09,10,0
HM Revenue and Customs,LONDON BOROUGH OF NEWHAM,27643440.48,43,0
Ministry of Defence,GOSPORT BOROUGH COUNCIL,27634859.75,69,0
Ministry of Defence,RUSHMOOR BOROUGH COUNCIL,27596391.36,71,0
Department for Work and Pensions,LONDON BOROUGH OF ISLINGTON,27552892.0,134,0
Cabinet Office,DEPARTMENT FOR WORK PENSIONS,27405927.56,9,0
Ministry of Defence,MORAY COUNCIL,27373701.69,73,0
Department for Education,CITY OF STOKE ON TRENT SFC,27293443.46,75,0
Department of Health and Social Care,ROCHDALE BOROUGH COUNCIL,27262744.67,58,0
Department of Health and Social Care,TAMESIDE METROPOLITAN BOROUGH COUNCIL,27247106.4,68,0
Department of Health and Social Care,REDCAR CLEVELAND BOROUGH COUNCIL,27118686.81,53,0
Department of Health and Social Care,BIRMINGHAM SOLIHULL MENTAL HEALTH NHS FOUNDATION TRUST,27113830.9,193,0
Department of Health and Social Care,LONDON AMBULANCE SERVICE NHS TRUST,27082923.98,45,0
Home Office,DEVON SOMERSET FIRE RESCUE SERVICE G,27035663.71,32,0
Department for Work and Pensions,SUNDERLAND CITY COUNCIL,27031197.32,123,0
Department of Health and Social Care,BRENT LONDON BOROUGH COUNCIL,26983450.85,38,0
Department for Work and Pensions,HACKNEY LBC,26946652.0,89,0
Department of Health and Social Care,HOMERTON UNIVERSITY HOSPITAL NHS FOUNDATION TRUST,26924172.28,75,0
Department for Work and Pensions,NORTH LANARKSHIRE COUNCIL,26915986.5,147,0
Department for Work and Pensions,NEWCASTLE CITY COUNCIL,26887050.1,127,0
Home Office,LONDON BOROUGH OF HILLINGDON 1 G,26808402.72,83,0
Department of Health and Social Care,BEDFORD BOROUGH COUNCIL,26793100.91,65,0
"Ministry of Housing, Communities and Local Government",CHESHIRE POLICE AUTHORITY RSG,26664671.0,38,0
Department of Health and Social Care,KINGSTON UPON THAMES COUNCIL ROYAL BOROUGH OF,26587956.7,60,0
"Ministry of Housing, Communities and Local Government",TELFORD WREKIN COUNCIL,26571423.62,226,0
Department of Health and Social Care,BARTS THE LONDON NHS TRUST,26566177.71,64,0
Department of Health and Social Care,CAMDEN ISLINGTON NHS FOUNDATION TRUST,26522234.87,249,0
Department of Health and Social Care,OXLEAS NHS FOUNDATION TRUST,26487380.9,50,0
Ministry of Defence,NORTH KESTEVEN DISTRICT COUNCIL,26484439.59,68,0
Department for Work and Pensions,COVENTRY CITY COUNCIL,26423847.85,160,0
United Lincolnshire Hospitals NHS Trust,NHS BLOOD TRANSPLANT,26419360.4,310,0
"Ministry of Housing, Communities and Local Government",FOREST HEATH DISTRICT COUNCIL,26413933.7,453,0
Ministry of Defence,DEPARTMENT FOR COMMUNITIES LOCAL GOVERNMENT,26147335.79,2,0
Bristol City Council,DEPARTMENT FOR COMMUNITIES LOCAL GOVERNMENT,26102930.75,6,0
Ministry of Defence,CORNWALL COUNCIL,26017681.18,78,0
Department of Health and Social Care,SEFTON METROPOLITAN BOROUGH COUNCIL,25955998.48,28,0
Department for Work and Pensions,NORTH TYNESIDE COUNCIL,25884183.38,40,0
Department of Health and Social Care,NORFOLK SUFFOLK NHS FOUNDATION TRUST,25872090.15,157,0
"Ministry of Housing, Communities and Local Government",DORSET POLICE AUTHORITY RSG,25833588.0,38,0
NHS Norfolk and Suffolk ICB - 25k Expenditure Report,EAST OF ENGLAND COMMUNITY HEALTH CARE NHS TRUST,25798259.64,16,0
Department of Health and Social Care,QUEEN VICTORIA HOSPITAL NHS FOUNDATION TRUST,25719329.15,49,0
Department for Work and Pensions,KINGSTON UPON HULL CITY COUNCIL,25603275.41,116,0
Department for Work and Pensions,KIRKLEES METROPOLITAN BOROUGH COUNCIL,25597323.0,120,0
Department for Work and Pensions,EDINBURGH DISTRICT COUNCIL,25584795.51,113,0
"Ministry of Housing, Communities and Local Government",STOCKTON ON TEES BOROUGH COUNCIL,25579041.02,23,0
HM Revenue and Customs,CITY OF WESTMINSTER,25567293.27,142,0
Department for Work and Pensions,SANDWELL BOROUGH COUNCIL,25552409.73,116,0
"Ministry of Housing, Communities and Local Government",WAKEFIELD MDC,25419204.56,90,0
The Pennine Acute Hospitals NHS Trust,NHS SUPPLY CHAIN MAINTENANCE 201,25335556.58,217,0
HM Revenue and Customs,HM REVENUE CUSTOMS,25238388.84,112,1
Home Office,METROPOLITAN POLICE SERVICE G,25236370.33,23,0
Department of Health and Social Care,BEDFORDSHIRE HOSPITALS NHS FOUNDATION TRUST,25230000.0,3,0
Department for Work and Pensions,CITY OF WESTMINSTER,25199237.71,133,0
Home Office,CHESHIRE FIRE AUTHORITY G,25186078.03,9,0
Department of Health and Social Care,READING BOROUGH COUNCIL,25179571.96,92,0
Department for Work and Pensions,STOKE ON TRENT CITY COUNCIL,25125475.42,154,0
Cabinet Office,MINISTRY OF DEFENCE,25121727.14,96,0
Department of Health and Social Care,HUMBER TEACHING NHS FOUNDATION TRUST,25093349.45,51,0
Department for Work and Pensions,WIRRAL BOROUGH COUNCIL,24906278.86,125,0
"Ministry of Housing, Communities and Local Government",ALLERDALE BOROUGH COUNCIL,24866841.32,316,0
Department for Work and Pensions,LONDON BOROUGH OF GREENWICH,24822728.56,129,0
"Ministry of Housing, Communities and Local Government",SOUTHAMPTON CITY COUNCIL,24781218.45,71,0
Department for Work and Pensions,BLACKPOOL BOROUGH COUNCIL,24754725.0,122,0
Department for Work and Pensions,LONDON BOROUGH OF BARNET,24752009.0,139,0
Home Office,MANCHESTER CITY COUNCIL G,24687714.16,177,0
Department of Health and Social Care,THURROCK BOROUGH COUNCIL,24572038.61,54,0
Department for Work and Pensions,SOUTH LANARKSHIRE COUNCIL,24502964.54,152,0
Department for Work and Pensions,LONDON BOROUGH OF NEWHAM,24489116.0,113,0
Ministry of Defence,PLYMOUTH CITY COUNCIL,24433885.49,72,0
Department for Education,NORTH TYNESIDE METROPOLITAN BOROUGH COUNCIL,24380998.95,41,0
Department of Health and Social Care,WESTERN SUSSEX HOSPITALS NHS TRUST,24356118.84,27,0
HM Revenue and Customs,CARDIFF COUNTY COUNCIL,24337468.51,122,0
Ministry of Justice,HOME OFFICE GENERAL CASH ACCOUNT AR10110302,24303651.39,1,0
Department of Health and Social Care,KENT MEDWAY NHS SOCIAL CARE PARTNERSHIP TRUST,24256517.94,43,0
Department for Education,DUDELEY METROPOLITAN BOROUGH COUNCIL,24230682.76,36,0
Salisbury NHS Foundation Trust,NHS LOGISTICS,24177048.21,925121,0
"Ministry of Housing, Communities and Local Government",KIRKLEES COUNCIL,24124234.45,213,0
"Department for Science, Innovation and Technology",BRITISH COUNCIL,24123009.16,32,0
Department for Education,WAKEFIELD METROPOLITAN DISTRICT COUNCIL,24115274.01,34,0
UK Shared Business Services,HM REVENUE CUSTOMS,24087366.92,167,0
Department of Health and Social Care,TRAFFORD METROPOLITAN BOROUGH COUNCIL,24080509.88,52,0
Department for Work and Pensions,WOLVERHAMPTON CITY COUNCIL,24051284.0,142,0
"Ministry of Housing, Communities and Local Government",H M TREASURY,24024831.36,75,0
"Ministry of Housing, Communities and Local Government",RUSHCLIFFE BOROUGH COUNCIL,24022182.76,426,0
Department of Health and Social Care,WORCESTERSHIRE HEALTH CARE NHS TRUST R1A,24016126.45,37,0
Department for Work and Pensions,WALSALL BOROUGH COUNCIL,23995245.0,116,0
"Ministry of Housing, Communities and Local Government",HOME OFFICE,23988609.98,45,0
Bristol City Council,BATH NORTH EAST SOMERSET COUNCIL PENSIONS,23957517.62,453,0
"Ministry of Housing, Communities and Local Government",HARLOW COUNCIL,23860414.72,81,0
Department of Health and Social Care,HALTON BOROUGH COUNCIL,23819686.72,60,0
"Ministry of Housing, Communities and Local Government",WEST MIDLANDS POLICE AUTHORITY,23761907.0,33,0
Department of Health and Social Care,YORK SCARBOROUGH TEACHING HOSPITALS NHS FOUNDATION TRUST,23753710.91,40,0
"Ministry of Housing, Communities and Local Government",HARLOW DISTRICT COUNCIL,23747276.02,353,0
Department of Health and Social Care,NORTH EAST LONDON NHS FOUNDATION TRUST,23742887.0,216,0
Maidstone and Tunbridge Wells NHS Trust,TUNBRIDGE WELLS BOROUGH COUNCIL,23647614.65,25,0
The Pennine Acute Hospitals NHS Trust,HM REVENUE CUSTOMS PAYE NI ACCT NHS P,23601037.74,82,0
Ministry of Justice,HOME OFFICE GENERAL CASH ACCOUNT AR10110241,23564908.29,1,0
Home Office,HAMPSHIRE FIRE RESCUE SERVICE G,23554714.95,33,0
Department for Energy Security and Net Zero,LIVERPOOL CITY REGION COMBINED AUTHORITY,23493708.28,13,0
Bristol City Council,BRISTOL NORTH SOMERSET SOUTH GLOUCESTERSHIRE CCG,23439195.13,1002,0
"Ministry of Housing, Communities and Local Government",NORFOLK POLICE AUTHORITY RSG,23426607.0,30,0
Department of Health and Social Care,LONDON BOROUGH OF BRENT,23409984.18,25,0
Department for Work and Pensions,LONDON BOROUGH OF WANDSWORTH,23405924.48,120,0
Home Office,MANCHESTER CITY COUNCIL,23377444.58,90,0
Department for Work and Pensions,CARDIFF CITY COUNCIL,23265611.0,141,0
Department of Health and Social Care,LEEDS YORK PARTNERSHIP NHS FOUNDATION TRUST,23228803.04,184,0
Royal Borough of Greenwich,NHS GREENWICH CCG,23202205.66,68,0
"Ministry of Housing, Communities and Local Government",BASILDON BOROUGH COUNCIL,23173270.0,273,0
HM Revenue and Customs,LIVERPOOL CITY COUNCIL,23149144.18,217,0
Department for Work and Pensions,LONDON BOROUGH OF CAMDEN,23002953.41,122,0
Home Office,AVON FIRE RESCUE SERVICE G,22984288.15,32,0
"Ministry of Housing, Communities and Local Government",ISLE OF WIGHT COUNCIL,22914720.76,143,0
"Ministry of Housing, Communities and Local Government",WESTMINSTER CITY COUNCIL,22875698.92,69,0
Department of Health and Social Care,BURY METROPOLITAN BOROUGH COUNCIL,22833874.3,55,0
Ministry of Defence,MINISTRY OF DEFENCE,22808435.17,7,1
Department for Energy Security and Net Zero,WEST OF ENGLAND COMBINED AUTHORITY,22774367.77,22,0
"Ministry of Housing, Communities and Local Government",TAMWORTH BOROUGH COUNCIL,22763211.89,418,0
Department for International Development,SPHEIR BRITISH COUNCIL,22683978.14,27,0
Department for Work and Pensions,LONDON BOROUGH OF HARINGEY,22679788.0,107,0
Department for Education,WANDSWORTH COUNCIL,22550000.0,2,0
Ministry of Justice,UK COURT SERVICES,22544332.59,69,0
"Ministry of Housing, Communities and Local Government",POLICE CRIME COMM R DERBYSHIRE R,22495543.0,61,0
Ministry of Justice,HOME OFFICE GENERAL CASH ACCOUNT AR10110250,22315695.23,1,0
HM Revenue and Customs,BIRMINGHAM CITY COUNCIL,22303288.31,109,0
Department of Health and Social Care,LEICESTERSHIRE PARTNERSHIP NHS TRUST,22260453.57,48,0
Ministry of Justice,HOME OFFICE GENERAL CASH ACCOUNT AR10110278,22225959.35,1,0
Department of Health and Social Care,NORTH NORTHAMPTONSHIRE COUNCIL,22198650.18,22,0
Department for Education,WINDSOR MAIDENHEAD ROYAL BOROUGH COUNCIL,22153935.43,32,0
Department of Health and Social Care,WOKINGHAM COUNCIL,22146502.39,55,0
Department for Work and Pensions,LONDON BOROUGH OF ENFIELD,22041782.0,100,0
East Sussex Healthcare NHS Trust,NHS PROPERTY SERVICES,22004636.36,423,0
National Offender Management Service,DEPARTMENT OF HEALTH,22000000.0,1,0
George Eliot Hospital NHS Trust,NHS PROFESSIONALS,21939915.79,107,0
Home Office,HUMBERSIDE FIRE RESCUE SERVICE G,21848878.15,7,0
Ministry of Defence,COLCHESTER BOROUGH COUNCIL,21843003.61,74,0
Department of Health and Social Care,YORKSHIRE AMBULANCE SERVICE NHS TRUST,21802601.47,64,0
Department of Health and Social Care,BUCKINGHAMSHIRE COUNCIL,21792990.75,14,0
"Ministry of Housing, Communities and Local Government",LEICESTERSHIRE FIRE SERVICE,21720000.77,28,0
Department for Work and Pensions,FIFE COUNCIL,21686999.81,130,0
"Ministry of Housing, Communities and Local Government",CITY OF LONDON HSG,21662536.0,522,0
Department of Health and Social Care,NHS BRISTOL NORTH SOMERSET SOUTH GLOUCESTERSHIRE CCG,21587992.93,233,0
Foreign and Commonwealth Office,CITY OF WESTMINSTER,21414831.7,42,0
Pennine Care NHS Foundation Trust,MWL TEACHING HOSPITAL NHS TRUST,21406670.56,84,0
"Ministry of Housing, Communities and Local Government",NORTH TYNESIDE COUNCIL,21393218.92,154,0
Department for Work and Pensions,WILTSHIRE COUNCIL,21374915.8,152,0
Department for Work and Pensions,YORKSHIRE HUMBER LEARNING SKILLS COUNCIL,21255224.0,6,0
Royal Borough of Greenwich,KENT COUNTY COUNCIL KCS,21246517.37,291,0
"Ministry of Housing, Communities and Local Government",SOUTH YORKS FIRE RESCUE,21190713.5,30,0
"Ministry of Housing, Communities and Local Government",LONDON BOROUGH OF CAMDEN,21138582.78,58,0
"Ministry of Housing, Communities and Local Government",ROCHFORD DISTRICT COUNCIL,21077614.99,419,0
"Ministry of Housing, Communities and Local Government",ELMBRIDGE BOROUGH COUNCIL,21052396.72,90,0
Department for Work and Pensions,BRIGHTON HOVE COUNCIL,21036019.0,114,0
Department for Work and Pensions,DONCASTER METROPOLITAN BOROUGH COUNCIL,21011751.0,121,0
Home Office,NOTTINGHAMSHIRE FIRE RESCUE SERVICE G,21011158.92,14,0
Ministry of Justice,CABINET OFFICE CIVIL SUPERANNUATION AE10410072,21000000.0,1,0
Department of Health and Social Care,NHS COMMISSIONING BOARD,21000000.0,3,0
"Ministry of Housing, Communities and Local Government",ESSEX COUNTY FIRE RESCUE SERVICE,20941178.63,72,0
Department for Work and Pensions,SOUTH EAST LEARNING SKILLS COUNCIL,20796177.0,4,0
Ministry of Defence,LONDON BOROUGH OF HILLINGDON,20783859.61,78,0
Home Office,DEPARTMENT FOR EDUCATION G,20752101.82,4,0
Home Office,DEPARTMENT FOR COMMUNITIES LOCAL GOVERNMENT,20741008.83,46,0
"Ministry of Housing, Communities and Local Government",EXETER CITY COUNCIL,20709633.0,233,0
Department for Energy Security and Net Zero,TEES VALLEY COMBINED AUTHORITY,20659372.71,12,0
Ministry of Justice,HOME OFFICE GENERAL CASH ACCOUNT AR10110224,20603013.08,1,0
Department for Work and Pensions,LONDON BOROUGH OF WALTHAM FOREST,20581601.0,120,0
Department for Work and Pensions,CHESHIRE WEST CHESTER COUNCIL,20574945.0,159,0
"Ministry of Housing, Communities and Local Government",POLICE CRIME COMM R THAMES VALLEY,20561106.0,41,0
"Ministry of Housing, Communities and Local Government",WEST MIDLANDS FIRE SERVICE,20546191.77,24,0
Department for Work and Pensions,PLYMOUTH CITY COUNCIL,20535289.0,121,0
Ministry of Defence,FIFE COUNCIL,20524709.18,79,0
Bristol City Council,WEST OF ENGLAND COMBINED AUTHORITY,20471756.42,57,0
Home Office,MINISTRY OF DEFENCE,20470299.32,92,0
Ministry of Justice,CITY OF LONDON,20466519.62,106,0
Department of Health and Social Care,DARLINGTON BOROUGH COUNCIL,20419148.1,55,0
Department of Health and Social Care,SLOUGH BOROUGH COUNCIL,20396798.94,55,0
Department of Health and Social Care,NORTH WEST AMBULANCE SERVICE NHS TRUST,20362030.65,41,0
Department of Health and Social Care,NORTH STAFFORDSHIRE COMBINED HEALTHCARE NHS TRUST,20347670.02,78,0
Ministry of Defence,SHROPSHIRE COUNCIL,20307009.79,71,0
Department for Work and Pensions,LONDON BOROUGH OF CROYDON,20292040.6,81,0
Department of Health and Social Care,WINDSOR MAIDENHEAD ROYAL BOROUGH OF,20191103.83,54,0
Department for Work and Pensions,SOUTHAMPTON CITY COUNCIL,20158994.5,133,0
"Department for Science, Innovation and Technology",DEPARTMENT FOR CULTURE MEDIA SPORT,20121447.41,4,0
Department of Health and Social Care,HARTLEPOOL BOROUGH COUNCIL,20076741.68,56,0
"Ministry of Housing, Communities and Local Government",LANCASHIRE FIRE RESCUE,20073801.67,22,0
Department of Health and Social Care,NHS PROPERTY SERVICES NPS033,20000000.0,1,0
Home Office,DEPARTMENT OF WORK PENSIONS G,19990817.35,236,0
"Ministry of Housing, Communities and Local Government",HALTON BOROUGH COUNCIL,19944247.0,22,0
HM Revenue and Customs,SOUTH LANARKSHIRE COUNCIL,19918642.68,144,0
"Department for Science, Innovation and Technology",FOREIGN COMMONWEALTH DEVELOPMENT OFFICE,19813343.98,4,0
Department for Education,SUNDERLAND COUNTY COUNCIL,19811344.69,41,0
"Ministry of Housing, Communities and Local Government",SHEPWAY DISTRICT COUNCIL,19765390.63,436,0
Maidstone and Tunbridge Wells NHS Trust,NHS LITIGATION AUTHORITY,19720064.0,30,0
"Ministry of Housing, Communities and Local Government",PETERBOROUGH CITY COUNCIL,19708558.34,54,0
Department for Work and Pensions,SEFTON METROPOLITAN BOROUGH COUNCIL,19599833.0,126,0
Home Office,CAMBRIDGESHIRE POLICE AUTHORITY 1,19557666.91,12,0
Pennine Care NHS Foundation Trust,NORTHERN CARE ALLIANCE NHS FOUNDATION TRUST,19468620.78,202,0
"Ministry of Housing, Communities and Local Government",ISLES OF SCILLY COUNCIL,19441057.84,768,0
Department of Health and Social Care,PENNINE CARE NHS FOUNDATION TRUST,19391837.67,94,0
Home Office,SUFFOLK COUNTY COUNCIL G,19385960.52,96,0
HM Revenue and Customs,CITY OF LONDON,19326680.45,109,0
Ministry of Defence,DEPARTMENT OF ENERGY CLIMATE CHANGE,19266562.54,4,0
National Offender Management Service,HMRC,19261345.67,38,0
East Sussex Healthcare NHS Trust,EAST SUSSEX COUNTY COUNCIL,19250648.98,24,0
Department of Health and Social Care,DORSET HEALTH CARE NHS FOUNDATION TRUST,19213733.06,66,0
Ministry of Justice,HOME OFFICE IT,19213147.58,85,0
"Ministry of Housing, Communities and Local Government",POLICE CRIME COMM R FOR NOTTS RS,19190943.0,61,0
Department for Education,MINISTRY OF DEFENCE,19163045.91,80,0
Department for Work and Pensions,WIGAN BOROUGH COUNCIL,19159420.0,115,0
Rushmoor Borough Council,HAMPSHIRE COUNTY COUNCIL,19122910.57,1002,0
Department for Education,WOKING BOROUGH COUNCIL,19122510.3,22,0
Department of Health and Social Care,NEWHAM UNIVERSITY HOSPITAL NHS TRUST,18990000.0,5,0
"Ministry of Housing, Communities and Local Government",BRISTOL CITY COUNCIL,18988638.02,132,0
Department for Work and Pensions,BOLTON METROPOLITAN BOROUGH COUNCIL,18946658.0,113,0
Home Office,LEICESTERSHIRE FIRE RESCUE SERVICE G,18921359.77,31,0
"Ministry of Housing, Communities and Local Government",CHORLEY BOROUGH COUNCIL,18914790.77,281,0
Department of Health and Social Care,5 BOROUGH PARTNERSHIP NHS FOUNDATION TRUST,18900000.0,4,0
Cabinet Office,WESTMINSTER CITY COUNCIL,18842700.78,36,0
Department for Work and Pensions,LUTON BOROUGH COUNCIL,18838997.67,185,0
East Sussex Healthcare NHS Trust,NHS BLOOD TRANSPLANT NHSBT,18806665.94,296,0
Department for Education,TRANSPORT FOR LONDON SURFACE TRANSPORT,18764441.11,6,0
Ministry of Defence,FRIMLEY PARK HOSPITAL NHS FOUNDATION TRUST,18726828.53,43,0
Department of Health and Social Care,WEST BERKSHIRE COUNCIL,18718325.3,55,0
Ministry of Defence,ENVIRONMENT AGENCY,18715844.26,18,0
Home Office,HOME OFFICE AFU CASH MANAGEM,18650865.57,34,1
Department of Health and Social Care,LONDON BOROUGH OF BEXLEY,18485544.68,28,0
Department for Education,HMCTS HM COURTS TRIBUNALS SERVICE,18436225.69,153,0
Department of Health and Social Care,ST GEORGE S HEALTHCARE NHS FOUNDATION TRUST,18415000.0,4,0
Department of Health and Social Care,NORTH ESSEX PARTNERSHIP NHS FOUNDATION TRUST,18334227.09,4,0
Department for Education,LONDON BOROUGH OF WALTHAM FOREST,18314149.0,6,0
Home Office,NORTH YORKSHIRE POLICE AUTHORITY,18313184.9,19,0
"Ministry of Housing, Communities and Local Government",LINCOLNSHIRE CC FIRE RESCUE,18312034.0,63,0
Maidstone and Tunbridge Wells NHS Trust,KENT COMMUNITY HEALTH NHS TRUST,18311420.74,170,0
Home Office,DORSET WILTSHIRE FIRE RESCUE AUTHORITY G,18285307.72,13,0
Department of Health and Social Care,SURREY BORDERS PARTNERSHIP NHS FOUNDATION TRUST,18208086.57,40,0
United Lincolnshire Hospitals NHS Trust,NHS PROPERTY SERVICES,18194246.4,237,0
Department for International Development,SOUTH AFRICAN MEDICAL RESEARCH COUNCIL,18141085.39,39,0
"Ministry of Housing, Communities and Local Government",DORSET WILTSHIRE FIRE RESCUE AU,18125939.0,88,0
Department of Health and Social Care,OXFORD RADCLIFFE HOSPITAL NHS TRUST,18088569.83,34,0
"Ministry of Housing, Communities and Local Government",DEPARTMENT OF HEALTH,17864865.92,6,0
"Ministry of Housing, Communities and Local Government",DEVON CORNWALL POLICE AUTHORITY,17859732.0,31,0
Home Office,STAFFORDSHIRE FIRE RESCUE SERVICE G,17851163.15,10,0
Ministry of Defence,HAMBLETON DISTRICT COUNCIL,17831734.49,72,0
"Ministry of Housing, Communities and Local Government",NOTTINGHAM CITY COUNCIL USE 440102,17798934.13,4,0
Ministry of Defence,DEPARTMENT FOR WORK PENSIONS,17777680.0,157,0
HM Revenue and Customs,GLASGOW CITY COUNCIL,17711987.24,127,0
Department for Work and Pensions,LONDON BOROUGH OF HOUNSLOW,17667379.0,125,0
Department for Education,COMMON COUNCIL OF THE CITY OF LONDON,17627369.28,159,0
Home Office,DERBYSHIRE FIRE RESCUE AUTHORITY G,17607488.72,7,0
Department for International Development,BIOTECHNOLOGY BIOLOGICAL SCIENCES RESEARCH COUNCIL,17594761.93,54,0
HM Revenue and Customs,CITY OF EDINBURGH COUNCIL,17567674.2,123,0
Department of Health and Social Care,ENGINEERING PHYSICAL SCIENCES RESEARCH COUNCIL,17504759.91,42,0
"Ministry of Housing, Communities and Local Government",POLICE CRIME COMM R FOR GLOCS RS,17494721.0,51,0
Department for Work and Pensions,NORTHUMBERLAND COUNCIL,17415976.0,111,0
Ministry of Defence,WILTSHIRE COUNTY COUNCIL,17398041.94,80,0
Department for Work and Pensions,DUDLEY METROPOLITAN BOROUGH COUNCIL,17318430.0,111,0
"Ministry of Housing, Communities and Local Government",MERSEYSIDE POLICE AUTHORITY,17277659.0,31,0
Department for Work and Pensions,LONDON BOROUGH OF HILLINGDON,17209446.0,114,0
"Foreign, Commonwealth and Development Office (FCDO)",MET OFFICE,17173262.66,61,0
"Ministry of Housing, Communities and Local Government",LB TOWER HAMLETS,17145046.22,34,0
Department for Education,ENVIRONMENT AGENCY,17123326.0,4,0
Coventry and Warwickshire Partnership NHS Trust,NHS PROPERTY SERVICES,17103356.0,699,0
Department of Health and Social Care,YORK COUNCIL CITY OF,17050572.52,37,0
Home Office,WEST SUSSEX COUNTY COUNCIL G,16926493.13,87,0
Shropshire Community Health NHS Trust,MIDLANDS PARTNERSHIP NHS FOUNDATION TRUST,16910833.16,6527,0
Home Office,NORFOLK COUNTY COUNCIL 1 G,16871658.37,85,0
Department of Health and Social Care,BARNET ENFIELD HARINGEY MENTAL HEALTH NHS TRUST,16839428.45,38,0
Department of Health and Social Care,DERBYSHIRE HEALTHCARE NHS FOUNDATION TRUST,16834771.13,34,0
Ministry of Justice,DEPARTMENT OF ENERGY CLIMATE CHANGE DECC,16825171.44,4,0
HM Revenue and Customs,BRISTOL CITY COUNCIL,16822191.87,138,0
Royal Borough of Greenwich,TRANSPORT FOR LONDON,16723968.85,72,0
Department of Health and Social Care,MILTON KEYNES GENERAL HOSPITAL NHS FOUNDATION TRUST,16709582.0,10,0
"Department for Science, Innovation and Technology",HM REVENUE CUSTOMS,16639139.35,10,0
Ministry of Defence,TEST VALLEY BOROUGH COUNCIL,16623399.06,66,0
Home Office,COUNTY DURHAM DURHAM FIRE RESCUE SERVICE G,16602730.87,15,0
"Ministry of Housing, Communities and Local Government",WEST MERCIA POLICE AUTHORITY,16529719.0,43,0
Ministry of Justice,CABINET OFFICE,16512740.12,44,0
Department for Work and Pensions,TAMESIDE BOROUGH COUNCIL,16503798.0,115,0
Coventry and Warwickshire Partnership NHS Trust,COVENTRY CITY COUNCIL,16498288.5,138,0
Department of Health and Social Care,LINCOLNSHIRE PARTNERSHIP NHS FOUNDATION TRUST,16488877.3,31,0
Department for Work and Pensions,LONDON BOROUGH OF BARKING DAGENHAM,16478019.0,120,0
Department for Energy Security and Net Zero,GREATER MANCHESTER COMBINED AUTHORITY,16475967.02,7,0
Department of Health and Social Care,LONDON BOROUGH OF RICHMOND UPON THAMES,16475343.95,31,0
Department of Health and Social Care,EALING HOSPITAL NHS TRUST,16419000.0,10,0
Home Office,BIRMINGHAM CITY COUNCIL G,16352330.31,145,0
NHS Norfolk and Suffolk ICB - 25k Expenditure Report,NORFOLK COUNTY COUNCIL,16350565.61,62,0
"Ministry of Housing, Communities and Local Government",LONDON BOROUGH OF EALING,16295185.34,44,0
Department for Education,KENSINGTON CHELSEA ROYAL BOROUGH COUNCIL,16229416.67,21,0
Department for Work and Pensions,ROTHERHAM BOROUGH COUNCIL,16189843.0,109,0
"Foreign, Commonwealth and Development Office (FCDO)",MEDICAL RESEARCH COUNCIL,16170096.65,26,0
Department of Health and Social Care,SOUTH CENTRAL AMBULANCE SERVICE NHS FOUNDATION TRUST,16074245.51,29,0
Department for Work and Pensions,DERBY CITY COUNCIL,16047502.65,118,0
Home Office,OXFORDSHIRE COUNTY COUNCIL 1 G,16021519.15,82,0
"Ministry of Housing, Communities and Local Government",POLICE CRIME COMM R FOR WILTSHIRE,16015927.0,56,0
NHS East and North Hertfordshire CCG,MOORFIELDS EYE HOSPITAL NHS FOUNDATION TRUST,15954080.0,52,0
United Lincolnshire Hospitals NHS Trust,NHS PROFESSIONALS,15950602.05,101,0
Department for Work and Pensions,OLDHAM BOROUGH COUNCIL,15922736.0,119,0
Department of Health and Social Care,LAMBETH LONDON BOROUGH COUNCIL,15699533.07,48,0
Isle of Wight NHS Trust,NHS RESOLUTION,15646694.8,20,0
Home Office,ESSEX COUNTY COUNCIL 1 G,15628568.23,100,0
Ministry of Defence,SOUTH SOMERSET DISTRICT COUNCIL,15617311.65,64,0
Department for Work and Pensions,LONDON BOROUGH OF BROMLEY,15606025.0,117,0
Ministry of Defence,GUY S ST THOMAS NHS FOUNDATION TRUST,15588807.4,116,0
Department for Work and Pensions,CHESHIRE EAST BOROUGH COUNCIL,15584897.5,126,0
"Ministry of Housing, Communities and Local Government",GLOUCESTER CITY COUNCIL,15582263.58,47,0
Department of Health and Social Care,NHS CAMBRIDGESHIRE PETERBOROUGH CCG 06H,15581693.47,212,0
Department for Work and Pensions,MILTON KEYNES BOROUGH COUNCIL,15566909.0,111,0
Department for Work and Pensions,BARNSLEY BOROUGH COUNCIL,15563493.0,110,0
Department for Work and Pensions,MEDWAY TOWNS COUNCIL,15556843.0,110,0
Department for Work and Pensions,ROCHDALE BOROUGH COUNCIL,15432044.0,113,0
Department for Education,BURY METROPOLITAN BOROUGH COUNCIL,15431264.39,34,0
Home Office,GLASGOW CITY COUNCIL 1 G,15406074.02,106,0
Department for International Development,ECONOMIC SOCIAL REASEARCH COUNCIL,15400086.58,45,0
"Ministry of Housing, Communities and Local Government",DURHAM DARLINGTON FIRE RESCUE,15394657.26,44,0
Coventry and Warwickshire Partnership NHS Trust,NHS BUSINESS SERVICES AUTHORITY,15366337.88,1722,0
Department for Work and Pensions,BARTS HEALTHCARE NHS TRUST,15262612.0,41,0
Department of Health and Social Care,NHS BRISTOL CCG 11H,15259237.72,191,0
North Yorkshire Council,HARROGATE DISTRICT NHS FOUNDATION TRUST,15228945.31,71,0
Department for Work and Pensions,STOCKPORT BOROUGH COUNCIL,15172876.0,112,0
Home Office,HM PRISON SERVICE,15138534.58,46,0
"Ministry of Housing, Communities and Local Government",SHROPSHIRE COUNTY COUNCIL,15117207.47,120,0
HM Revenue and Customs,NOTTINGHAM CITY COUNCIL RESOURCES,15089387.5,14,0
Department of Health and Social Care,NHS TRUST DEVELOPMEN,15089267.46,4,0
Ministry of Defence,PURBECK DISTRICT COUNCIL,15080772.17,66,0
Transport for Greater Manchester,BOLTON METROPOLITAN BOROUGH COUNCIL,15031987.07,276,0
HM Revenue and Customs,BRADFORD COUNCIL,15004972.99,155,0
Home Office,EAST SUSSEX FIRE RESCUE SERVICE G,15001475.49,9,0
Department of Health and Social Care,WHIPPS CROSS UNIVERSITY HOSPITAL NHS TRUST,15000000.0,3,0
Department for Work and Pensions,LONDON BOROUGH OF KENSINGTON CHELSEA,14981484.0,112,0
"Ministry of Housing, Communities and Local Government",WELLINGBOROUGH BOROUGH COUNCIL,14922684.0,223,0
Department for Work and Pensions,DUDLEY MBC FUTURE SKILLS,14906738.98,98,0
Department for Work and Pensions,EAST RIDING OF YORKSHIRE BOROUGH COUNCIL,14870468.0,109,0
Department for Work and Pensions,GATESHEAD BOROUGH COUNCIL,14748413.0,115,0
National Offender Management Service,HMRC HM REVENUE CUSTOMS,14737844.26,40,0
Home Office,LINCOLNSHIRE COUNTY COUNCIL 1 G,14722535.43,94,0
Department of Health and Social Care,SUSSEX COMMUNITY NHS TRUST,14682912.38,35,0
"Ministry of Housing, Communities and Local Government",STAFFORDSHIRE FIRE RESCUE SERVICE,14627027.99,30,0
Department for Work and Pensions,LONDON BOROUGH OF HARROW,14625954.0,116,0
Ministry of Defence,CENTRAL BEDFORDSHIRE COUNCIL,14583042.51,73,0
Department of Health and Social Care,ROYAL UNITED HOSPITAL BATH NHS TRUST,14553395.0,37,0
Department of Health and Social Care,NHS LIVERPOOL CCG,14413465.25,114,0
Department for Work and Pensions,READING BOROUGH COUNCIL,14383619.0,127,0
Foreign and Commonwealth Office,MOD MINISTRY OF DEFENCE,14361260.08,54,0
Home Office,USCIS DEPT OF HOMELAND SECURITY,14342937.6,15,0
Department of Health and Social Care,BRACKNELL FOREST BOROUGH COUNCIL,14339178.65,52,0
Home Office,WARWICKSHIRE COUNTY COUNCIL G,14296733.06,53,0
Home Office,BUCKINGHAMSHIRE MILTON KEYNES FIRE AUTHORITY G,14293786.58,27,0
Department for Work and Pensions,HARTLEPOOL BOROUGH COUNCIL,14289257.0,145,0
Blaby District Council,LEICESTERSHIRE COUNTY COUNCIL,14259176.45,1108,0
Home Office,GLOUCESTERSHIRE POLICE AUTHORITY,14196698.44,16,0
Department for International Development,CITY OF WESTMINSTER,14184684.3,47,0
Department for Work and Pensions,LONDON BOROUGH OF HAMMERSMITH FULHAM,14173041.0,98,0
"Foreign, Commonwealth and Development Office (FCDO)",MOD MINISTRY OF DEFENCE,14157711.08,42,0
Department for Work and Pensions,SHROPSHIRE COUNCIL,14154827.0,132,0
Ministry of Defence,HART DISTRICT COUNCIL,14006271.49,70,0
Home Office,METROPOLITAN POLICE,13964704.73,43,0
"Ministry of Housing, Communities and Local Government",LANCASTER CITY COUNCIL,13939363.58,200,0
Department for Education,HEREFORDSHIRE COUNTY COUNCIL,13930630.81,41,0
"Ministry of Housing, Communities and Local Government",AVON FIRE RESCUE SERVICE,13882693.93,21,0
Ministry of Defence,HARROGATE BOROUGH COUNCIL,13824523.92,71,0
Ministry of Defence,BOROUGH COUNCIL OF KINGS LYNN WEST NORFOLK,13790982.87,70,0
"Ministry of Housing, Communities and Local Government",COUNCIL OF THE ISLES OF SCILLY,13789857.88,59,0
Department for Work and Pensions,PETERBOROUGH CITY COUNCIL,13681827.8,119,0
Department of Health and Social Care,SUSSEX COMMUNITY NHS FOUNDATION TRUST,13644117.58,53,0
NHS Norfolk and Suffolk ICB - 25k Expenditure Report,ROYAL PAPWORTH HOSPITAL NHS FOUNDATION TRUST,13567707.69,6,0
Department for Education,DEPARTMENT FOR WORK PENSIONS,13532727.75,116,0
Department of Health and Social Care,MINISTRY OF HOUSING COMMUNITIES LOCAL GOVERNMENT,13525662.0,2,0
Department of Health and Social Care,SHEFFIELD HEALTH SOCIAL CARE NHS FOUNDATION TRUST,13517874.55,135,0
Department for Work and Pensions,DUNDEE CITY COUNCIL,13513827.92,140,0
Ministry of Defence,EAST HAMPSHIRE DISTRICT COUNCIL,13506373.11,75,0
Department for Work and Pensions,GREATER LONDON AUTHORITY,13463964.0,54,0
Home Office,SOLIHULL MBC G,13462477.56,83,0
Department of Health and Social Care,ESSEX PENSION FUND,13450900.0,2,0
NHS Norfolk and Suffolk ICB - 25k Expenditure Report,NORFOLK COMMUNITY HEALTH CARE NHS TRUST,13405849.29,15,0
Department for Work and Pensions,SWANSEA CITY COUNCIL,13376084.0,107,0
Department for Work and Pensions,NORTH TYNESIDE BOROUGH COUNCIL,13348959.0,113,0
Ministry of Defence,NORTHUMBERLAND COUNTY COUNCIL,13342553.22,76,0
Department for Work and Pensions,STOCKTON BOROUGH COUNCIL,13339928.0,114,0
Government Legal Department,HM REVENUE CUSTOMS,13338827.29,4,0
HM Revenue and Customs,ERS VALUATION OFFICE AGENCY,13325000.0,19,0
United Lincolnshire Hospitals NHS Trust,CITY OF LINCOLN COUNCIL,13304194.28,44,0
Ministry of Defence,CITY OF EDINBURGH COUNCIL,13284939.33,90,0
The Pennine Acute Hospitals NHS Trust,NHS SUPPLY CHAIN ADVANCE PAYMENTS,13264220.56,37,0
HM Revenue and Customs,NOTTINGHAM CITY COUNCIL,13250261.92,75,0
Department for Work and Pensions,PORTSMOUTH CITY COUNCIL,13240326.0,91,0
Coventry and Warwickshire Partnership NHS Trust,COVENTRY PRIMARY CARE TRUST,13222577.27,205,0
Department of Health and Social Care,EAST OF ENGLAND AMBULANCE SERVICE NHS TRUST,13184603.74,36,0
Portsmouth Hospital NHS Trust,UNIVERSITY HOSPITALS SUSSEX NHS FOUNDATION TRUST,13184299.29,56,0
Home Office,SLOUGH BOROUGH COUNCIL G,13138949.57,47,0
Department for Work and Pensions,CALDERDALE BOROUGH COUNCIL,13129597.0,116,0
Department of Health and Social Care,BIRMINGHAM WOMENS NHS FOUNDATION TRUST,13113152.36,63,0
HM Revenue and Customs,SUNDERLAND COUNCIL,13111531.76,74,0
Ministry of Defence,CHERWELL DISTRICT COUNCIL,13106729.14,72,0
Department for Work and Pensions,MERTHYR TYDFIL COUNTY BOROUGH COUNCIL,13104650.0,31,0
Home Office,GLOUCESTERSHIRE COUNTY COUNCIL 1 G,13072597.65,74,0
Home Office,HEREFORD WORCESTER FIRE RESCUE SERVICE G,13052647.97,30,0
HM Revenue and Customs,SEFTON MBC,12995097.1,141,0
East Sussex Healthcare NHS Trust,NHS SUPPLY CHAIN MAIDSTONE,12933640.54,164,0
"Ministry of Housing, Communities and Local Government",LONDON BOROUGH OF BRENT,12915426.46,81,0
Department for Work and Pensions,BOURNEMOUTH BOROUGH COUNCIL,12905651.75,115,0
"Ministry of Housing, Communities and Local Government",LB ISLINGTON,12882184.79,31,0
"Ministry of Housing, Communities and Local Government",LINCONSHIRE COUNTY COUNCIL,12871056.42,169,0
Ministry of Defence,HUNTINGDONSHIRE DISTRICT COUNCIL,12847697.2,72,0
Department for Work and Pensions,WAKEFIELD DISTRICT COUNCIL,12828026.0,77,0
United Lincolnshire Hospitals NHS Trust,SCCL NHS SUPPLY CHAIN MAINTENANCE,12816087.28,155,0
Department for Work and Pensions,ST HELENS BOROUGH COUNCIL,12740978.0,111,0
Department of Health and Social Care,CITY OF YORK COUNCIL,12737278.7,32,0
"Ministry of Housing, Communities and Local Government",SHROPSHIRE UNITARY COUNCIL,12730233.03,26,0
Ministry of Justice,STAFFORDSHIRE COUNTY COUNCIL,12651534.17,89,0
Department for Energy Security and Net Zero,COVENTRY CITY COUNCIL,12565362.27,12,0
"Ministry of Housing, Communities and Local Government",DERBYSHIRE POLICE AUTHORITY RSG,12558953.0,39,0
Isle of Wight NHS Trust,ISLE OF WIGHT COUNCIL,12545343.2,50,0
Department for Work and Pensions,SWINDON BOROUGH COUNCIL,12532531.0,139,0
"Ministry of Housing, Communities and Local Government",BRISTOL CITY COUNCIL HSG,12518745.0,27,0
Department of Health and Social Care,CORNWALL PARTNERSHIP NHS FOUNDATION TRUST,12503341.19,39,0
"Ministry of Housing, Communities and Local Government",RUGBY BOROUGH COUNCIL,12386444.0,177,0
"Ministry of Housing, Communities and Local Government",NORTH LINCOLNSHIRE COUNCIL,12335301.82,31,0
Department of Health and Social Care,TAVISTOCK PORTMAN NHS FOUNDATION TRUST,12329870.85,94,0
Department for Work and Pensions,SOUTH GLASGOW UNIVERSITY HOSPITALS NHS TRUST,12317385.0,33,0
Home Office,NORTH YORKSHIRE FIRE RESCUE AUTHORITY G,12315748.15,8,0
Home Office,LONDON BOROUGH OF ISLINGTON G,12273603.24,108,0
Department for Work and Pensions,REDCAR CLEVELAND BOROUGH COUNCIL,12224358.0,136,0
Department for Work and Pensions,SOUTHEND ON SEA BOROUGH COUNCIL,12219199.0,113,0
Home Office,SOLIHULL MBC,12210961.87,23,0
Department for Work and Pensions,KNOWSLEY BOROUGH COUNCIL,12195780.0,92,0
NHS Norfolk and Suffolk ICB - 25k Expenditure Report,SUFFOLK COUNTY COUNCIL,12195179.29,36,0
Department for Work and Pensions,RENFREWSHIRE COUNCIL,12175434.5,114,0
Department for Work and Pensions,NORTH EAST LINCOLNSHIRE COUNCIL,12152826.24,113,0
Department for Work and Pensions,LONDON BOROUGH OF HAVERING,12099736.0,119,0
Home Office,DEPARTMENT FOR WORK PENSIONS DWP,12097511.27,186,0
Department for Work and Pensions,CENTRAL BEDFORDSHIRE DISTRICT COUNCIL,12068833.0,123,0
Home Office,ROYAL BERKSHIRE FIRE RESCUE SERVICE G,12034245.77,13,0
"Ministry of Housing, Communities and Local Government",HARROGATE BOROUGH COUNCIL,12014111.73,71,0
Department for Work and Pensions,HIGHLAND COUNCIL,12007770.55,126,0
Department for Work and Pensions,NEWPORT CITY COUNCIL,11955628.98,147,0
Ministry of Defence,FOREIGN COMMONWEALTH OFFICE SERVICES,11941610.9,73,0
Department for Work and Pensions,RHONDDA CYNON TAFF COUNTY BOROUGH COUNCIL,11933273.0,97,0
"Ministry of Housing, Communities and Local Government",DEVON COUNTY COUNCIL,11860953.66,60,0
"Ministry of Housing, Communities and Local Government",MID SUFFOLK DISTRICK COUNCIL,11857235.0,210,0
Shropshire Community Health NHS Trust,ROBERT JONES AGNES HUNT NHS FT,11830659.64,2262,0
South Central Ambulance Service NHS Foundation Trust,HM REVENUE CUSTOMS,11822197.23,6,0
Ministry of Defence,SHEPWAY DISTRICT COUNCIL,11816235.63,72,0
Department for Work and Pensions,TORBAY COUNCIL,11808472.0,117,0
Ministry of Defence,HMRC VAT,11807151.96,20,0
Department of Health and Social Care,WEST MIDLANDS AMBULANCE SERVICE NHS FOUNDATION TRUST,11797136.18,25,0
Department for Work and Pensions,SCOTTISH GOVERNMENT,11794651.1,16,0
Ministry of Defence,WINCHESTER CITY COUNCIL,11790838.03,110,0
Home Office,NORTHUMBRIA POLICE CRIME COMMISSIONER G,11775677.03,4,0
Maidstone and Tunbridge Wells NHS Trust,NHS BLOOD TRANSPLANT,11769540.29,152,0
Home Office,CUMBRIA COUNTY COUNCIL 1 G,11747634.8,28,0
"Ministry of Housing, Communities and Local Government",WOLVERHAMPTON CITY COUNCIL,11728537.92,185,0
"Ministry of Housing, Communities and Local Government",NORFOLK POLICE CRIME COMMISSIONER,11694077.0,15,0
Ministry of Defence,GUILDFORD BOROUGH COUNCIL,11667335.83,73,0
Department for Work and Pensions,WEST LOTHIAN COUNCIL,11649661.0,143,0
Ministry of Defence,MET OFFICE,11640519.1,50,0
HM Revenue and Customs,BOROUGH OF TELFORD WREKIN,11634250.38,139,0
Department of Health and Social Care,MINISTRY OF JUSTICE MOJ,11626196.13,68,0
Department of Health and Social Care,BEXLEY LONDON BOROUGH COUNCIL,11603920.95,26,0
Department for Work and Pensions,BRITISH COUNCIL,11566672.91,39,0
The Pennine Acute Hospitals NHS Trust,NHS SUPPLY CHAIN CAPITAL 905,11555082.0,118,0
Department for Work and Pensions,CARMARTHENSHIRE COUNTY COUNCIL,11554607.7,139,0
Department for Work and Pensions,KENT COUNTY COUNCIL,11486824.15,35,0
Department for Education,LOCAL AUTHORITY FOR CITY OF LONDON,11486024.9,170,0
Ministry of Defence,TEWKESBURY BOROUGH COUNCIL,11468327.57,65,0
HM Revenue and Customs,ROYAL BOROUGH OF K C POLAR,11463621.33,122,0
NHS Thames Valley ICB,OXFORDSHIRE COUNTY COUNCIL,11455934.14,38,0
United Lincolnshire Hospitals NHS Trust,BOSTON BOROUGH COUNCIL BUSINESS RATES,11431869.31,47,0
Ministry of Defence,WYCOMBE DISTRICT COUNCIL,11422289.23,64,0
Department of Health and Social Care,CHRISTIE HOSPITAL NHS FOUNDATION TRUST,11399666.0,73,0
East Sussex Healthcare NHS Trust,HASTINGS BOROUGH COUNCIL,11391736.36,112,0
Department for Work and Pensions,MIDDLESBROUGH COUNCIL,11371158.0,95,0
Ministry of Justice,MANCHESTER CITY COUNCIL,11294824.25,114,0
HM Treasury,CITY OF WESTMINSTER BUSINESS RATES,11290965.08,2,0
Department for Work and Pensions,H M TREASURY GROUP,11280937.0,10,0
Ministry of Justice,LONDON BOROUGH OF CAMDEN,11275386.61,126,0
"Ministry of Housing, Communities and Local Government",BRIGHTON HOVE COUNCIL,11219127.21,33,0
Home Office,LIVERPOOL CITY COUNCIL 1 G,11214075.59,94,0
"Ministry of Housing, Communities and Local Government",HARLOW COUNCIL ENT ZONE GRANT,11205000.0,2,0
Department of Health and Social Care,NORFOLK COMMUNITY HEALTH CARE NHS TRUST,11193000.0,3,0
Department of Health and Social Care,NHS BUSINESS SERVICE,11167353.24,3,0
Ministry of Defence,THREE RIVERS DISTRICT COUNCIL,11149535.48,65,0
Home Office,LEEDS CITY COUNCIL G,11149522.43,76,0
Ministry of Defence,TELFORD WREKIN COUNCIL,11115154.74,9,0
Whittington Hospital NHS Trust,NHS LITIGATION AUTHORITY,11112548.4,42,0
NHS East and North Hertfordshire CCG,PRINCESS ALEXANDRA HOSPITAL NHS TRUST,11104852.9,2,0
Department for Work and Pensions,SOUTH GLOUCESTERSHIRE COUNCIL,11090283.0,107,0
Department of Health and Social Care,NOTTINGHAMSHIRE HEALTHCARE NHS TRUST,11081735.67,111,0
Maidstone and Tunbridge Wells NHS Trust,MAIDSTONE BOROUGH COUNCIL BRATES,11069672.07,19,0
East Sussex Healthcare NHS Trust,EASTBOURNE BOROUGH COUNCIL,11059466.01,125,0
Department for Work and Pensions,THANET DISTRICT COUNCIL,11054556.0,111,0
Ministry of Defence,STRATFORD ON AVON DISTRICT COUNCIL,11052600.0,6,0
"Ministry of Housing, Communities and Local Government",LB WALTHAM FOREST,11039945.13,45,0
Department of Health and Social Care,ROBERT JONES AGNES HUNT ORTHOPAEDIC HOSPITAL NHS FOUNDATION TRUST,11010494.4,34,0
Department of Health and Social Care,GREAT ORMOND STREET HOSPITAL FOR CHILDREN NHS TRUST,11006113.0,15,0
Home Office,INDEPENDENT POLICE COMPLAINTS COMI,11000000.0,4,0
Ministry of Defence,HOME OFFICE,10993971.99,35,0
Department for Work and Pensions,LONDON BOROUGH OF MERTON,10985702.0,113,0
Ministry of Justice,DEPARTMENT FOR COMMUNITIES LOCAL GOVERNMENT,10960830.89,81,0
Department of Health and Social Care,NHS OXFORDSHIRE CCG 10Q,10903700.19,161,0
Department for Work and Pensions,NORTHAMPTON BOROUGH COUNCIL,10897666.0,99,0
Home Office,LONDON BOROUGH OF HILLINGDON G,10875481.15,65,0
"Ministry of Housing, Communities and Local Government",WILTSHIRE POLICE RSG,10846387.0,39,0
Department for Work and Pensions,BURY METROPOLITAN BOROUGH COUNCIL,10843021.0,112,0
Department for Work and Pensions,GLASGOW CITY COUNCIL,10779233.25,52,0
Home Office,CAMBRIDGESHIRE PETERBOROUGH FIRE AUTHORITY G,10773850.72,7,0
Department for International Development,PUBLIC HEALTH ENGLAND,10770835.78,28,0
Department for Work and Pensions,LONDON BOROUGH OF SUTTON,10741513.0,120,0
National Institute for Health and Care Excellence,BRITISH COUNCIL,10705590.98,70,0
"Ministry of Housing, Communities and Local Government",N YORKS FIRE RESCUE AUTHORITY,10699394.81,23,0
Department for Work and Pensions,NORTH LINCOLNSHIRE COUNCIL,10662572.0,128,0
East Sussex Healthcare NHS Trust,NHS BUSINESS SERVICES AUTHORITY,10655516.67,152,0
NHS Thames Valley ICB,GUYS ST THOMAS HOSPITAL NHS FOUNDATION TRUST,10643023.92,13,0
Home Office,POLICE SERVICE OF NORTHERN IRELAND,10604958.41,70,0
Cabinet Office,HM REVENUE CUSTOMS,10580282.65,17,0
Ministry of Defence,RUTLAND COUNTY COUNCIL DISTRICT COUNCIL,10574446.71,73,0
HM Treasury,CITY OF WESTMINSTER,10561569.53,2,0
Department for Work and Pensions,SOLIHULL METROPOLITAN BOROUGH COUNCIL,10558142.8,131,0
"Ministry of Housing, Communities and Local Government",WEST YORKSHIRE FIRE SERVICE,10554999.84,20,0
"Department for Environment, Food and Rural Affairs",MET OFFICE,10518281.05,41,0
Department for Education,HM TREASURY,10516051.84,60,0
Department for Work and Pensions,BLACKBURN BOROUGH COUNCIL,10503268.0,109,0
Department for Work and Pensions,LEEDS TEACHING HOSPITAL NHS TRUST,10454953.0,34,0
NHS East and North Hertfordshire CCG,WEST HERTFORDSHIRE HOSPITALS NHS TRUST,10440854.53,57,0
"Department for Environment, Food and Rural Affairs",MINISTRY OF DEFENCE,10428070.08,7,0
"Department for Science, Innovation and Technology",DEPARTMENT OF HEALTH SOCIAL CARE,10417968.81,6,0
Home Office,POLICE CRIME COMMISSIONER FOR LANCASHIRE THE,10401043.84,42,0
Department for Energy Security and Net Zero,BIRMINGHAM CITY COUNCIL,10389102.0,4,0
"Ministry of Housing, Communities and Local Government",GLOUCESTERSHIRE CONSTABULARY RS,10379551.0,25,0
Pennine Care NHS Foundation Trust,ST HELENS KNOWSLEY HOSPITAL SERVICES NHS TRUST,10368930.57,46,0
Department for Work and Pensions,LANCASHIRE COUNTY COUNCIL,10362841.93,63,0
Department of Health and Social Care,NHS NORTH STAFFORDSHIRE CCG 05G,10362825.75,180,0
Department for Education,COUNCIL OF ISLES OF SCILLY,10341673.46,144,0
Department of Health and Social Care,ST GEORGE S HEALTHCARE NHS TRUST,10336177.26,32,0
"Foreign, Commonwealth and Development Office (FCDO)",DEPARTMENT OF HEALTH SOCIAL CARE,10301335.85,3,0
Department for Work and Pensions,BASILDON DISTRICT COUNCIL,10290236.0,110,0
"Ministry of Housing, Communities and Local Government",DEPT FOR BUSINESS INNOVATION SKIL,10290049.06,72,0
Department for Work and Pensions,NORTH AYRSHIRE COUNCIL,10275031.0,115,0
Department for Work and Pensions,NORFOLK COUNTY COUNCIL,10202846.0,48,0
Department for Work and Pensions,MANCHESTER UNIVERSITY HOSPITAL NHS FOUNDATION TRUST,10167880.0,32,0
"Ministry of Housing, Communities and Local Government",LONDON BOROUGH OF MERTON,10156862.5,20,0
East Sussex Healthcare NHS Trust,UNIVERSITY HOSPITALS SUSSEX NHS FT,10152202.91,163,0
George Eliot Hospital NHS Trust,NHS RESOLUTION,10120777.0,15,0
Home Office,GLASGOW CITY COUNCIL,10107540.51,25,0
Ministry of Defence,EAST LINDSEY DISTRICT COUNCIL,10094891.95,60,0
Department of Health and Social Care,BIRMINGHAM COMMUNITY HEALTHCARE NHS FOUNDATION TRUST RYW,10092007.34,79,0
Isle of Wight NHS Trust,DEPARTMENT OF HEALTH SOCIAL CARE,10064000.0,4,0
HM Revenue and Customs,DEPARTMENT FOR TRANSPORT DFT,10063067.86,22,0
Maidstone and Tunbridge Wells NHS Trust,BENENDEN HOSPITAL TRUST,10060996.92,105,0
Department for Work and Pensions,WARRINGTON BOROUGH COUNCIL,10060283.0,110,0
The Pennine Acute Hospitals NHS Trust,NORTH LANCASHIRE PCT,10015947.92,43,0
Department for Work and Pensions,BEDFORD BOROUGH COUNCIL,9954197.7,120,0
Department of Health and Social Care,LANCASHIRE SOUTH CUMBRIA NHS FOUNDATION TRUST,9933682.15,39,0
Department of Health and Social Care,NORTHAMPTONSHIRE HEALTHCARE NHS FOUNDATION TRUST,9933303.47,33,0
HM Revenue and Customs,NORTH LANARKSHIRE COUNCIL,9891365.38,53,0
Department for Work and Pensions,OFFICE FOR NATIONAL STATISTIC,9842239.0,32,0
Department for Work and Pensions,NORTH SOMERSET COUNCIL,9821842.0,95,0
Ministry of Defence,NEW FOREST DISTRICT COUNCIL,9798960.65,67,0
Department for Work and Pensions,WAKEFIELD METROPOLITAN DISTRICT COUNCIL,9759480.55,38,0
HM Revenue and Customs,WORTHING BOROUGH COUNCIL,9744715.14,84,0
Home Office,NORTHUMBERLAND COUNTY COUNCIL 1 G,9665357.8,18,0
Home Office,BEDFORDSHIRE FIRE RESCUE AUTHORITY G,9662135.72,7,0
Department for Work and Pensions,NORWICH CITY COUNCIL,9627977.0,105,0
Department for Work and Pensions,LONDON BOROUGH OF BEXLEY,9627101.0,91,0
NHS Business Services Authority,DEPARTMENT OF HEALTH,9621729.86,19,0
Home Office,POLICE CRIME COMMISSIONER FOR HAMPSHIRE,9618973.4,59,0
Department of Health and Social Care,KENT COMMUNITY HEALTH NHS FOUNDATION TRUST RYY,9609813.42,25,0
Pennine Care NHS Foundation Trust,NHS RESOLUTION,9602902.5,55,0
Ministry of Defence,GLASGOW CITY COUNCIL,9601054.1,14,0
Department for Education,ROYAL BOROUGH OF KENSINGTON CHELSEA RBC,9564536.67,15,0
Department for Work and Pensions,LONDON BOROUGH OF HACKNEY,9544897.19,51,0
Department for Work and Pensions,ABERDEEN CITY COUNCIL,9512983.9,110,0
Ministry of Defence,SOUTH OXFORDSHIRE DISTRICT COUNCIL,9507208.66,64,0
Department for Work and Pensions,THURROCK BOROUGH COUNCIL,9490811.0,114,0
"Ministry of Housing, Communities and Local Government",OXFORDSHIRE COUNTY COUNCIL,9489912.95,44,0
Department for Education,BURNLEY BOROUGH COUNCIL GENERAL ACCOUNT,9469788.83,19,0
Department for Education,WEST OF ENGLAND MAYORAL COMBINED AUTHORITY,9464370.0,4,0
Department for Work and Pensions,SLOUGH BOROUGH COUNCIL,9444073.0,112,0
Home Office,WALSALL BOROUGH COUNCIL G,9413313.71,8,0
East Sussex Healthcare NHS Trust,BRIGHTON SUSSEX UNIV HOSPS NHS TRUST,9412094.5,134,0
Department for Work and Pensions,SOUTH TYNESIDE METROPOLITAN BOROUGH COUNCIL,9375821.0,75,0
Department for Work and Pensions,WEST DUNBARTONSHIRE COUNCIL,9374678.26,123,0
Department for Work and Pensions,UNI HOSPITAL BIRMINGHAM NHS FOUNDATION TRUST,9373009.0,34,0
Department for Work and Pensions,KNOWSLEY BOROUGH COUNCIL HB,9369495.0,23,0
Salisbury NHS Foundation Trust,WILTSHIRE COUNCIL,9352221.45,152,0
Ministry of Defence,MID SUFFOLK DISTRICT COUNCIL,9298724.55,72,0
Department for Work and Pensions,TRAFFORD BOROUGH COUNCIL,9296679.0,89,0
Department of Health and Social Care,YORKSHIRE THE HUMBER REGIONAL AMBULANCE SERVICE NHS TRUST,9287000.0,3,0
Department for Work and Pensions,HASTINGS BOROUGH COUNCIL,9279474.0,126,0
Department for Work and Pensions,BOROUGH OF TELFORD WREKIN COUNCIL,9258446.0,89,0
Department of Health and Social Care,BIRMINGHAM COMMUNITY HEALTHCARE NHS TRUST,9232447.0,15,0
Department of Health and Social Care,WEST MIDLANDS AMBULANCE SERVICE NHS TRUST,9228503.28,4,0
Department of Health and Social Care,RICHMOND UPON THAMES BOROUGH COUNCIL,9227925.13,28,0
"Ministry of Housing, Communities and Local Government",ST EDMUNDSBURY BOROUGH COUNCIL,9212579.0,246,0
Ministry of Justice,BIRMINGHAM CITY COUNCIL,9197850.61,111,0
Department for Work and Pensions,NEATH PORT TALBOT COUNTY BOROUGH COUNCIL,9172116.0,111,0
Home Office,WARWICKSHIRE COUNTY COUNCIL 1 G,9168824.59,50,0
HM Revenue and Customs,PORTSMOUTH CITY COUNCIL,9128273.94,119,0
Department for Work and Pensions,ISLE OF WIGHT COUNTY COUNCIL,9125337.0,106,0
Department of Health and Social Care,BARTS HEALTH NHS TRUST R1H,9115342.0,29,0
Department of Health and Social Care,CENTRAL LONDON COMMUNITY HEALTHCARE NHS TRUST RYX,9113592.67,29,0
Portsmouth Hospital NHS Trust,NHS BLOOD TRANSPLANT,9107936.42,104,0
HM Revenue and Customs,DVLA,9097348.88,97,0
South Central Ambulance Service NHS Foundation Trust,NHS RESOLUTION,9096872.6,86,0
"Department for Science, Innovation and Technology",SUNDERLAND CITY COUNCIL,9087756.51,10,0
Home Office,STAFFORDSHIRE COUNTY COUNCIL 1 G,9072148.34,84,0
Department for Work and Pensions,CAERPHILLY COUNTY BOROUGH COUNCIL,9050435.0,94,0
Ministry of Defence,HIGHLAND COUNCIL,9019576.27,122,0
Home Office,CARDIFF COUNTY COUNCIL,8982795.71,50,0
Portsmouth Hospital NHS Trust,PORTSMOUTH CITY COUNCIL,8964343.36,24,0
Department for Education,WEST MIDLANDS PENSION FUND,8930624.68,2,0
Department of Health and Social Care,BERKSHIRE HEALTHCARE NHS FOUNDATION TRUST,8926031.36,66,0
"Ministry of Housing, Communities and Local Government",SOUTH GLOUCESTERSHIRE COUNCIL R,8916335.5,12,0
"Ministry of Housing, Communities and Local Government",CABINET OFFICE,8852349.26,177,0
"Ministry of Housing, Communities and Local Government",HASTINGS BOROUGH COUNCIL,8843765.89,70,0
Ministry of Defence,NORTH DORSET DISTRICT COUNCIL,8839252.48,67,0
East Sussex Healthcare NHS Trust,NHS SUPPLY CHAIN ALFRETON,8790409.27,52,0
Department for Work and Pensions,DUMFRIES GALLOWAY COUNCIL,8756008.2,107,0
Ministry of Defence,VALE OF GLAMORGAN COUNCIL,8745042.59,69,0
Ministry of Defence,AYLESBURY VALE DISTRICT COUNCIL,8732963.15,72,0
Department for Education,WEST MIDLANDS AMBULANCE SERVICE NHST,8727568.14,57,0
The Pennine Acute Hospitals NHS Trust,MANCHESTER CITY COUNCIL,8669395.74,84,0
Portsmouth Hospital NHS Trust,NORTHUMBRIA HEALTHCARE NHS FOUNDATION TRUST,8659695.21,44,0
Department for Work and Pensions,CAMBRIDGE UNIVERSITY HOSPITALS NHS FOUNDATION TRUST,8641124.0,38,0
Ministry of Defence,BRITISH COUNCIL,8622540.11,39,0
HM Revenue and Customs,LONDON BOROUGH OF SOUTHWARK,8607110.11,64,0
National Offender Management Service,INLAND REVENUE,8589143.43,44,0
Department for Work and Pensions,SUFFOLK COUNTY COUNCIL,8565604.53,23,0
"Ministry of Housing, Communities and Local Government",POLICE CRIME COMM R NORTHUMBRIA,8560473.0,37,0
"Foreign, Commonwealth and Development Office (FCDO)",BRITISH COUNCIL UK,8461948.0,12,0
Home Office,HAMPSHIRE COUNTY COUNCIL 1 G,8418222.01,92,0
"Ministry of Housing, Communities and Local Government",POLICE CRIME COMM R FOR CUMBRIA,8382500.0,41,0
Department of Health and Social Care,BRITISH COUNCIL,8367401.85,13,0
"Ministry of Housing, Communities and Local Government",BROXBOURNE BOROUGH COUNCIL,8365004.0,47,0
Department for Work and Pensions,HM TREASURY GROUP,8360695.0,7,0
Ministry of Justice,LONDON BOROUGH OF SOUTHWARK,8351963.17,122,0
Department for Work and Pensions,ST GEORGES HEALTHCARE NHS TRUST,8298248.0,35,0
United Lincolnshire Hospitals NHS Trust,NHS SUPPLY CHAIN MAINTENANCE,8295804.7,90,0
Department for Work and Pensions,HEREFORDSHIRE COUNCIL,8292689.6,109,0
Home Office,LB OF BRENT CHILDRENS DIRECTORATE G,8286970.15,58,0
HM Revenue and Customs,DEPARTMENT OF ENERGY,8272364.0,7,0
Department for Work and Pensions,INLAND REVENUE,8249026.0,5,0
NHS East and North Hertfordshire CCG,ROYAL NATIONAL ORTHOPAEDIC HOSPITAL NHS TRUST,8227591.84,50,0
Department for Work and Pensions,ESSEX COUNTY COUNCIL,8214418.55,35,0
Department for Work and Pensions,KNOWSLEY METROPOLITIAN BOROUGH COUNCIL,8209783.0,17,0
HM Revenue and Customs,SCOTTISH POLICE AUTHORITY,8197400.74,80,0
"Ministry of Housing, Communities and Local Government",CAMBRIDGESHIRE POLICE AUTHORITY,8153440.0,43,0
HM Revenue and Customs,SOUTHEND BOROUGH COUNCIL,8116354.23,103,0
Department for Education,COUNCIL OF THE ISLES OF SCILLY,8104331.0,85,0
Home Office,LONDON BOROUGH OF NEWHAM G,8098005.38,91,0
Department for Energy Security and Net Zero,MILTON KEYNES COUNCIL,8069563.64,9,0
Department for Work and Pensions,CITY OF YORK COUNCIL,8035206.0,106,0
Department for Work and Pensions,OXFORD CITY COUNCIL,8014421.0,119,0
Department for Work and Pensions,ABERDEENSHIRE COUNCIL,8009984.0,100,0
"Ministry of Housing, Communities and Local Government",CORBY BOROUGH COUNCIL,8007221.61,57,0
Home Office,IPCC INDEPENDENT POLICE COMPLAINTS COMISSION G,8000000.0,2,0
Department for Work and Pensions,FALKIRK DISTRICT COUNCIL,7994918.0,99,0
Department for Work and Pensions,PENNINE ACUTE HOSPITALS NHS TRUST,7970832.0,37,0
NHS East and North Hertfordshire CCG,GUYS ST THOMAS HOSPITAL NHS FOUNDATION TRUST,7964293.0,55,0
Ministry of Defence,PETERBOROUGH CITY COUNCIL,7956001.08,70,0
"Ministry of Housing, Communities and Local Government",LINCOLNSHIRE POLICE AUTHORITY,7950568.0,31,0
Department for Work and Pensions,LONDON BOROUGH OF RICHMOND UPON THAMES,7908872.0,104,0
Department for Work and Pensions,HALTON BOROUGH COUNCIL,7908810.0,95,0
Transport for Greater Manchester,WIGAN COUNCIL,7902655.46,496,0
Ministry of Defence,LONDON BOROUGH OF CAMDEN,7897515.67,24,0
"Ministry of Housing, Communities and Local Government",BOLSOVER DISTRICT COUNCIL,7865603.9,75,0
Home Office,CENTRAL BEDFORDSHIRE COUNCIL G,7838642.66,71,0
Home Office,CORNWALL COUNTY COUNCIL 1 G,7832874.69,17,0
Shropshire Community Health NHS Trust,SHROPSHIRE COUNCIL,7789319.69,1863,0
Home Office,LONDON BOROUGH OF ENFIELD 1 G,7784599.46,65,0
"Ministry of Housing, Communities and Local Government",NOTTINGHAMSHIRE POLICE AU RSG,7778333.0,38,0
Portsmouth Hospital NHS Trust,DEPARTMENT OF HEALTH SOCIAL CARE,7772000.0,2,0
The Pennine Acute Hospitals NHS Trust,NHS BLOOD TRANSPLANT,7764897.78,86,0
Ministry of Justice,HOME OFFICE ND22011221,7750000.0,1,0
Department for Work and Pensions,EAST LINDSEY DISTRICT COUNCIL,7718052.0,101,0
"Ministry of Housing, Communities and Local Government",LONDON BOROUGH OF ENFIELD,7714403.14,40,0
Department for Work and Pensions,HAMPSHIRE COUNTY COUNCIL,7703657.85,35,0
Department for Energy Security and Net Zero,CABINET OFFICE,7694363.87,42,0
Department of Health and Social Care,BIOTECHNOLOGY BIOLOGICAL SCIENCES RESEARCH COUNCIL BBSRC,7687545.82,43,0
Department for Work and Pensions,BRIDGEND COUNTY BOROUGH COUNCIL,7674678.0,104,0
Cabinet Office,MINISTRY OF JUSTICE,7668003.62,9,0
Department for Work and Pensions,EAST AYRSHIRE COUNCIL FINANCE DEPARTMENT,7656099.0,100,0
Department for Energy Security and Net Zero,WEST MIDLANDS COMBINED AUTHORITY,7635667.78,12,0
Department for Work and Pensions,COPELAND BOROUGH COUNCIL,7631933.08,216,0
Department for Work and Pensions,DEPARTMENT OF HEALTH,7624531.57,46,0
Ministry of Defence,HEREFORDSHIRE COUNCIL,7619820.1,73,0
Home Office,LEEDS CITY COUNCIL 1 G,7616547.05,95,0
Ministry of Defence,POWYS COUNTY COUNCIL,7598195.49,24,0
Whittington Hospital NHS Trust,NHS SUPPLY CHAIN,7594930.46,136,0
Department for Education,CITY OF LONDON,7579331.65,88,0
Ministry of Defence,NORTH DEVON DISTRICT COUNCIL,7569714.95,69,0
Home Office,LIVERPOOL CITY COUNCIL,7567531.51,32,0
Home Office,CITY OF LONDON POLICE AUTHORITY G,7549294.0,28,0
"Ministry of Housing, Communities and Local Government",DEPT FOR WORK PENSIONS,7527936.87,57,0
UK Trade and Investment,MINISTRY OF DEFENCE,7524129.69,58,0
Ministry of Defence,SURREY HEATH BOROUGH COUNCIL,7523282.31,66,0
Ministry of Defence,CITY OF YORK COUNCIL,7496183.07,68,0
George Eliot Hospital NHS Trust,SOUTH WARWICKSHIRE NHS FT,7483228.19,33,0
Department for Education,WAVERLEY BOROUGH COUNCIL,7462913.44,156,0
HM Revenue and Customs,MANCHESTER CITY COUNCIL,7453742.04,60,0
Department for Work and Pensions,IPSWICH BOROUGH COUNCIL,7432391.0,104,0
Home Office,MINISTRY OF DEFENCE G,7422008.95,17,0
Department for Work and Pensions,ROYAL BOROUGH OF KINGSTON UPON THAMES,7410411.0,107,0
Whittington Hospital NHS Trust,NHS ISLINGTON,7378254.37,33,0
Ministry of Defence,BRACKNELL FOREST BOROUGH COUNCIL,7370197.92,70,0
Ministry of Defence,FAREHAM BOROUGH COUNCIL,7349136.63,69,0
Department for Work and Pensions,SHEFFIELD CITY REGION COMBINED AUTHORITY,7348050.0,14,0
"Ministry of Housing, Communities and Local Government",SPELTHORNE BOROUGH COUNCIL,7321872.0,151,0
Department of Health and Social Care,BLACK COUNTRY PARTNERSHIP NHS FOUNDATION TRUST,7315752.0,30,0
Department of Health and Social Care,NHS BLOOD TRANSP,7298615.0,5,0
United Lincolnshire Hospitals NHS Trust,NHS SUPPLY CHAIN CAPITAL INVOICES ONLY,7287015.81,24,0
Department of Health and Social Care,BOURNEMOUTH COUNCIL,7275974.0,19,0
Department for Work and Pensions,BRADFORD MBC,7267264.21,30,0
NHS Thames Valley ICB,HAMPSHIRE HOSPITALS NHS FOUNDATION TRUST,7266399.76,9,0
Department for Work and Pensions,DARLINGTON BOROUGH COUNCIL,7261411.0,108,0
Home Office,NEWCASTLE CITY COUNCIL,7257457.17,14,0
Department for Work and Pensions,KINGS LYNN WEST NORFOLK BOROUGH COUNCIL,7247360.0,98,0
Department for Education,NORTH EAST COMBINED AUTHORITY,7233882.98,10,0
Bristol City Council,NORTH SOMERSET COUNCIL,7223176.53,353,0
Department for Work and Pensions,DEPARTMENT OF ENERGY CLIMATE CHANGE,7200256.0,4,0
Ministry of Defence,ISLE OF ANGLESEY COUNTY COUNCIL,7174668.93,12,0
Cabinet Office,DEPARTMENT FOR COMMUNITIES LOCAL GOVERNMENT,7172696.25,25,0
Ministry of Justice,WARWICKSHIRE POLICE AUTHORITY,7172090.7,19,0
Department for Work and Pensions,TENDRING DISTRICT COUNCIL,7156676.0,69,0
Department for Work and Pensions,ASHFIELD DISTRICT COUNCIL,7154345.0,105,0
Ministry of Defence,RYEDALE DISTRICT COUNCIL,7129276.97,7,0
Home Office,GATESHEAD COUNCIL G,7123508.99,37,0
Department for Work and Pensions,COLCHESTER BOROUGH COUNCIL,7122077.55,96,0
Department for Energy Security and Net Zero,ROYAL BOROUGH OF KENSINGTON CHELSEA,7116369.59,19,0
"Department for Environment, Food and Rural Affairs",LEEDS CITY COUNCIL,7099741.22,68,0
United Lincolnshire Hospitals NHS Trust,LINCOLNSHIRE PARTNERSHIP NHS TRUST,7099616.18,221,0
Foreign and Commonwealth Office,MILTON KEYNES COUNCIL,7095707.56,27,0
Department for Work and Pensions,DEPARTMENT FOR SCIENCE INNOVATION TECHNOLOGY,7079959.98,12,0
Department for Work and Pensions,SWALE BOROUGH COUNCIL,7078540.0,104,0
Ministry of Defence,NHS SUPPLY CHAIN,7068421.28,2,0
Ministry of Defence,PLYMOUTH HOSPITALS NHS TRUST,7065153.36,32,0
Department for Work and Pensions,PRESTON BOROUGH COUNCIL,7006241.0,89,0
NHS Norfolk and Suffolk ICB - 25k Expenditure Report,INLAND REVENUE CIS,7001771.73,47,0
"Department for Digital, Culture, Media and Sport",DEPARTMENT FOR EDUCATION,7000000.0,1,0
Department for Work and Pensions,SOUTHAMPTON UNIVERSITY HOSPITAL NHS TRUST,6998617.0,39,0
"Department for Science, Innovation and Technology",DRIVER VEHICLE LICENSING AGENCY,6995627.48,5,0
"Foreign, Commonwealth and Development Office (FCDO)",SPHEIR BRITISH COUNCIL,6989009.6,7,0
Department of Health and Social Care,COVENTRY WARWICKSHIRE PARTNERSHIP NHS TRUST,6987544.39,59,0
Home Office,COVENTRY CITY COUNCIL 1 G,6971490.57,93,0
Department for Work and Pensions,MANSFIELD DISTRICT COUNCIL,6949715.0,105,0
Department for Work and Pensions,ARUN DISTRICT COUNCIL,6927907.0,98,0
Ministry of Defence,BRECKLAND COUNCIL,6925384.27,72,0
"Ministry of Housing, Communities and Local Government",CRAVEN DISTRICT COUNCIL,6919095.97,61,0
Pennine Care NHS Foundation Trust,STOCKPORT NHS FOUNDATION TRUST,6898890.01,72,0
HM Revenue and Customs,LB OF TOWER HAMLETS POLAR,6882020.0,9,0
Ministry of Defence,MEDWAY COUNCIL,6871591.11,74,0
Bristol City Council,DEPARTMENT FOR LEVELLING UP HOUSING COMMUNITIES,6870174.21,7,0
"Ministry of Housing, Communities and Local Government",RB KINGSTON UPON THAMES,6837962.0,21,0
Ministry of Defence,ST EDMUNDSBURY BOROUGH COUNCIL,6834951.05,63,0
Department for Work and Pensions,LANCASHIRE TEACHING HOSPITAL NHS TRUST,6828842.0,33,0
Uttlesford District Council,ESSEX COUNTY COUNCIL,6820369.84,462,0
Department for Work and Pensions,GLOUCESTER CITY COUNCIL,6819220.0,101,0
NHS East and North Hertfordshire CCG,BARTS HEALTH NHS TRUST,6785182.66,48,0
Department of Health and Social Care,ROTHERHAM DONCASTER SOUTH HUMBER NHS FOUNDATION TRUST,6774240.63,81,0
Department for Work and Pensions,BATH NORTH EAST SOMERSET COUNCIL,6747622.0,89,0
Department for Work and Pensions,SCARBOROUGH BOROUGH COUNCIL,6742518.0,94,0
HM Revenue and Customs,DUNDEE CITY COUNCIL,6739209.88,105,0
Department for Work and Pensions,OXFORD UNIVERSITY HOSPITAL NHS TRUST,6713188.0,38,0
Ministry of Defence,SOUTH CAMBRIDGESHIRE DISTRICT COUNCIL,6697753.73,45,0
The Pennine Acute Hospitals NHS Trust,PENNINE CARE NHS TRUST,6641917.87,205,0
Department for Work and Pensions,ARGYLL BUTE COUNCIL,6630629.97,122,0
Department for Education,GREENWOOD DALE FOUNDATION TRUST,6623939.57,21,0
Home Office,CAMBRIDGESHIRE COUNTY COUNCIL G,6620292.57,62,0
Ministry of Justice,DEPARTMENT OF ENERGY CLIMATE CHANGE CRCFP70823,6613074.0,1,0
Department for Work and Pensions,NORTH BRISTOL NHS,6611292.0,36,0
Home Office,LONDON BOROUGH OF HARINGEY 1 G,6607384.49,57,0
Department for Work and Pensions,HOME OFFICE,6600708.8,31,0
Home Office,WEST SUSSEX COUNTY COUNCIL 1 G,6595004.15,68,0
Department for Work and Pensions,GREAT YARMOUTH COUNCIL,6590438.0,99,0
Department for Work and Pensions,SOUTH SOMERSET DISTRICT COUNCIL,6581941.0,94,0
Royal Borough of Greenwich,LONDON PENSION FUND AUTHORITY,6579828.75,150,0
Ministry of Defence,UNITED STATES OF AMERICA DEPARTMENT OF D,6576147.44,35,0
NHS East and North Hertfordshire CCG,BEDFORDSHIRE HOSPITAL FOUNDATION TRUST,6557719.75,39,0
Department for Work and Pensions,LONDON BOROUGH OF ENFIELD HB,6549473.6,30,0
Portsmouth Hospital NHS Trust,UNIVERSITY HOSPITAL SOUTHAMPTON NHS FOUNDATION TRUST,6525022.33,141,0
NHS Thames Valley ICB,NHS SOUTH CENTRAL WEST COMMISSIONING SUPPORT UNIT,6516553.53,53,0
Department for Work and Pensions,POOLE BOROUGH COUNCIL,6500799.0,99,0
Ministry of Defence,WINDSOR MAIDENHEAD ROYAL BOROUGH COUNCIL,6486991.25,73,0
Department for Education,TAVISTOCK PORTMAN NHS FOUNDATION TRUST,6466890.62,24,0
United Lincolnshire Hospitals NHS Trust,NHS SUPPLY CHAIN MAIDSTONE,6466406.06,77,0
Shropshire Community Health NHS Trust,SOUTH STAFFORDSHIRE SHROPSHIRE HEALTHCARE NHS FOUNDATION TRUST,6466282.56,1920,0
Uttlesford District Council,DLUHC DEPT FOR LEVELLING UP HOUSING,6454490.0,2,0
Pennine Care NHS Foundation Trust,PENNINE ACUTE HOSPITALS NHS TRUST,6448507.11,37,0
Ministry of Defence,STAFFORD BOROUGH COUNCIL,6446549.0,66,0
"Department for Science, Innovation and Technology",HOME OFFICE,6432362.31,2,0
NHS Norfolk and Suffolk ICB - 25k Expenditure Report,HERTFORDSHIRE PARTNERSHIP NHS FOUNDATION TRUST,6430045.22,12,0
Department for Work and Pensions,FLINTSHIRE COUNTY COUNCIL,6423417.0,101,0
Department for Work and Pensions,BRAINTREE DISTRICT COUNCIL,6414709.0,94,0
Bristol City Council,AVON WILTSHIRE MENTAL HEALTH PARTNERSHIP NHS TRUST,6399313.53,164,0
Department for Energy Security and Net Zero,ENVIRONMENT AGENCY,6382373.18,38,0
Ministry of Justice,WESTMINSTER CITY COUNCIL,6370750.46,15,0
Department for Work and Pensions,BASINGSTOKE DISTRICT COUNCIL,6370654.0,100,0
Department for Work and Pensions,NEWCASTLE UPON TYNE HOSPITALS NHS TRUST,6369729.0,31,0
Department for Work and Pensions,SOUTH AYRSHIRE COUNCIL,6369330.0,103,0
Department for Work and Pensions,PERTH KINROSS COUNCIL,6328769.0,97,0
Bristol City Council,DEPARTMENT FOR BUSINESS ENERGY INDUSTRIAL STRATEGY,6309846.65,7,0
Home Office,WORCESTERSHIRE COUNTY COUNCIL 1 G,6301769.76,53,0
George Eliot Hospital NHS Trust,UHCW NHS TRUST,6296699.03,31,0
Department for Work and Pensions,CHARNWOOD BOROUGH COUNCIL,6290760.0,104,0
Home Office,WESTMINSTER CITY COUNCIL G,6269518.15,72,0
Department for Work and Pensions,LANCASTER CITY COUNCIL,6263039.0,96,0
Department of Health and Social Care,BIRMINGHAM CHILDREN S HOSPITAL NHS FOUNDATION TRUST,6253345.0,41,0
Department for Work and Pensions,CRAWLEY BOROUGH COUNCIL,6232836.0,103,0
Department for Work and Pensions,INVERCLYDE DISTRICT COUNCIL,6232562.0,96,0
Department for Work and Pensions,BURNLEY BOROUGH COUNCIL,6226810.0,96,0
"Ministry of Housing, Communities and Local Government",BASILDON DISTRICT COUNCIL,6226632.0,91,0
Department for Education,HER MAJESTY S REVENUE CUSTOMS HMRC,6226172.1,55,0
"Department for Science, Innovation and Technology",WELSH GOVERNMENT,6205269.0,3,0
Former council of North Yorkshire,HARROGATE DISTRICT NHS FOUNDATION TRUST,6204805.04,71,0
"Department for Science, Innovation and Technology",CAMBRIDGESHIRE COUNTY COUNCIL,6184805.56,7,0
Home Office,BIRMINGHAM CITY COUNCIL,6183070.3,61,0
Department for Work and Pensions,HEART OF ENGLAND FOUNDATION TRUST,6181797.0,32,0
Department for Work and Pensions,EASTBOURNE BOROUGH COUNCIL,6172493.0,97,0
Department for International Development,ENGINEERING PHYSICAL SCIENCES RESEARCH COUNCIL,6158752.24,21,0
Department for Work and Pensions,CAMBRIDGE CITY COUNCIL,6156231.0,93,0
Home Office,LONDON BOROUGH OF KENSINGTON CHELSEA G,6154226.54,71,0
Shropshire Community Health NHS Trust,SHROPSHIRE COUNTY PCT,6153484.82,292,0
Department for Work and Pensions,CORNWALL COUNTY COUNCIL,6147459.97,82,0
Department of Health and Social Care,RUTLAND COUNTY COUNCIL,6125078.72,43,0
Department for International Development,BRITISH COUNCIL BURMA,6124466.15,22,0
Department for Work and Pensions,WAVENEY DISTRICT COUNCIL,6118293.0,90,0
Department for Energy Security and Net Zero,WEST YORKSHIRE COMBINED AUTHORITY,6118099.99,7,0
Department for Work and Pensions,DACORUM BOROUGH COUNCIL,6109433.0,101,0
Department for Work and Pensions,PEMBROKESHIRE COUNTY COUNCIL,6104188.0,110,0
Department for Work and Pensions,DEPARTMENT OF COMMUNITIES LOCAL GOVERNMENT,6093176.0,9,0
HM Revenue and Customs,WEST LOTHIAN COUNCIL,6090765.63,98,0
Department for Education,EAST OF ENGLAND AMBULANCE SERVICE NHS TRUST,6079596.88,42,0
Department for Work and Pensions,WEST MIDLANDS COMBINED AUTHORITY,6071502.0,12,0
Ministry of Defence,SOUTH TEES HOSPITALS NHS TRUST,6056465.72,29,0
Ministry of Justice,LIVERPOOL CITY COUNCIL,6047982.8,60,0
Home Office,LEICESTERSHIRE COUNTY COUNCIL 1 G,6047235.93,79,0
The Pennine Acute Hospitals NHS Trust,BURY MBC,6038479.16,81,0
Ministry of Defence,LONDON BOROUGH OF HOUNSLOW,6036572.41,11,0
"Department for Environment, Food and Rural Affairs",WARRINGTON BOROUGH COUNCIL,6026604.48,35,0
The National Archives,LONDON BOROUGH OF RICHMOND,6005760.0,17,0
Department for Work and Pensions,TEES VALLEY COMBINED AUTHORITY,6000000.0,3,0
National Institute for Health and Care Excellence,NEWCASTLE UPON TYNE HOSPITALS NHS FOUNDATION TRUST,5997973.51,43,0
Department for Work and Pensions,NUNEATON BOROUGH COUNCIL,5997527.0,99,0
Department of Health and Social Care,CITY OF LONDON CORPORATION,5956897.42,30,0
Home Office,LONDON BOROUGH OF LAMBETH 1 G,5940264.34,66,0
Home Office,LONDON BOROUGH OF WALTHAM FOREST G,5939075.07,76,0
Department for Work and Pensions,HARLOW DISTRICT COUNCIL,5934410.0,112,0
Department for Work and Pensions,BRECKLAND DISTRICT COUNCIL,5927604.0,97,0
"Ministry of Housing, Communities and Local Government",MIDDLESBROUGH COUNCIL,5923922.4,51,0
Home Office,LONDON BOROUGH OF EALING 1 G,5919797.92,72,0
Whittington Hospital NHS Trust,CAMDEN ISLINGTON NHS FOUNDATION TRUST,5915128.96,70,0
NHS Thames Valley ICB,MILTON KEYNES HOSPITAL NHS FOUNDATION TRUST,5898551.58,10,0
Department for Work and Pensions,CANTERBURY CITY COUNCIL,5887183.0,98,0
Home Office,SHEFFIELD CITY COUNCIL G,5867644.67,49,0
Department for Work and Pensions,SALFORD ROYAL HOSPITALS NHS TRUST,5861553.0,32,0
Isle of Wight NHS Trust,NHS BUSINESS SERVICES AUTHORITY,5842391.6,96,0
Home Office,HEART OF BIRMINGHAM TEACHING PCT G,5841995.53,9,0
Home Office,NOTTINGHAMSHIRE COUNTY COUNCIL 2 G,5833049.98,68,0
Department of Health and Social Care,AINTREE UNIVERSITY HOSPITALS NHS FOUNDATION TRUST,5829437.0,5,0
"Ministry of Housing, Communities and Local Government",DESIGN COUNCIL,5827124.0,38,0
Department for Work and Pensions,WYCOMBE DISTRICT COUNCIL,5814392.0,93,0
Department for Work and Pensions,WREXHAM COUNTY BOROUGH COUNCIL,5811757.0,90,0
"Ministry of Housing, Communities and Local Government",CHELMSFORD BOROUGH COUNCIL,5805281.56,15,0
Department for Work and Pensions,CHESTERFIELD BOROUGH COUNCIL,5795719.0,96,0
Department for Work and Pensions,LONDON BOROUGH OF NEWHAM HB,5792737.85,34,0
Department for Work and Pensions,HUNTINGDON DISTRICT COUNCIL,5780965.0,88,0
Department of Health and Social Care,BRADFORD DISTRICT CARE NHS FOUNDATION TRUST,5769059.06,60,0
Department for Work and Pensions,CONWY COUNTY BOROUGH COUNCIL,5768131.0,97,0
Department for Work and Pensions,MAIDSTONE BOROUGH COUNCIL,5758822.0,96,0
Department for Work and Pensions,TORFAEN BOROUGH COUNCIL,5747748.0,100,0
HM Revenue and Customs,ASHFORD BOROUGH COUNCIL,5739604.33,4,0
Home Office,LONDON BOROUGH OF HARROW 1 G,5723491.92,73,0
Department of Health and Social Care,WORCESTERSHIRE HEALTH CARE NHS TRUST,5718000.0,2,0
Department for Work and Pensions,NEW FOREST DISTRICT COUNCIL,5707371.0,94,0
Home Office,SHROPSHIRE FIRE RESCUE SERVICE G,5700446.72,4,0
Department for Work and Pensions,CHELMSFORD BOROUGH COUNCIL,5688636.0,94,0
Bristol City Council,DEPARTMENT FOR TRANSPORT,5688444.0,13,0
Department for Work and Pensions,DOVER DISTRICT COUNCIL,5675939.0,98,0
"Department for Science, Innovation and Technology",WEST MIDLANDS COMBINED AUTHORITY,5659653.82,17,0
Department for Work and Pensions,AYLESBURY VALE DISTRICT COUNCIL,5643846.0,91,0
Department for Work and Pensions,BRADFORD METROPOLITAN DISTRICT COUNCIL,5639650.0,24,0
Department for Work and Pensions,SCOTTISH BORDERS COUNCIL,5607778.0,92,0
Department for Work and Pensions,WEST BERKSHIRE COUNCIL,5596095.0,95,0
Ministry of Defence,GREENWICH COUNCIL,5589837.58,64,0
Department for Work and Pensions,SURREY COUNTY COUNCIL,5587159.0,43,0
HM Revenue and Customs,OFFICE FOR NATIONAL STATISTICS,5562358.82,61,0
Department of Health and Social Care,SOUTHAMPTON UNIVERSITY HOSPITALS NHS TRUST,5550516.22,27,0
Department for Work and Pensions,SEDGEMOOR DISTRICT COUNCIL,5539633.0,100,0
Department for Education,LONDON AMBULANCE SERVICE NHS TRUST,5529150.59,38,0
"Ministry of Housing, Communities and Local Government",CARLISLE CITY COUNCIL,5524758.1,29,0
Ministry of Defence,CARLISLE CITY COUNCIL,5519860.8,7,0
Department for Work and Pensions,SHEPWAY DISTRICT COUNCIL,5502369.0,90,0
Ministry of Defence,COUNCIL OF RESERVE FORCES CADETS ASSOC PENSION SCHEME,5501946.39,48,0
Department for International Development,UNITED STATES DEPARTMENT OF STATE,5500000.0,2,0
Department for International Development,AFRICAN DEVELOPMENT BANK DEPARTMENT FOR INTERNATIONAL DEVELOPMENT,5498274.94,1,1
"Ministry of Housing, Communities and Local Government",OFFICE FOR NATIONAL STATISTICS,5497176.53,108,0
Department of Health and Social Care,LEEDS TEACHING HOSPITALS TRUST,5458875.8,11,0
Department for Work and Pensions,LINCOLN CITY COUNCIL,5457100.0,97,0
HM Revenue and Customs,SCOTTISH GOVERNMENT,5455434.63,75,0
Department for Work and Pensions,LANARKSHIRE NHS,5444043.71,32,0
Home Office,SHEFFIELD CITY COUNCIL 1 G,5442991.39,40,0
"Ministry of Housing, Communities and Local Government",BEDFORDSHIRE POLICE AUTHORITY,5442308.0,31,0
Home Office,NOTTINGHAM CITY COUNCIL G,5434811.17,69,0
Home Office,DEPARTMENT FOR COMMUNITIES G,5424083.2,30,0
Home Office,DEPARTMENT FOR BUSINESS INNOVATION SKILLS G,5423142.68,15,0
Ministry of Defence,WOKINGHAM DISTRICT COUNCIL,5419993.47,64,0
Department for Work and Pensions,SOUTH TEES HOSPITALS NHS FOUNDATION TRUST,5419420.0,32,0
Ministry of Defence,DEPARTMENT OF HEALTH,5395137.81,12,0
Department for Work and Pensions,PENDLE BOROUGH COUNCIL,5371119.0,89,0
Home Office,LONDON BOROUGH OF SOUTHWARK 1 G,5366113.33,71,0
Department for Work and Pensions,BASSETLAW DISTRICT COUNCIL,5364659.0,98,0
Department for Work and Pensions,EXETER CITY COUNCIL,5360462.0,93,0
North Yorkshire Council,YORK SCARBOROUGH TEACHING HOSPITALS NHS FOUNDATION TRUST,5351184.62,53,0
Coventry and Warwickshire Partnership NHS Trust,NHS RESOLUTION,5347950.1,57,0
Home Office,OFFICE OF THE POLICE CRIME COMMISSIONER FOR GREATER MANCHESTER,5346613.06,85,0
Department for Work and Pensions,ANGUS COUNCIL,5342867.0,99,0
Department for Work and Pensions,TEIGNBRIDGE DISTRICT COUNCIL,5338088.0,94,0
Department of Health and Social Care,ROTHERHAM BOROUGH COUNCIL,5337889.0,16,0
National Offender Management Service,HMRC VAT,5332484.9,6,0
"Department for Digital, Culture, Media and Sport",MINISTRY OF JUSTICE,5329688.0,19,0
National Institute for Health and Care Excellence,VELINDRE NHS TRUST,5312872.5,19,0
National Offender Management Service,NORFOLK PENSION FUND,5304660.56,21,0
Department for Work and Pensions,CHERWELL DISTRICT COUNCIL,5303226.0,92,0
"Ministry of Housing, Communities and Local Government",SANWELL MBC,5301288.0,8,0
Ministry of Defence,DEPARTMENT FOR REGIONAL DEVELOPMENT,5289911.44,140,0
Department for Work and Pensions,GWYNEDD COUNCIL,5283091.0,89,0
"Ministry of Housing, Communities and Local Government",BRADFORD MDC,5277403.11,115,0
Department for Work and Pensions,HAVANT BOROUGH COUNCIL,5245789.0,89,0
Department for Work and Pensions,VALE OF GLAMORGAN COUNCIL,5234772.0,91,0
"Department for Science, Innovation and Technology",GLASGOW CITY COUNCIL,5229236.87,3,0
HM Treasury,HM REVENUE CUSTOMS,5228646.39,27,0
Department of Health and Social Care,NORTH WEST BOROUGHS HEALTHCARE NHS FOUNDATION TRUST,5222300.0,17,0
"Department for Environment, Food and Rural Affairs",BRISTOL CITY COUNCIL,5209489.46,11,0
Department for Work and Pensions,WYRE BOROUGH COUNCIL,5207617.0,90,0
Department for Work and Pensions,CAMBRIDGE PETERBOROUGH COMBINED AUTHORITY,5200000.0,3,0
Department for Education,OFFICE FOR NATIONAL STATISTICS,5182763.04,21,0
Home Office,OFFICE OF THE WEST YORKSHIRE POLICE CRIME COMMISSIONER,5174767.9,76,0
Royal Borough of Greenwich,SOUTH LONDON MAUDSLEY NHS FOUNDATION TRUST,5150479.01,53,0
Department for Work and Pensions,NORTH HERTFORDSHIRE DISTRICT COUNCIL,5148590.0,89,0
Department for Energy Security and Net Zero,NORTH EAST DERBYSHIRE DISTRICT COUNCIL,5136726.9,10,0
Foreign and Commonwealth Office,DEPARTMENT FOR TRANSPORT,5135522.18,8,0
Ministry of Defence,PEMBROKESHIRE COUNTY COUNCIL,5129390.62,18,0
"Ministry of Housing, Communities and Local Government",STEVENAGE BOROUGH COUNCIL,5116736.6,23,0
The Pennine Acute Hospitals NHS Trust,E4203 MANCHESTER CITY COUNCIL,5114348.45,47,0
Home Office,CARDIFF COUNTY COUNCIL 1 G,5110069.28,75,0
Department for Work and Pensions,EREWASH BOROUGH COUNCIL,5100225.0,96,0
"Department for Science, Innovation and Technology",BELFAST CITY COUNCIL,5100000.0,3,0
Department for Work and Pensions,NEWCASTLE UNDER LYME BOROUGH COUNCIL,5065981.0,90,0
Department for Work and Pensions,HYNDBURN BOROUGH COUNCIL,5062356.0,90,0
Department for Work and Pensions,NHS GRAMPIAN,5061381.0,40,0
Maidstone and Tunbridge Wells NHS Trust,NHS KENT MEDWAY ICB,5058026.71,25,0
Department for Work and Pensions,POWYS COUNTY COUNCIL,5055769.0,91,0
Department for Work and Pensions,DENBIGHSHIRE COUNTY COUNCIL,5052829.4,99,0
Department for Work and Pensions,LOTHIAN NHS,5047357.0,36,0
NHS East and North Hertfordshire CCG,MID SOUTH ESSEX FOUNDATION TRUST,5045603.77,28,0
HM Revenue and Customs,MILTON KEYNES BOROUGH COUNCIL,5034952.76,49,0
Ministry of Justice,POLICE CRIME COMMISSIONER FOR GREATER MANCHESTER,5026020.0,3,0
Ministry of Defence,EAST RIDING OF YORKSHIRE COUNCIL,5025759.64,13,0
Department for Work and Pensions,STAFFORDSHIRE MOORLANDS DISTRICT COUNCIL,5011581.0,87,0
Department for Work and Pensions,BARNSLEY METROPOLITAN BOROUGH COUNCIL,5001852.0,54,0
Department for Work and Pensions,SHEFFIELD COUNTY COUNCIL,5000000.0,1,0
"Ministry of Housing, Communities and Local Government",SOUTH TYNESIDE MBC,4988545.81,56,0
Department of Health and Social Care,LAMBETH LONDON BOROUGH COUNCIL RESTRICTED USE,4974665.18,18,0
Department for Work and Pensions,SOUTH KESTEVEN DISTRICT COUNCIL,4968963.0,93,0
Department for Education,NORTH WEST AMBULANCE SERVICE NHST,4946509.73,54,0
Department for Work and Pensions,AMBER VALLEY BOROUGH COUNCIL,4929445.0,88,0
Department of Health and Social Care,GLOUCESTERSHIRE CARE SERVICES NHS TRUST,4921216.7,14,0
Department for Work and Pensions,FENLAND DISTRICT COUNCIL,4909770.0,90,0
Shropshire Community Health NHS Trust,NHS BUSINESS SERVICES AUTHORITY,4908655.77,1901,0
Department for Work and Pensions,WEST YORKSHIRE COMBINED AUTHORITY,4878124.97,160,0
Department of Health and Social Care,HUMBER NHS FOUNDATION TRUST,4875823.19,16,0
Department for Work and Pensions,BARKING HAVERING REDBRIDGE NHS TRUST,4859279.0,34,0
Department for Work and Pensions,HARROGATE BOROUGH COUNCIL,4857357.0,90,0
Ministry of Defence,LIVERPOOL CITY COUNCIL,4855343.44,17,0
Home Office,OFFICE OF THE POLICE CRIME COMMISSIONER OF NORFOLK,4847999.48,3,0
Department for Energy Security and Net Zero,PORTSMOUTH CITY COUNCIL,4847146.63,4,0
Department for Work and Pensions,GRAVESHAM BOROUGH COUNCIL,4820708.0,95,0
Department for Work and Pensions,WYRE FOREST DISTRICT COUNCIL,4809041.0,88,0
Department for Work and Pensions,GEDLING BOROUGH COUNCIL,4799720.0,89,0
Whittington Hospital NHS Trust,NHS HARINGEY,4792586.85,21,0
Ministry of Justice,BRISTOL CITY COUNCIL,4780596.8,86,0
Department for Work and Pensions,HM TREASURY CONSOLIDATION FUND,4776052.0,3,0
Salisbury NHS Foundation Trust,UNIVERSITY HOSPITAL SOUTHAMPTON NHS FOUNDATION TRUST,4772227.92,172,0
Shropshire Community Health NHS Trust,INLAND REVENUE,4768994.86,42,0
"Ministry of Housing, Communities and Local Government",LB OF LAMBETH,4766412.47,5,0
"Department for Science, Innovation and Technology",DEPARTMENT FOR ECONOMY NORTHERN IRELAND,4756439.11,6,0
Milton Keynes Hospital NHS Foundation Trust,NHS BLOOD TRANSPLANT,4754570.42,64,0
"Ministry of Housing, Communities and Local Government",LB WANDSWORTH,4745316.58,20,0
NHS Business Services Authority,NEWCASTLE CITY COUNCIL,4726010.29,83,0
Ministry of Defence,PETERBOROUGH STAMFORD HOSPITALS NHS FOUNDATION TRUST,4720619.07,18,0
Ministry of Defence,CHICHESTER DISTRICT COUNCIL,4719193.88,69,0
Department for Work and Pensions,UNIVERSITY HOSPITALS OF LEICESTER NHS TRUST,4717844.0,33,0
Ministry of Defence,METROPOLITAN POLICE SERVICE,4697939.28,74,0
Department for Work and Pensions,KIRKLEES COUNCIL,4697254.0,38,0
HM Revenue and Customs,UK HEALTH SECURITY AGENCY,4696657.14,21,0
Department of Health and Social Care,ROYAL FREE HAMPSTEAD NHS TRUST,4695256.62,11,0
Isle of Wight NHS Trust,NHS BLOOD TRANSPLANT,4678182.81,107,0
Department for Work and Pensions,EAST STAFFORDSHIRE DISTRICT COUNCIL,4678016.0,88,0
Tate,SOUTHWARK COUNCIL,4674235.43,21,0
NHS Business Services Authority,CABINET OFFICE CIVIL SERVICE PENSIONS,4669881.75,85,0
Home Office,DURHAM POLICE CRIME COMMISSIONER G,4660056.18,4,0
Department for Work and Pensions,MID YORKSHIRE HOSPITAL NHS TRUST,4640638.0,30,0
Department for Work and Pensions,WORTHING BOROUGH COUNCIL,4636378.0,88,0
Home Office,LANCASHIRE COUNTY COUNCIL 1 G,4626692.71,43,0
Department for Work and Pensions,ASHFORD BOROUGH COUNCIL,4624633.0,90,0
"Ministry of Housing, Communities and Local Government",CITY OF LONDON,4623013.9,43,0
Home Office,WESTMINSTER COUNCIL,4618940.0,3,0
Department for Work and Pensions,CHELTENHAM BOROUGH COUNCIL,4617949.0,86,0
Bristol City Council,HM COURTS TRIBUNAL SERVICE,4615000.0,51,0
Home Office,VALUATION OFFICE AGENCY,4614341.92,29,0
Ministry of Defence,ACCOUNTING OFFICER MINISTRY OF DEFENCE,4612000.0,3,1
Department for Work and Pensions,GUILDFORD BOROUGH COUNCIL,4603520.0,89,0
Department for Work and Pensions,WEST LANCASHIRE DISTRICT COUNCIL,4602668.0,91,0
Department for Work and Pensions,REIGATE BANSTEAD BOROUGH COUNCIL,4601959.0,90,0
Department for Work and Pensions,BROXBOURNE BOROUGH COUNCIL,4599037.0,94,0
Isle of Wight NHS Trust,NHS SUPPLY CHAIN,4588365.64,60,0
HM Revenue and Customs,DEPARTMENT FOR WORK PENSION,4583477.0,24,0
HM Revenue and Customs,MINISTRY OF DEFENCE,4579920.55,99,0
Department for Work and Pensions,TAUNTON DEANE BOROUGH COUNCIL,4579435.0,89,0
"Ministry of Housing, Communities and Local Government",LICHFIELD DISTRICT COUNCIL,4567871.0,32,0
Home Office,LONDON BOROUGH OF HOUNSLOW 1 G,4564536.02,48,0
NHS Thames Valley ICB,GREAT WESTERN HOSPITALS NHS FOUNDATION TRUST,4556605.6,16,0
Department for Work and Pensions,ECONOMIC SOCIAL RESEARCH COUNCIL,4554167.0,23,0
Cabinet Office,METROPOLITAN POLICE AUTHORITY,4551389.1,9,0
United Lincolnshire Hospitals NHS Trust,SOUTH KESTEVEN DISTRICT COUNCIL,4545211.46,35,0
Department for Work and Pensions,WINDSOR MAIDENHEAD BOROUGH COUNCIL,4539273.0,94,0
The Pennine Acute Hospitals NHS Trust,NORTHUMBRIA H CARE NHS FOUNDATION TRUST,4530980.64,95,0
National Offender Management Service,WOLVERHAMPTON CITY COUNCIL,4527658.41,15,0
South Central Ambulance Service NHS Foundation Trust,NHS SOUTH CENTRAL WEST CSU,4519408.07,34,0
"Department for Science, Innovation and Technology",WEST SUSSEX COUNTY COUNCIL,4514675.0,3,0
Department for Work and Pensions,WELWYN HATFIELD DISTRICT COUNCIL,4512097.0,88,0
Department for Work and Pensions,HERTSMERE BOROUGH COUNCIL,4509261.0,93,0
Department for Work and Pensions,BRACKNELL FOREST BOROUGH COUNCIL,4507357.0,94,0
Department for Work and Pensions,DORSET COUNTY COUNCIL,4504407.65,40,0
United Lincolnshire Hospitals NHS Trust,SCCL NHS SUPPLY CHAIN CAPITAL,4496324.96,17,0
Department for Energy Security and Net Zero,BRISTOL CITY COUNCIL,4495277.11,13,0
Cabinet Office,CABINET OFFICE VOTES,4490719.72,20,1
Department for Work and Pensions,WORCESTER CITY COUNCIL,4483297.0,90,0
Department for Work and Pensions,BLAENAU GWENT COUNTY BOROUGH COUNCIL,4479787.0,86,0
Department for Work and Pensions,EAST LANCASHIRE HOSPITALS NHS TRUST,4474780.0,30,0
Ministry of Justice,LONDON BOROUGH OF ISLINGTON,4453810.45,79,0
NHS East and North Hertfordshire CCG,NHS PROPERTY SERVICES,4445023.76,102,0
"Ministry of Housing, Communities and Local Government",MINISTRY OF DEFENCE,4436056.04,9,0
Department for Work and Pensions,PLYMOUTH HOSP NHS TRUST,4426905.0,32,0
Royal Borough of Greenwich,CITY OF LONDON CORPORATION,4424591.92,137,0
Department for Work and Pensions,WARWICK DISTRICT COUNCIL,4423710.0,90,0
Ministry of Justice,LEEDS CITY COUNCIL,4415449.44,79,0
Department for Work and Pensions,CANNOCK CHASE DISTRICT COUNCIL,4413807.0,87,0
Department for Work and Pensions,EAST DEVON DISTRICT COUNCIL,4413034.0,86,0
Department for Work and Pensions,NORTH DEVON DISTRICT COUNCIL,4410994.0,88,0
Home Office,NEWCASTLE CITY COUNCIL G,4409755.93,59,0
Department for Work and Pensions,CITY OF CARLISLE DISTRICT COUNCIL,4394401.0,88,0
Department for Work and Pensions,MENDIP DISTRICT COUNCIL,4390629.0,87,0
Department for Work and Pensions,STEVENAGE BOROUGH COUNCIL,4383714.0,92,0
Department of Health and Social Care,GREATER MANCHESTER WEST MENTAL HEALTH NHS FOUNDATION TRUST,4382199.12,88,0
Department for Work and Pensions,WATFORD BOROUGH COUNCIL,4379605.0,93,0
Salisbury NHS Foundation Trust,NHS SUPPLY CHAIN,4378678.26,238,0
The Pennine Acute Hospitals NHS Trust,PENNINE CARE NHS FT,4376590.05,69,0
Department for Work and Pensions,ROYAL FREE LONDON NHS FOUNDATION TRUST,4340171.0,36,0
"Department for Digital, Culture, Media and Sport",SUFFOLK COUNTY COUNCIL,4334250.0,3,0
Department for Work and Pensions,MIDLOTHIAN COUNCIL,4333624.0,102,0
Department for Work and Pensions,NOTTINGHAMSHIRE COUNTY COUNCIL,4326910.0,6,0
Department for Work and Pensions,EPPING FOREST DISTRICT COUNCIL,4324464.0,89,0
"Ministry of Housing, Communities and Local Government",LINCOLN CITY COUNCIL,4320936.54,31,0
"Department for Science, Innovation and Technology",GREATER MANCHESTER COMBINED AUTHORITY,4314082.96,4,0
"Ministry of Housing, Communities and Local Government",BLACKPOOL COUNCIL,4292656.22,22,0
Home Office,DEPARTMENT FOR ENVIRONMENT FOOD RURAL AFFAIRS G,4289446.36,7,0
Department for International Development,CABINET OFFICE,4289178.98,244,0
Department for Work and Pensions,WEST LINDSEY DISTRICT COUNCIL,4288880.0,105,0
Ministry of Defence,HMRC SHIPLEY,4286101.11,11,0
Department for Work and Pensions,BOSTON BOROUGH COUNCIL,4279116.0,96,0
"Ministry of Housing, Communities and Local Government",SOUTH RIBBLE BOROUGH COUNCIL,4273202.0,43,0
South Gloucestershire Council,BRISTOL CITY COUNCIL,4259547.12,181,0
Department for Work and Pensions,HERTFORDSHIRE COUNCIL,4245481.0,5,0
Department for Work and Pensions,EAST HERTFORDSHIRE DISTRICT COUNCIL,4240340.0,89,0
Department for Work and Pensions,EAST LOTHIAN DISTRICT COUNCIL,4240326.0,91,0
HM Revenue and Customs,COVENTRY CITY COUNCIL,4217603.43,47,0
Department for Work and Pensions,DEPARTMENT FOR EDUCATION,4212679.0,21,0
Department for Work and Pensions,HMRC ACCOUNTS RECIEVABLE,4204806.0,15,0
Department for Education,YORKSHIRE AMBULANCE SERVICE NHS TRUST,4185111.62,41,0
Department for Work and Pensions,CHICHESTER DISTRICT COUNCIL,4182292.0,88,0
Department for Work and Pensions,GOSPORT BOROUGH COUNCIL,4182181.0,87,0
Tate,DIRECT DEBIT ONLY SOUTHWARK COUNCIL,4177794.91,5,0
Home Office,BRADFORD COUNCIL G,4177754.23,28,0
NHS East and North Hertfordshire CCG,ROYAL PAPWORTH HOSPITAL NHS FOUNDATION TRUST,4177215.39,42,0
Department for Work and Pensions,HM LAND REGISTRY,4176200.47,27,0
Department for Work and Pensions,NORTH NORFOLK DISTRICT COUNCIL,4169856.0,86,0
Department for Work and Pensions,WYCHAVON DISTRICT COUNCIL,4167984.67,99,0
"Department for Science, Innovation and Technology",NORTH AYRSHIRE COUNCIL,4164288.31,5,0
"Ministry of Housing, Communities and Local Government",BRECKLAND COUNCIL,4160955.26,53,0
Department for Work and Pensions,NEWARK DISTRICT COUNCIL,4148926.0,86,0
Department of Health and Social Care,LEEDS COMMUNITY HEALTHCARE NHS TRUST RY6,4144891.37,36,0
Department for Energy Security and Net Zero,UNITED STATES DEPARTMENT OF ENERGY,4135000.0,2,0
"Ministry of Housing, Communities and Local Government",LB HOUNSLOW,4127239.96,28,0
"Ministry of Housing, Communities and Local Government",HERTFORDSHIRE COUNTY COUNCIL,4122785.3,7,0
Bristol City Council,NETWORK RAIL INFRASTRUCTURE,4121543.96,87,0
Department for Work and Pensions,WEALDEN DISTRICT COUNCIL,4120014.0,88,0
Department for Work and Pensions,RUSHMOOR BOROUGH COUNCIL,4118832.0,89,0
The Pennine Acute Hospitals NHS Trust,ROCHDALE METROPOLITAN BOROUGH COUNCIL,4109156.43,86,0
Maidstone and Tunbridge Wells NHS Trust,HM REVENUE CUSTOMS,4100000.0,1,0
Department of Health and Social Care,LANCASTER CITY COUNCIL,4093429.19,4,0
Coventry and Warwickshire Partnership NHS Trust,NHS LITIGATION AUTHORITY,4092689.76,88,0
Home Office,BOLTON MBC 1 G,4088563.92,38,0
Department for Work and Pensions,ST EDMUNDSBURY BOROUGH COUNCIL,4078696.0,93,0
HM Revenue and Customs,PRESTON BOROUGH COUNCIL,4071610.07,43,0
"Department for Science, Innovation and Technology",OXFORDSHIRE COUNTY COUNCIL,4065000.0,4,0
The Pennine Acute Hospitals NHS Trust,N H C NHS FOUNDATION TRUST,4061692.93,114,0
HM Revenue and Customs,IPSWICH BOROUGH COUNCIL,4059381.89,56,0
Ministry of Defence,MIDLOTHIAN COUNCIL,4056210.62,72,0
Department for Work and Pensions,TONBRIDGE MALLING DISTRICT COUNCIL,4048003.0,87,0
Home Office,AVON SOMERSET CONSTABULARY G,4048000.95,37,0
Department for Work and Pensions,NORTHAMPTON COUNTY COUNCIL,4036719.0,5,0
Department for Work and Pensions,ALLERDALE DISTRICT COUNCIL,4031831.0,86,0
National Offender Management Service,GREENWICH COUNCIL,4031294.72,36,0
"Ministry of Housing, Communities and Local Government",NOTTINGHAMSHIRE COUNTY COUNCIL,4028649.93,54,0
Home Office,HEART OF BIRMINGHAM TEACHING PCT,4024910.67,3,0
"Department for Science, Innovation and Technology",SHROPSHIRE COUNCIL,4024703.0,3,0
Department for Work and Pensions,SOUTH NORFOLK DISTRICT COUNCIL,4019766.0,87,0
Transport for Greater Manchester,TAMESIDE MBC,4012600.3,247,0
Department for Work and Pensions,WEST OF ENGLAND MAYORAL COMBINED AUTHORITY,4000000.0,3,0
Ministry of Defence,EAST DEVON DISTRICT COUNCIL,3986830.64,12,0
Ministry of Defence,ANGUS COUNCIL,3985377.61,12,0
"Department for Environment, Food and Rural Affairs",SOLIHULL METROPOLITAN BOROUGH COUNCIL,3983246.48,34,0
"Ministry of Housing, Communities and Local Government",OLDHAM COUNCIL,3982741.04,29,0
Department for Work and Pensions,DONCASTER BASSETLAW TEACHING HOSPITAL NHS TRUST,3967047.0,32,0
Transport for Greater Manchester,TRAFFORD MBC,3960655.3,254,0
Transport for Greater Manchester,STOCKPORT MBC,3960129.04,185,0
Department for Work and Pensions,BROXTOWE BOROUGH COUNCIL,3958712.0,87,0
Home Office,LONDON BOROUGH OF BARKING DAGENHAM G,3956551.15,60,0
The Pennine Acute Hospitals NHS Trust,SALFORD ROYAL NHS FT ELFS SHARED SERVICES,3952712.0,5,0
HM Revenue and Customs,HOME OFFICE IMMIGRATION NATIONALI,3942690.41,34,0
Department for Work and Pensions,ROTHER DISTRICT COUNCIL,3940126.0,91,0
Ministry of Defence,SUFFOLK COASTAL DISTRICT COUNCIL,3937101.52,64,0
Department for Work and Pensions,RUGBY BOROUGH COUNCIL,3916663.0,88,0
"Ministry of Housing, Communities and Local Government",LEICESTERSHIRE COUNTY COUNCIL,3912399.28,55,0
Department for Work and Pensions,CHORLEY BOROUGH COUNCIL,3909694.0,88,0
United Lincolnshire Hospitals NHS Trust,LINCOLN CITY COUNCIL,3904815.7,5,0
Department for Work and Pensions,STRATFORD ON AVON DISTRICT COUNCIL,3898971.0,88,0
Transport for Greater Manchester,BURY MBC,3894001.59,348,0
Ministry of Justice,HM TREASURY,3885597.94,4,0
Department for Work and Pensions,LEICESTERSHIRE COUNTY COUNCIL,3881750.5,19,0
Department for Work and Pensions,BOROUGH OF REDDITCH,3871015.0,88,0
Department for Work and Pensions,SUFFOLK COASTAL DISTRICT COUNCIL,3866187.0,86,0
Department for Work and Pensions,TUNBRIDGE WELLS BOROUGH COUNCIL,3862175.0,88,0
Ministry of Justice,MINISTRY OF JUSTICE,3855509.93,28,1
Cabinet Office,HM REVENUE CUSTOMS 8899,3853874.08,5,0
Department for Work and Pensions,WORCESTERSHIRE COUNTY COUNCIL,3849580.2,39,0
Department for Work and Pensions,ELMBRIDGE BOROUGH COUNCIL,3847819.0,88,0
Department of Health and Social Care,NORTH EAST AMBULANCE SERVICE NHS FOUNDATION TRUST,3847190.4,20,0
Department for Work and Pensions,STAFFORD BOROUGH COUNCIL,3844252.0,87,0
Transport for Greater Manchester,ROCHDALE MBC,3839791.74,181,0
HM Revenue and Customs,READING BOROUGH COUNCIL,3830405.27,53,0
NHS Thames Valley ICB,ROYAL SURREY COUNTY HOSPITAL NHS FOUNDATION TRUST,3815703.63,11,0
Department for Education,DUDLEY METROPOLITAN BOROUGH COUNCIL,3813905.79,7,0
Department for Work and Pensions,EASTLEIGH BOROUGH COUNCIL,3813497.0,89,0
"Department for Digital, Culture, Media and Sport",HM REVENUE CUSTOMS,3811268.09,12,0
"Ministry of Housing, Communities and Local Government",ALDER HEY CHILDRENS NHS FOUND N TRU,3810959.17,9,0
Department for Work and Pensions,DEPARTMENT FOR ENERGY CLIMATE CHANGE,3804113.26,8,0
Maidstone and Tunbridge Wells NHS Trust,NHS BUSINESS SERVICES AUT PRESCRIPTION,3803002.23,554,0
Home Office,POLICE SERVICE OF NORTHERN IRELAND G,3802171.92,28,0
"Department for Science, Innovation and Technology",CUMBERLAND COUNCIL,3800000.0,2,0
Ministry of Defence,H M TREASURY,3799195.71,13,0
Transport for Greater Manchester,CITY OF SALFORD,3794405.25,195,0
Department for Work and Pensions,LEWES DISTRICT COUNCIL,3790778.0,87,0
"Ministry of Housing, Communities and Local Government",HM REVENUE CUSTOMS,3778955.07,184,0
National Offender Management Service,HAMPSHIRE COUNTY COUNCIL,3776800.52,40,0
Home Office,NORTHAMPTONSHIRE COUNTY COUNCIL 2 G,3773156.03,6,0
Home Office,SHEFFIELD PRIMARY CARE TRUST G,3772645.55,10,0
Department for Work and Pensions,TEST VALLEY BOROUGH COUNCIL,3761739.0,89,0
"Ministry of Housing, Communities and Local Government",LINCOLNSHIRE CC FIRE RESCUE SERV,3759416.37,16,0
HM Revenue and Customs,SHEFFIELD CITY COUNCIL,3742528.1,43,0
Ministry of Justice,SHEFFIELD CITY COUNCIL,3734384.06,66,0
Department for Work and Pensions,BOLSOVER DISTRICT COUNCIL,3717804.0,91,0
Department for Work and Pensions,DEPARTMENT FOR BUSINESS INNOVATION SKILLS,3712150.0,21,0
The Pennine Acute Hospitals NHS Trust,NHS PROFESSIONALS,3705608.48,17,0
"Ministry of Housing, Communities and Local Government",STOCKTON BOROUGH COUNCIL,3696904.34,50,0
Department for Work and Pensions,KETTERING BOROUGH COUNCIL,3688957.0,87,0
Department for Work and Pensions,CUMBRIA COUNTY COUNCIL,3686832.0,20,0
Department for Work and Pensions,DARTFORD BOROUGH COUNCIL,3686809.0,87,0
NHS Business Services Authority,HM REVENUE CUSTOMS,3686640.14,8,0
Department for Work and Pensions,DERBYSHIRE COUNTY COUNCIL,3682144.0,3,0
Department for Energy Security and Net Zero,DEPARTMENT FOR WORK PENSIONS DWP,3675284.76,6,0
Department for Work and Pensions,NORTH EAST DERBYSHIRE DISTRICT COUNCIL,3674422.0,89,0
Department for Work and Pensions,STROUD DISTRICT COUNCIL,3670821.0,87,0
Department for Work and Pensions,LINCOLNSHIRE COUNTY COUNCIL,3667320.6,9,0
Home Office,LONDON BOROUGH OF HARINGEY G,3660115.78,34,0
Uttlesford District Council,DEPT FOR BUSINESS ENERGY INDUSTRIAL STRATEGY,3653453.14,5,0
Department for Work and Pensions,CORBY BOROUGH COUNCIL,3653095.0,88,0
Department for Work and Pensions,ST ALBANS DISTRICT COUNCIL,3641228.0,88,0
Department for Energy Security and Net Zero,LEEDS CITY COUNCIL,3640529.77,13,0
Department for Energy Security and Net Zero,LONDON BOROUGH OF HAMMERSMITH FULHAM,3640060.79,7,0
Department for International Development,OFFICE FOR NATIONAL STATISTICS,3639238.44,46,0
Department for Work and Pensions,DWP DEPARTMENT FOR EDUCATION,3637324.0,1,0
Department for Work and Pensions,MERTHYR TYDFIL BOROUGH COUNCIL,3633186.0,90,0
Department for Work and Pensions,HIGH PEAK BOROUGH COUNCIL,3628039.0,87,0
HM Revenue and Customs,SOUTH CAMBRIDGESHIRE COUNCIL POLAR,3621214.34,7,0
Royal United Hospital Bath NHS Foundation Trust,NHS SUPPLY CHAIN GOODS,3619573.09,49,0
Northern Ireland Office,CABINET OFFICE,3617941.99,23,0
Department for Work and Pensions,BOROUGH OF WELLINGBOROUGH,3610888.0,86,0
Ministry of Defence,UTTLESFORD DISTRICT COUNCIL,3605988.31,66,0
Bristol City Council,DEPARTMENT FOR ENERGY SECURITY NET ZERO DESNZ,3603962.28,5,0
Department for Work and Pensions,AINTREE UNIVERSITY HOSPITALS NHS FOUNDATION TRUST,3603330.0,28,0
The Pennine Acute Hospitals NHS Trust,NHS PROPERTY SERVICES,3600779.83,56,0
Department for Work and Pensions,SOUTH RIBBLE BOROUGH COUNCIL C,3600294.0,87,0
Department for Work and Pensions,FOREST OF DEAN DISTRICT COUNCIL,3599853.0,89,0
NHS East and North Hertfordshire CCG,NHS HERTS VALLEYS CCG,3594990.11,37,0
Department for Energy Security and Net Zero,STROUD DISTRICT COUNCIL,3592332.28,9,0
"Ministry of Housing, Communities and Local Government",LB RICHMOND UPON THAMES,3589149.0,19,0
Department for Work and Pensions,WEYMOUTH PORTLAND BOROUGH COUNCIL,3588076.0,87,0
Department for Work and Pensions,LANCASHIRE COUNCIL,3586736.0,2,0
Ministry of Defence,COTSWOLD DISTRICT COUNCIL,3582543.95,49,0
Department for Work and Pensions,UNITED LINCOLNSHIRE HOSP NHS TRUST,3578294.0,33,0
Department for Work and Pensions,SEVENOAKS DISTRICT COUNCIL,3578189.0,87,0
Department for Work and Pensions,SANDWELL WEST BIRMINGHAM HOSPITALS NHS TRUST,3576356.0,31,0
Department for Work and Pensions,MID SUSSEX DISTRICT COUNCIL,3567404.0,89,0
"Ministry of Housing, Communities and Local Government",LB HILLINGDON,3564612.0,21,0
Department for Work and Pensions,BARROW BOROUGH COUNCIL,3556158.0,86,0
Department for Work and Pensions,WAKEFIELD METROPLITAN DISTRICT COUNCIL,3550226.65,26,0
Home Office,MANCHESTER CITY COUNCIL 2 G,3548757.53,12,0
Ministry of Defence,BROXTOWE BOROUGH COUNCIL,3547177.29,20,0
Department for Work and Pensions,WEST DORSET DISTRICT COUNCIL,3545056.0,86,0
Rushmoor Borough Council,DEPARTMENT FOR BUSINESS,3544087.67,6,0
Ministry of Defence,NHS FIFE,3534694.79,30,0
Department for Work and Pensions,NORTH KESTEVEN DISTRICT COUNCIL,3527487.0,92,0
Transport for Greater Manchester,NETWORK RAIL INFRASTRUCTURE,3524540.58,121,0
Home Office,LONDON BOROUGH OF CAMDEN 1 G,3522426.22,46,0
Ministry of Defence,VALUATION OFFICE AGENCY,3515751.05,22,0
Department for Work and Pensions,COUNTY DURHAM DARLINGTON FOUNDATION TRUST,3513080.0,30,0
Royal Borough of Greenwich,DEPT FOR COMMUNITIES LOCAL GOVERNMENT,3506153.24,8,0
"Ministry of Housing, Communities and Local Government",EAST SUSSEX FIRE RESCUE SERVICE H,3505735.0,45,0
Salisbury NHS Foundation Trust,GREAT WESTERN HOSPITALS NHS FT,3503914.33,431,0
Department of Health and Social Care,HERTFORDSHIRE COMMUNITY NHS TRUST,3500000.0,1,0
Department of Health and Social Care,NHS BURY,3500000.0,4,0
Maidstone and Tunbridge Wells NHS Trust,NHS PROPERTY SERVICES,3495613.94,81,0
Department for Energy Security and Net Zero,NEWCASTLE CITY COUNCIL,3493724.24,6,0
Home Office,OFFICE OF THE KENT POLICE CRIME COMMISSIONER,3491243.74,63,0
"Department for Environment, Food and Rural Affairs",PETERBOROUGH CITY COUNCIL,3487962.89,34,0
Home Office,WILTSHIRE COUNTY COUNCIL 1 G,3487597.45,65,0
Home Office,DEPARTMENT OF HEALTH G,3484841.73,24,0
Isle of Wight NHS Trust,UNIVERSITY HOSPITAL SOUTHAMPTON NHS FOUNDATION TRUST,3477094.57,76,0
Department of Health and Social Care,WHITTINGTON HEALTH NHS TRUST,3475365.0,26,0
Department for Work and Pensions,HINCKLEY BOSWORTH BOROUGH COUNCIL,3473513.0,95,0
Department for Work and Pensions,DEPARTMENT FOR CULTURE MEDIA SPORT,3468721.0,1,0
HM Revenue and Customs,WEST LINDSEY DISTRICT COUNCIL,3468520.16,53,0
Department of Health and Social Care,BIRMINGHAM COMMUNITY HEALTHCARE NHS TRUST RYW,3467660.89,48,0
Department for Work and Pensions,VALE OF WHITE HORSE DISTRICT COUNCIL,3465402.0,87,0
Department for Work and Pensions,SOUTH CAMBRIDGESHIRE DISTRICT COUNCIL,3462252.0,89,0
Department of Health and Social Care,WIRRAL COMMUNITY HEALTH CARE NHS FOUNDATION TRUST,3459016.0,7,0
Home Office,DEPARTMENT FOR BUSINESS INNOVATION SKILLS,3456523.95,45,0
Department for Work and Pensions,CASTLE POINT DISTRICT COUNCIL,3456182.0,87,0
Home Office,ROYAL BOROUGH OF KINGSTON UPON THAMES G,3450248.58,60,0
Department for Work and Pensions,GATESHEAD COUNCIL,3448060.0,52,0
Bristol City Council,ENVIRONMENT AGENCY,3443223.45,42,0
Department for Work and Pensions,MORAY COUNCIL,3433440.0,90,0
Department for Work and Pensions,HORSHAM DISTRICT COUNCIL,3427825.0,88,0
Home Office,BRIGHTON HOVE COUNCIL G,3427622.9,49,0
Department for Education,LONDON BOROUGH OF NEWHAM COUNCIL,3426586.0,2,0
HM Revenue and Customs,LEICESTER CITY COUNCIL,3426024.0,54,0
Cabinet Office,ORDNANCE SURVEY,3424771.58,14,0
Department for Work and Pensions,WOKING BOROUGH COUNCIL,3420896.0,93,0
"Ministry of Housing, Communities and Local Government",THURROCK COUNCIL,3414982.3,41,0
Department of Health and Social Care,NHS SOUTH NORFOLK CLINICAL COMMISSIONING GROUP 06Y,3414515.99,69,0
Department for Work and Pensions,BROADLAND DISTRICT COUNCIL,3411741.0,87,0
Home Office,LONDON BOROUGH OF HOUNSLOW G,3406263.31,37,0
Home Office,STRATHCLYDE POLICE G,3404110.52,9,0
Department of Health and Social Care,LONDON BOROUGH OF BE,3402646.0,6,0
Home Office,BUCKINGHAMSHIRE COUNTY COUNCIL 1 G,3400430.03,52,0
Department for Work and Pensions,SPELTHORNE BOROUGH COUNCIL,3399623.0,90,0
Department for Work and Pensions,BRADFORD HOSPTLS NHS TRUST,3390374.0,32,0
"Ministry of Housing, Communities and Local Government",LB SUTTON,3379631.67,42,0
United Lincolnshire Hospitals NHS Trust,NOTTINGHAM UNIVERSITY HOSPITALS NHS TRUS,3377205.49,109,0
Department for Work and Pensions,TRAFFORD METROPOLITAN BOROUGH COUNCIL,3376036.0,25,0
Ministry of Defence,POOLE BOROUGH COUNCIL,3375000.73,10,0
Department for Work and Pensions,EAST HAMPSHIRE DISTRICT COUNCIL,3373763.0,87,0
"Ministry of Housing, Communities and Local Government",DARLINGTON BOROUGH COUNCIL,3373664.8,9,0
Shropshire Community Health NHS Trust,NORTH STAFFORDSHIRE COMBINED HEALTHCARE NHS TRUST,3373407.3,134,0
South Gloucestershire Council,BATH NORTH EAST SOMERSET DIST COUNCIL,3369642.66,130,0
Department for Work and Pensions,CALDERDALE HUDDERSFIELD NHS FOUNDATION TRUST,3369202.0,31,0
Department for Work and Pensions,WAVERLEY BOROUGH COUNCIL,3367892.0,87,0
NHS Thames Valley ICB,UNI HOSPITAL SOUTHAMPTON NHS FT,3360480.98,9,0
Former council of North Yorkshire,SCARBOROUGH BOROUGH COUNCIL,3358633.9,93,0
Home Office,BRISTOL CITY COUNCIL 1 G,3357060.79,46,0
Pennine Care NHS Foundation Trust,STOCKPORT NHS FOUNDATION TRUST 002,3353039.61,22,0
"Ministry of Housing, Communities and Local Government",DURHAM DARLINGTON FIRE RESCUE SER,3351747.7,22,0
Home Office,POLICE CRIME COMMISSIONER FOR ESSEX,3348510.0,36,0
Department for Work and Pensions,SOUTH OXFORDSHIRE DISTRICT COUNCIL,3344443.0,88,0
Department for Work and Pensions,SOUTH STAFFORDSHIRE DISTRICT COUNCIL,3339769.0,87,0
Department for Work and Pensions,MIDDLESBROUGH BOROUGH COUNCIL HB,3332610.0,22,0
"Department for Digital, Culture, Media and Sport",WESTMINSTER CITY COUNCIL BUSINESS RATES,3324096.22,29,0
Home Office,GUILDFORD BOROUGH COUNCIL 1 G,3315861.75,3,0
Home Office,LONDON BOROUGH OF BARNET G,3315183.42,35,0
Department for Work and Pensions,WEST SUSSEX COUNTY COUNCIL,3313980.0,19,0
"Department for Science, Innovation and Technology",UK HEALTH SECURITY AGENCY,3308985.97,3,0
Department for Work and Pensions,TAYSIDE NHS,3308020.0,31,0
Home Office,THURROCK COUNCIL G,3300201.93,35,0
Department for Work and Pensions,SOUTH HOLLAND DISTRICT COUNCIL,3299997.0,87,0
"Department for Digital, Culture, Media and Sport",GREATER LONDON AUTHORITY,3290814.85,6,0
Home Office,MOJ MINISTRY OF JUSTICE G,3283104.11,1,0
HM Revenue and Customs,MINISTRY OF JUSTICE,3282680.59,55,0
NHS Norfolk and Suffolk ICB - 25k Expenditure Report,JAMES PAGET UNIVERSITY HOSPITALS NHS FOUNDATION TRUST,3281809.14,15,0
Department of Health and Social Care,2GETHER NHS FOUNDATION TRUST,3273348.99,18,0
Department for Work and Pensions,EAST DUNBARTONSHIRE COUNCIL,3267382.17,91,0
"Ministry of Housing, Communities and Local Government",CUMBRIA POLICE AUTHORITY RSG,3264790.0,24,0
Ministry of Justice,WOLVERHAMPTON CITY COUNCIL AE10410096,3261152.0,1,0
Milton Keynes Hospital NHS Foundation Trust,BUCKINGHAMSHIRE HEALTHCARE NHS TRUST,3258206.0,68,0
Department for Work and Pensions,BUCKINGHAMSHIRE HEALTHCARE NHS TRUST,3254830.0,28,0
Department of Health and Social Care,DERBYSHIRE COMMUNITY HEALTH SERVICES NHS FOUNDATION TRUST RY8,3252972.45,26,0
Portsmouth Hospital NHS Trust,NHS SHARED BUSINESS SERVICES,3250686.04,74,0
NHS Business Services Authority,HMRC,3242001.29,4,0
The Pennine Acute Hospitals NHS Trust,MANCHESTER UNIVERSITY HOSPITALS NHS FT,3240237.78,53,0
"Ministry of Housing, Communities and Local Government",CHESTERFIELD BOROUGH COUNCIL,3236479.77,101,0
Home Office,LONDON BOROUGH OF BARNET 1 G,3235159.81,50,0
"Ministry of Housing, Communities and Local Government",LONDON BOROUGH OF HARROW,3234875.57,20,0
NHS Business Services Authority,CABINET OFFICE,3231731.32,14,0
Ministry of Defence,NHS BLOOD TRANSPLANT,3227939.06,36,0
South Gloucestershire Council,SOUTH GLOUCESTERSHIRE PRIMARY CARE TRUST,3217822.66,237,0
Department for Work and Pensions,EAST AYRSHIRE COUNCIL,3217483.51,30,0
Department for Work and Pensions,ROSSENDALE BOROUGH COUNCIL,3212560.0,86,0
Department for Work and Pensions,STIRLING COUNCIL,3200942.0,88,0
Ministry of Defence,DEPARTMENT FOR SOCIAL DEVELOPMENT,3200000.0,1,0
Ministry of Defence,SOUTH STAFFORDSHIRE SHROPSHIRE HEALTHCARE NHS FOUNDATION TRUST,3198432.58,27,0
Royal Borough of Greenwich,LEWISHAM HEALTHCARE NHS TRUST,3196997.67,102,0
Home Office,LONDON BOROUGH OF CAMDEN G,3195726.42,43,0
Department for Work and Pensions,NORTH WEST LEICESTER DISTRICT COUNCIL,3194026.0,87,0
United Lincolnshire Hospitals NHS Trust,LINCOLNSHIRE TEACHING PCT,3192738.08,85,0
Department for Work and Pensions,WINCHESTER CITY COUNCIL,3192653.0,87,0
"Ministry of Housing, Communities and Local Government",DORSET WILTSHIRE FIRE RESCUE AUTH,3186410.0,40,0
Department of Health and Social Care,SHROPSHIRE COMMUNITY HEALTH NHS TRUST R1D,3186285.99,20,0
Home Office,NOTTINGHAM CITY COUNCIL 2 G,3184808.8,10,0
Department for Work and Pensions,WEST OXFORDSHIRE DISTRICT COUNCIL,3177715.0,88,0
Department for Work and Pensions,SOUTH HAMS DISTRICT COUNCIL,3170986.0,89,0
Ministry of Justice,NOTTINGHAM CITY COUNCIL,3170473.76,62,0
Department for Energy Security and Net Zero,ST ALBANS DISTRICT COUNCIL,3167785.79,4,0
Salisbury NHS Foundation Trust,ROYAL UNITED HOSPITAL BATH NHS TRUST,3160096.29,49,0
Department of Health and Social Care,NORFOLK WAVENEY MENTAL HEALTH NHS FOUNDATION TRUST,3157068.0,13,0
Department for Energy Security and Net Zero,EAST DEVON DISTRICT COUNCIL,3155489.0,3,0
Department for Work and Pensions,TAMWORTH BOROUGH COUNCIL,3154886.0,89,0
Ministry of Defence,NORTH AYRSHIRE COUNCIL,3149024.35,7,0
Salisbury NHS Foundation Trust,PORTSMOUTH HOSPITALS NHS TRUST,3141174.48,30,0
Department for Work and Pensions,LANCASHIRE SOUTH CUMBRIA ICB,3141126.51,5,0
Department for Work and Pensions,LICHFIELD DISTRICT COUNCIL,3132641.0,88,0
Royal Borough of Greenwich,ROYAL BOROUGH OF GREENWICH HERITAGE TRUST CIO,3132406.49,102,1
"Ministry of Housing, Communities and Local Government",ADUR DISTRICT COUNCIL,3126168.0,28,0
Department for Energy Security and Net Zero,CRAWLEY BOROUGH COUNCIL,3122074.49,7,0
Home Office,BRISTOL CITY COUNCIL SOC SER G,3120413.24,11,0
Department for Energy Security and Net Zero,ROYAL BOROUGH OF GREENWICH,3116883.07,9,0
Ministry of Defence,HAMPSHIRE COUNTY COUNCIL,3116551.69,36,0
Coventry and Warwickshire Partnership NHS Trust,NHS COVENTRY WARWICKSHIRE ICB QWU,3116345.77,13,0
Department for Energy Security and Net Zero,BLACKPOOL COUNCIL,3114566.02,10,0
Department of Health and Social Care,FRIMLEY PARK HOSPITAL NHS FOUNDATION TRUST,3106000.0,3,0
Transport for Greater Manchester,OLDHAM MBC,3095362.62,199,0
Department of Health and Social Care,PUBLIC HEALTH WALES NHS TRUST,3092634.95,1,0
South Central Ambulance Service NHS Foundation Trust,ISLE OF WIGHT NHS TRUST,3091212.06,24,0
Whittington Hospital NHS Trust,LONDON BOROUGH OF ISLINGTON,3084656.1,36,0
Department for Work and Pensions,ISLE OF ANGLESEY COUNTY COUNCIL,3080133.0,88,0
Department for Work and Pensions,MONMOUTHSHIRE COUNTY COUNCIL,3079055.0,87,0
Department for Work and Pensions,LONDON NORTH WEST HEALTHCARE NHS TRUST,3076570.0,35,0
"Foreign, Commonwealth and Development Office (FCDO)",ARTS HUMANITIES RESEARCH COUNCIL,3075082.66,6,0
"Department for Science, Innovation and Technology",DEPARTMENT OF FINANCE,3074267.71,6,0
Isle of Wight NHS Trust,PORTSMOUTH HOSPITALS NHS TRUST,3073847.86,32,0
"Department for Digital, Culture, Media and Sport",DEPARTMENT FOR TRANSPORT DFT,3071857.5,2,0
Home Office,METROPOLITAN POLICE AUTHORITY,3067290.87,75,0
Department for Work and Pensions,CAMBRIDGESHIRE COUNTY COUNCIL,3064867.55,22,0
Department for Work and Pensions,NORFOLK NORWICH UNIVERSIT HOSPITAL NHS TRUST,3058538.0,31,0
Shropshire Community Health NHS Trust,TELFORD WREKIN COUNCIL,3055397.82,1577,0
Whittington Hospital NHS Trust,NHS BLOOD TRANSPLANT,3049901.69,32,0
Department of Health and Social Care,POOLE BOROUGH OF,3042648.0,16,0
Department for Energy Security and Net Zero,CAMBRIDGE CITY COUNCIL,3004682.41,12,0
UK Shared Business Services,UKRI ENGINEERING PHYSICAL SCIENCES RESEARCH COUNCIL,3002352.54,39,0
Department for Work and Pensions,WARWICKSHIRE COUNTY COUNCIL,3001970.0,19,0
Department for Work and Pensions,CEREDIGION COUNTY COUNCIL,3001186.0,87,0
Department for Work and Pensions,THREE RIVERS DISTRICT COUNCIL,2995555.0,89,0
"Ministry of Housing, Communities and Local Government",LONDON BOROUGH OF BEXLEY,2990047.83,38,0
Foreign and Commonwealth Office,METROPOLITAN POLICE AUTHORITY,2988784.87,8,0
Department for Work and Pensions,MID DEVON DISTRICT COUNCIL,2987051.0,88,0
Department of Health and Social Care,BARTS HEALTH NHS TRU,2985550.0,4,0
Portsmouth Hospital NHS Trust,NHS PROVIDER LOANS,2984000.0,1,0
Home Office,WEST MIDLANDS POLICE,2982921.33,27,0
"Ministry of Housing, Communities and Local Government",MEDWAY COUNCIL RSG,2978322.89,2,0
Department for Work and Pensions,BASILDON THURROCK UNIVERSITY HOSPITALS NHS FOUNDATION TRUST,2972214.0,29,0
Ministry of Defence,TAUNTON DEANE BOROUGH COUNCIL,2952342.17,39,0
Home Office,THAMES VALLEY POLICE AUTHORITY,2950477.75,37,0
Home Office,LONDON BOROUGH OF LEWISHAM 1 G,2939062.45,27,0
National Offender Management Service,CITY OF WESTMINSTER,2935206.63,4,0
Department for International Development,SOUTH LANARKSHIRE COUNCIL,2930364.0,13,0
Home Office,CITY OF BRADFORD METROPOLITAN DISTRICT COUNCIL G,2924628.13,34,0
Department of Health and Social Care,ROYAL NATIONAL HOSPITAL FOR RHEUMATIC DISEASES NHS FOUNDATION TRUST,2922452.0,17,0
Department for Education,CHIEF CONSTABLE OF THAMES VALLEY POLICE,2915537.59,42,0
Ministry of Defence,SEVENOAKS DISTRICT COUNCIL,2912984.98,66,0
The Pennine Acute Hospitals NHS Trust,NHS BUSINESS SERVICES AUTHORITY,2910301.9,220,0
NHS Thames Valley ICB,BARTS HEALTH NHS TRUST,2905378.49,13,0
"Ministry of Housing, Communities and Local Government",CHESTER CITY COUNCIL,2905354.17,36,0
Department for Work and Pensions,KNOWSLEY MET BOROUGH COUNCIL,2905144.0,1,0
Ministry of Justice,HAMPSHIRE COUNTY COUNCIL,2891727.05,9,0
Ministry of Defence,FYLDE BOROUGH COUNCIL,2891520.0,68,0
Department for Work and Pensions,CLACKMANNANSHIRE COUNCIL,2890888.0,91,0
HM Revenue and Customs,LONDON BOROUGH OF LAMBETH POLAR,2888644.75,6,0
"Department for Science, Innovation and Technology",DORSET COUNCIL,2886534.53,7,0
Rushmoor Borough Council,KENT COUNTY COUNCIL KCS,2883540.94,1594,0
Department for Work and Pensions,COTSWOLD DISTRICT COUNCIL,2882973.0,88,0
"Ministry of Housing, Communities and Local Government",NORTHANTS FIRE RESCUE SERVICE,2882404.53,23,0
HM Revenue and Customs,CORNWALL COUNCIL,2870051.8,34,0
Department for Education,BEDFORDSHIRE PENSION FUND,2869748.31,1,0
Coventry and Warwickshire Partnership NHS Trust,WARWICKSHIRE COUNTY COUNCIL,2867060.72,40,0
Department for Work and Pensions,BABERGH DISTRICT COUNCIL,2864792.0,87,0
HM Revenue and Customs,DEPARTMENT FOR EDUCATION,2864573.88,19,0
Whittington Hospital NHS Trust,MINISTRY OF JUSTICE,2863580.22,37,0
Blaby District Council,HINCKLEY BOSWORTH COUNCIL,2862563.91,305,0
Department for Work and Pensions,EAST NORTHANTS DISTRICT COUNCIL,2856894.0,86,0
Department for Work and Pensions,DERBYSHIRE DALES DISTRICT COUNCIL,2853928.0,88,0
Department for Work and Pensions,SURREY HEATH BOROUGH COUNCIL,2848174.0,89,0
Ministry of Defence,MAIDSTONE BOROUGH COUNCIL,2843682.06,63,0
"Ministry of Housing, Communities and Local Government",ARUN DISTRICT COUNCIL,2843520.8,25,0
HM Revenue and Customs,HM LAND REGISTRY,2840752.82,50,0
HM Revenue and Customs,DURHAM COUNTY COUNCIL,2837515.63,33,0
Department for Work and Pensions,FAREHAM BOROUGH COUNCIL,2837201.0,87,0
Department for Work and Pensions,SOUTH LAKELAND DISTRICT COUNCIL,2831921.0,87,0
NHS East and North Hertfordshire CCG,NHS WEST ESSEX CCG,2823898.17,55,0
Department for Work and Pensions,CHELSEA WESTMINSTER HOSPITAL NHS FOUNDATION TRUST,2823283.0,34,0
Home Office,MOJ MINISTRY OF JUSTICE,2821835.62,10,0
HM Revenue and Customs,BOURNEMOUTH BOROUGH COUNCIL,2820407.64,36,0
Ministry of Justice,ROYAL BOROUGH OF KINGSTON UPON THAMES,2818728.8,32,0
Home Office,LONDON BOROUGH OF HACKNEY G,2816666.78,43,0
Department for Work and Pensions,TORRIDGE DISTRICT COUNCIL,2814792.0,86,0
HM Revenue and Customs,SUNDERLAND CITY COUNCIL,2805424.0,28,0
HM Revenue and Customs,CITY OF LONDON ND RATES POLAR,2800321.25,26,0
Department for Work and Pensions,WRIGHTINGTON WIGAN LEIGH NHS TRUST FAO H OCKWELL,2786530.0,30,0
Department for Work and Pensions,MINISTRY OF DEFENCE,2782815.76,13,0
Department for Work and Pensions,NORTH WEST AMBULANCE SERVICE NHS TRUST,2776617.0,31,0
"Ministry of Housing, Communities and Local Government",NORTHUMBERLAND FIRE RESCUE SERVIC,2768021.61,9,0
Department for Work and Pensions,RUNNYMEDE BOROUGH COUNCIL,2764953.0,87,0
Department for Work and Pensions,YORK TEACHING HOSPITAL NHS FT,2759449.0,29,0
Department for Work and Pensions,NORTH WEST ANGLIA NHS FOUNDATION TRUST,2741790.0,30,0
National Institute for Health and Care Excellence,MANCHESTER CITY COUNCIL,2740800.0,9,0
"Ministry of Housing, Communities and Local Government",NORTHUMBRIA POLICE AUTH RSG,2738563.0,25,0
Department for Work and Pensions,DEPARTMENT FOR COMMUNITIES LOCAL GOVERNMENT,2735813.0,8,0
Department for Work and Pensions,EAST CAMBRIDGESHIRE DISTRICT COUNCIL,2734988.0,86,0
National Offender Management Service,SEFTON METROPOLITAN BOROUGH COUNCIL,2720368.54,3,0
Department for Work and Pensions,TEWKESBURY BOROUGH COUNCIL,2716687.0,86,0
Isle of Wight NHS Trust,DEPARTMENT OF HEALTH,2710000.0,1,0
"Ministry of Housing, Communities and Local Government",TYNE WEAR FIRE RESCUE SERVICE,2705351.5,24,0
Department for Work and Pensions,SOUTH DERBYSHIRE DISTRICT COUNCIL,2702414.0,87,0
Ministry of Justice,MIDDLESBROUGH COUNCIL,2701980.65,60,0
Department for Work and Pensions,RUSHCLIFFE BOROUGH COUNCIL,2700376.0,87,0
Transport for Greater Manchester,POLICE CRIME COMMISSIONER GTR MCR,2699068.78,131,0
"Ministry of Housing, Communities and Local Government",LONDON BOROUGH OF BROMLEY,2693873.0,12,0
Department for Work and Pensions,FYLDE BOROUGH COUNCIL,2690553.0,87,0
Department for Work and Pensions,CITY OF LINCOLN COUNCIL,2690365.0,19,0
"Ministry of Housing, Communities and Local Government",ARTS COUNCIL ENGLAND NORTH EAST,2688798.35,15,0
Department for Work and Pensions,HAMBLETON DISTRICT COUNCIL,2684911.0,87,0
Royal Borough of Greenwich,NHS PROPERTY SERVICES,2682584.0,2,0
Department for Work and Pensions,COMPANIES HOUSE,2676838.92,28,0
UK Sport,LONDON BOROUGH OF CAMDEN,2674766.3,16,0
Department for Education,SOUTHERN HEALTH NHS FOUNDATION TRUST,2674276.5,12,0
Department of Health and Social Care,GREATER MANCHESTER COMBINED AUTHORITY,2671345.0,5,0
Department for Energy Security and Net Zero,WESTMORLAND FURNESS COUNCIL,2666963.62,11,0
"Ministry of Housing, Communities and Local Government",CO DURHAM DARLINGTON FIRE RESCUE,2666962.31,28,0
Isle of Wight NHS Trust,SOUTH CENTRAL AMBULANCE SERVICE NHS FOUNDATION TRUST,2666803.27,42,0
Department for Work and Pensions,LEWISHAM GREENWICH NHS TRUST,2661922.0,30,0
Cabinet Office,ECONOMIC SOCIAL RESEARCH COUNCIL,2658000.0,9,0
"Ministry of Housing, Communities and Local Government",CITY OF YORK COUNCIL,2656461.31,22,0
Department for International Development,CABINET OFFICE RM SHARED SERVICES,2652414.22,58,0
NHS East and North Hertfordshire CCG,LONDON NORTH WEST HEALTHCARE NHS TRUST,2652316.4,43,0
Pennine Care NHS Foundation Trust,NHS PROPERTY SERVICES,2647219.47,60,0
Department for Work and Pensions,NHS GREATER GLASGOW CLYDE,2645022.0,19,0
"Department for Science, Innovation and Technology",HIGHER EDUCATION FUNDING COUNCIL FOR WALES,2637248.0,2,0
Department for Work and Pensions,SOMERSET COUNTY COUNCIL,2633392.0,17,0
Department for Work and Pensions,LONDON AMBULANCE SERVICE NHS TRUST,2625114.0,27,0
Home Office,LONDON BOROUGH OF REDBRIDGE G,2623817.08,42,0
National Offender Management Service,INLAND REVENUE ACCOUNTS OFFICE,2620000.0,2,0
NHS Thames Valley ICB,GREAT ORMOND STREET HOSPITAL FOR CHILDREN NHS FOUNDATION TRUST,2616562.47,9,0
Foreign and Commonwealth Office,NERC NATURAL ENVIRONMENT RESEARCH COUNCIL,2611713.33,7,0
Coventry and Warwickshire Partnership NHS Trust,MWL TEACHING HOSPITALS NHS TRUST,2610613.68,49,0
Ministry of Defence,SOUTH HAMS DISTRICT COUNCIL,2610240.88,8,0
Department for Work and Pensions,DAVENTRY DISTRICT COUNCIL,2603614.0,93,0
"Foreign, Commonwealth and Development Office (FCDO)",OFFICE FOR NATIONAL STATISTICS,2602274.18,5,0
Portsmouth Hospital NHS Trust,DEPARTMENT OF HEALTH,2595000.0,1,0
Department for Work and Pensions,SHREWSBURY TELFORD HOSPITAL NHS TRUST,2592143.0,31,0
Former council of North Yorkshire,DEPARTMENT OF HEALTH SOCIAL CARE,2591855.92,5,0
Home Office,THURROCK COUNCIL 1 G,2588845.52,32,0
Department for Work and Pensions,PETERBOROUGH CITY COUNCIL HB,2587357.0,25,0
NHS East and North Hertfordshire CCG,LUTON DUNSTABLE HOSPITAL NHS FOUNDATION TRUST,2586315.91,14,0
Home Office,SCOTTISH POLICE AUTHORITY,2584313.05,64,0
Department for Work and Pensions,SALISBURY HEALTHCARE NHS TRUST,2584163.0,24,0
Ministry of Defence,SOUTH KESTEVEN DISTRICT COUNCIL,2582578.28,8,0
National Offender Management Service,EAST SUSSEX COUNTY COUNCIL,2582348.43,19,0
Department for Work and Pensions,WIRRAL PCT,2580558.0,6,0
Bristol City Council,SOMERSET COUNTY COUNCIL,2579856.88,108,0
Milton Keynes Hospital NHS Foundation Trust,LUTON DUNSTABLE HOSPITAL NHS FOUNDATION TRUST,2574352.54,34,0
Home Office,POLICE CRIME COMMISSIONER FOR SURREY,2572244.69,77,0
Department of Health and Social Care,SOUTH WEST YORKSHIRE PARTNERSHIP NHS FOUNDATION TRUST,2564224.26,30,0
Department for Work and Pensions,ROYAL WOLVERHAMPTON HOSPTALS NHS TRUST,2564016.0,29,0
Home Office,DEPARTMENT OF ENERGY CLIMATE CHANGE,2560952.36,17,0
Whittington Hospital NHS Trust,DEPARTMENT OF HEALTH,2560000.0,2,0
Home Office,POLICE CRIME COMMISSIONER FOR SOUTH YORKSHIRE,2553948.16,59,0
Cabinet Office,MANCHESTER CITY COUNCIL,2549880.77,11,0
Department of Health and Social Care,CHESHIRE WIRRAL PARTNERSHIP NHS FOUNDATION TRUST,2545635.15,27,0
Home Office,HER MAJESTY S COURT SERVICE G,2544830.8,1,0
Home Office,LEICESTER CITY COUNCIL 1 G,2539043.85,17,0
Department for Work and Pensions,NORTH CENTRAL LONDON INTEGRATED CARE BOARD,2535938.0,5,0
Department of Health and Social Care,FRIMLEY HEALTH NHS F,2534000.0,4,0
Home Office,OFFICE OF THE POLICE CRIME COMMISSIONER FOR NORTHUMBRIA,2531985.55,41,0
Ministry of Defence,NHS BUSINESS SERVICES AUTHORITY,2530105.78,68,0
HM Revenue and Customs,EPPING FOREST DISTRICT COUNCIL,2529092.95,40,0
United Lincolnshire Hospitals NHS Trust,NHS LINCOLNSHIRE CCG,2528634.24,15,0
NHS East and North Hertfordshire CCG,GREAT ORMOND STREET HOSPITAL FOR CHILDREN NHS FOUNDATION TRUST,2528480.12,38,0
Department for Work and Pensions,SELBY DISTRICT COUNCIL,2527602.0,85,0
Department for Work and Pensions,EAST DORSET DISTRICT COUNCIL,2527252.0,86,0
"Ministry of Housing, Communities and Local Government",HIGHWAYS ENGLAND,2516022.39,2,0
Salisbury NHS Foundation Trust,NHS LITIGATION,2515684.0,6,0
National Offender Management Service,HMRC VAT PAYMENT,2511090.98,3,0
Portsmouth Hospital NHS Trust,SOLENT NHS TRUST,2510221.65,76,0
Ministry of Defence,EAST DORSET DISTRICT COUNCIL,2509682.64,7,0
Milton Keynes Hospital NHS Foundation Trust,OXFORD UNIVERSITY HOSPITALS NHS TRUST,2505872.75,75,0
"Foreign, Commonwealth and Development Office (FCDO)",WESTMINSTER CITY COUNCIL,2504390.0,21,0
Department for International Development,HUMAN SCIENCES RESEARCH COUNCIL,2500000.0,4,0
Department for Work and Pensions,MALVERN HILLS DISTRICT COUNCIL,2494835.0,87,0
Department for Work and Pensions,SOUTH TYNESIDE BOROUGH COUNCIL,2492899.0,36,0
Home Office,MILTON KEYNES COUNCIL 1 G,2487327.72,34,0
Ministry of Justice,CARDIFF COUNTY COUNCIL,2486756.95,54,0
Home Office,LAMBETH PCT G,2485273.7,8,0
Department for Work and Pensions,MID SUFFOLK DISTRICT COUNCIL,2482598.0,86,0
Ministry of Justice,HMCTS,2475000.0,1,0
Coventry and Warwickshire Partnership NHS Trust,ST HELENS KNOWSLEY T HOSPITAL NHS TRUST,2474709.8,38,0
Ministry of Defence,BATH N E SOMERSET COUNCIL,2474482.01,6,0
Department for Education,WEST MIDLANDS AMBULANCE SERVICE NHS FOUNDATION,2472692.0,2,0
"Department for Digital, Culture, Media and Sport",NORFOLK COUNTY COUNCIL,2467650.0,2,0
Home Office,LONDON BOROUGH OF RICHMOND UPON THAMES G,2467182.51,46,0
Home Office,LONDON BOROUGH OF GREENWICH 1 G,2464963.73,29,0
"Foreign, Commonwealth and Development Office (FCDO)",US DEPARTMENT OF STATE,2463988.37,13,0
Department for Work and Pensions,INVERCLYDE COUNCIL,2457329.17,34,0
Department for Work and Pensions,UNIVERSITY HOSPITALS OF DERBY BURTON NHS FOUNDATION TRUST,2451851.0,15,0
Department for Work and Pensions,NORTH EAST LINCOLN COUNCIL,2450026.0,22,0
Ministry of Defence,CANTERBURY CITY COUNCIL,2448737.14,59,0
Department for Work and Pensions,BLABY DISTRICT COUNCIL,2446045.0,86,0
Home Office,LONDON BOROUGH OF MERTON 2 G,2440364.82,50,0
Department for Education,CABINET OFFICE RM SHARED SERVICES,2432476.18,10,0
Department of Health and Social Care,NORFOLK COMMUNITY HEALTH CARE NHS TRUST RY3,2429876.78,22,0
Department for Work and Pensions,BROMSGROVE DISTRICT COUNCIL,2422630.0,86,0
The Pennine Acute Hospitals NHS Trust,BURY COUNCIL,2422471.37,42,0
Department for Work and Pensions,HULL EAST YORKSHIRE HOSPITALS NHS TRUST,2420561.0,14,0
NHS Thames Valley ICB,ST GEORGES UNIVERSITY HOSPITALS NHS FOUNDATION TRUST,2419811.49,9,0
Department for Work and Pensions,ADUR DISTRICT COUNCIL,2418778.0,87,0
Home Office,GREATER MANCHESTER POLICE,2418603.96,29,0
Maidstone and Tunbridge Wells NHS Trust,NHS SHARED BUSINESS SERVICES,2415969.94,77,0
Department for Work and Pensions,MOLE VALLEY DISTRICT COUNCIL,2414063.0,88,0
Department for Work and Pensions,CHILTERN DISTRICT COUNCIL,2410854.0,86,0
Department for Work and Pensions,ROCHFORD DISTRICT COUNCIL,2406400.0,87,0
The Pennine Acute Hospitals NHS Trust,MANCHESTER PCT COMMISSIONING,2406069.43,10,0
Tate,CITY OF WESTMINSTER DD ONLY,2405480.0,7,0
Ministry of Defence,HERTSMERE BOROUGH COUNCIL,2404744.85,61,0
"Foreign, Commonwealth and Development Office (FCDO)",MINISTRY OF DEFENCE,2397584.78,10,0
Home Office,SALFORD CITY COUNCIL G,2396395.07,32,0
Department of Health and Social Care,NHS NORFOLK WAVENEY CCG,2395803.87,41,0
Natural History Museum,ROYAL BOROUGH OF KENSINGTON CHELSE,2395726.86,32,0
Isle of Wight NHS Trust,OXFORD HEALTH NHS FOUNDATION TRUST,2392556.54,295,0
Department for Work and Pensions,EAST SUSSEX COUNTY COUNCIL,2386880.0,5,0
"Foreign, Commonwealth and Development Office (FCDO)",MILTON KEYNES COUNCIL,2383058.41,20,0
Department for Work and Pensions,NORTH WARWICKSHIRE DISTRICT COUNCIL,2382658.0,90,0
Former district of Harrogate,NORTH YORKSHIRE COUNCIL,2380768.44,63,0
Department for Work and Pensions,CENTRAL BEDFORDSHIRE COUNCIL,2376189.8,13,0
Department for Work and Pensions,WALSALL METROPOLITAN BOROUGH COUNCIL,2371299.0,19,0
Department for Work and Pensions,TANDRIDGE DISTRICT COUNCIL,2371138.0,87,0
Home Office,NOTTINGHAMSHIRE COUNTY TEACHING PCT G,2370881.16,8,0
Cabinet Office,BIRMINGHAM CITY COUNCIL,2366871.19,12,0
Department for Work and Pensions,NORTHERN LINCOLNSHIRE GOOLE NHS FOUNDATION TRUST,2365314.0,29,0
National Offender Management Service,HANTS COUNTY COUNCIL PENSIONS,2365215.3,8,0
Shropshire Community Health NHS Trust,MINISTRY OF JUSTICE,2363367.18,195,0
Milton Keynes Hospital NHS Foundation Trust,BUCKINGHAMSHIRE HOSPITALS NHS TRUST,2363295.57,38,0
Department of Health and Social Care,NHS GREATER GLASGOW CLYDE,2362546.86,48,0
National Offender Management Service,DURHAM COUNTY COUNCIL,2361000.72,47,0
Former council of North Yorkshire,YORK SCARBOROUGH TEACHING HOSPITALS NHS FOUNDATION TRUST,2356354.33,28,0
Department for Work and Pensions,NHS LANARKSHIRE,2354831.17,18,0
Department for Work and Pensions,FOREST HEATH DISTRICT COUNCIL,2353007.0,86,0
Ministry of Justice,HOME OFFICE 10998051099804,2346000.0,1,0
Department for Work and Pensions,MID ESSEX HOSPITALS TRUST,2339816.0,32,0
Department for Work and Pensions,BOLTON HOSPITALS NHS TRUST,2337075.0,27,0
National Offender Management Service,MINISTRY OF JUSTICE NOMS,2335771.87,16,0
Home Office,ISLE OF WIGHT COUNCIL 1 G,2334126.96,15,0
East Sussex Healthcare NHS Trust,SUSSEX PARTNERSHIP NHS FOUNDATION TRUST,2332795.64,45,0
Department for Work and Pensions,WARRINGTON HALTON HOSPITALS NHS FOUNDATION TRUST,2330817.0,27,0
Home Office,MILTON KEYNES COUNCIL G,2330285.0,19,0
National Offender Management Service,LONDON PENSION FUND AUTHORITY,2329609.79,36,0
Department for Work and Pensions,NHS BLACKBURN WITH DARWEN,2329223.35,6,0
Shropshire Community Health NHS Trust,NHS RESOLUTION,2328912.1,255,0
Home Office,CITY OF WAKEFIELD METROPOLITAN DISTRICT COUNCIL G,2327958.53,47,0
Milton Keynes Hospital NHS Foundation Trust,CENTRAL NORTH WEST LONDON NHS FOUNDATION TRUST,2320725.98,65,0
NHS Norfolk and Suffolk ICB - 25k Expenditure Report,GREAT ORMOND STREET HOSPITAL FOR CHILDREN NHS FOUNDATION TRUST,2314281.87,6,0
HM Revenue and Customs,SOLIHULL MBC,2314148.87,38,0
Bristol City Council,NORTH BRISTOL NHS TRUST RVJ,2295401.68,323,0
Department for Work and Pensions,EAST RENFREWSHIRE COUNCIL,2292183.0,86,0
United Lincolnshire Hospitals NHS Trust,LINCOLNSHIRE COUNTY COUNCIL,2288725.42,32,0
Home Office,LONDON BOROUGH OF BEXLEY G,2281700.89,36,0
Cabinet Office,LONDON BOROUGH OF LAMBETH,2277218.44,7,0
Department for Work and Pensions,WOKINGHAM DISTRICT COUNCIL,2270541.0,53,0
Department for Work and Pensions,OXFORDSHIRE COUNTY COUNCIL,2266918.25,15,0
Department for Work and Pensions,BRIGHTON HOVE CITY COUNCIL,2264917.25,31,0
Department for Work and Pensions,NORTH DORSET DISTRICT COUNCIL,2263403.0,90,0
Home Office,CITY OF EDINBURGH THE G,2261673.98,23,0
Ministry of Justice,LONDON BOROUGH OF HOUNSLOW,2261176.08,37,0
Shropshire Community Health NHS Trust,TELFORD WREKIN PCT,2259723.81,67,0
Ministry of Justice,LONDON BOROUGH OF BRENT,2259099.77,41,0
HM Revenue and Customs,DEPARTMENT OF ENERGY CLIMATE,2256288.6,1,0
Department for Work and Pensions,FIRMLEY HEALTH NHS FOUNDATION TRUST,2254533.0,20,0
Ministry of Defence,GUY S ST THOMAS NHS TRUST,2252189.83,10,0
Department of Health and Social Care,MERSEY CARE NHS TRUST,2251700.97,9,0
Department for Work and Pensions,HMRC ACCOUNTS RECEIVABLE,2251178.0,10,0
Royal Borough of Greenwich,LONDON BOROUGH OF SOUTHWARK,2245096.11,51,0
"Foreign, Commonwealth and Development Office (FCDO)",POPULATION COUNCIL,2241602.27,18,0
Department for Work and Pensions,WESTERN SUSSEX HOSPITALS NHS FOUNDATION TRUST,2241559.0,31,0
Department for Energy Security and Net Zero,LONDON BOROUGH OF CAMDEN,2231242.76,9,0
Department for Work and Pensions,NORTHUMBERLAND NHS CARE TRUST,2230529.0,6,0
NHS East and North Hertfordshire CCG,ROYAL BROMPTON HAREFIELD NHS FOUNDATION TRUST,2228088.45,31,0
Department for Work and Pensions,GLOUCESTERSHIRE COUNTY COUNCIL,2226022.0,5,0
Home Office,BRITISH TRANSPORT POLICE AUTHORITY G,2223188.69,28,0
Royal Borough of Greenwich,LONDON BOROUGH OF BEXLEY,2221929.85,37,0
Cabinet Office,LONDON BOROUGH OF CAMDEN,2216997.02,13,0
Coventry and Warwickshire Partnership NHS Trust,SOUTH WARWICKSHIRE NHS FOUNDATION TRUST,2212517.01,58,0
Department of Health and Social Care,CAMBRIDGESHIRE COMMUNITY SERVICES NHS TRUST,2212142.58,29,0
HM Revenue and Customs,WOKING BOROUGH COUNCIL,2211426.6,38,0
"Ministry of Housing, Communities and Local Government",MANSFIELD DISTRICT COUNCIL,2208149.94,79,0
NHS Norfolk and Suffolk ICB - 25k Expenditure Report,GUYS ST THOMAS HOSPITAL NHS FOUNDATION TRUST,2203692.78,6,0
Home Office,READING BOROUGH COUNCIL 1 G,2202264.89,17,0
The Pennine Acute Hospitals NHS Trust,NHS PENSIONS,2198169.37,43,0
Ministry of Justice,LONDON BOROUGH OF GREENWICH,2196943.36,31,0
Home Office,LONDON BOROUGH OF REDBRIDGE 1 G,2187919.06,29,0
Ministry of Defence,US DEPARTMENT OF DEFENSE,2185535.83,12,0
NHS Business Services Authority,WYRE BOROUGH COUNCIL,2174955.0,6,0
Department of Health and Social Care,DEPARTMENT FOR ENVIRONMENT FOOD RURAL AFFAIRS DEFRA,2167857.36,2,0
Plymouth City Council,DEVON COUNTY COUNCIL,2163864.18,33,0
Department of Health and Social Care,DERBYSHIRE COMMUNITY HEALTH SERVICES NHS TRUST,2161000.0,1,0
Department of Health and Social Care,WELSH AMBULANCE SERVICES NHS TRUST,2155600.0,1,0
Department for Education,DEPARTMENT FOR BUSINESS INNOVATION SKILLS NEWPORT,2152314.83,22,0
Department for Work and Pensions,NORTH YORKSHIRE COUNTY COUNCIL,2152094.0,11,0
NHS Thames Valley ICB,WEST BERKSHIRE DISTRICT COUNCIL,2150595.65,8,0
Home Office,LUTON BOROUGH COUNCIL G,2146126.4,42,0
Department for Work and Pensions,WORCESTERSHIRE NHS TRUST,2144936.0,27,0
Department for Work and Pensions,BRENTWOOD DISTRICT COUNCIL,2144642.0,87,0
Department for International Development,DEPARTMENT OF FOREIGN AFFAIRS TRADE OF AUSTRALIA,2144135.84,5,0
Ministry of Defence,BRAINTREE DISTRICT COUNCIL,2140247.79,11,0
Portsmouth Hospital NHS Trust,NHS HAMPSHIRE ISLE OF WIGHT INTEGRATED CARE BOARD,2139198.5,18,0
Department for Energy Security and Net Zero,THANET DISTRICT COUNCIL,2138406.88,8,0
Department of Health and Social Care,PRESTON CITY COUNCIL,2134064.91,5,0
Department of Health and Social Care,DEPARTMENT FOR INTERNATIONAL TRADE,2133080.22,10,0
Department for Work and Pensions,HALTON BOROUGH COUNCIL HB,2131371.0,17,0
Department for Work and Pensions,EPSOM EWELL BOROUGH COUNCIL,2127269.0,87,0
National Offender Management Service,SWALE BOROUGH COUNCIL,2126582.99,49,0
Department for Work and Pensions,AYRSHIRE ARRAN NHS,2125386.0,27,0
Department for Work and Pensions,NORTHAMPTON GENERAL HOSP TL NHS TRUST,2123308.0,28,0
NHS Thames Valley ICB,BUCKINGHAMSHIRE COUNCIL,2123263.51,49,0
Home Office,HOME OFFICE PAY SUPER N SERV,2122089.57,14,1
Portsmouth Hospital NHS Trust,ISLE OF WIGHT NHS TRUST,2121428.41,83,0
Department for Work and Pensions,DUDLEY GROUP NHS FOUNDATION TRUST,2118758.0,27,0
NHS Norfolk and Suffolk ICB - 25k Expenditure Report,CAMBRIDGESHIRE PETERBOROUGH NHS FOUNDATION TRUST,2117619.39,8,0
Department for Work and Pensions,WIRRAL UNIVERSITY HOSPITAL NHS FOUNDATION TRUST,2117279.0,29,0
Department for Energy Security and Net Zero,STOCKPORT METROPOLITAN BOROUGH COUNCIL,2117255.4,2,0
Ministry of Justice,SOUTHAMPTON CITY COUNCIL,2116486.01,60,0
Department for International Development,HOME OFFICE,2114897.29,24,0
Department for Work and Pensions,SOUTH WEST LONDON ST GEORGES NHS TRUST,2109439.12,97,0
"Department for Digital, Culture, Media and Sport",SOMERSET COUNTY COUNCIL,2104742.0,2,0
Department for Energy Security and Net Zero,WESTMINSTER CITY COUNCIL,2097770.0,9,0
Department for Work and Pensions,GLOS HOSPITALS NHS TRUST,2095852.0,26,0
Department for Work and Pensions,GREAT WESTERN HOSPITALS NHS FOUNDATION TRUST,2090652.0,30,0
Department for Work and Pensions,PORTSMOUTH HOSPITALS NHS TRUST,2089178.0,28,0
"Department for Environment, Food and Rural Affairs",DEPARTMENT FOR COMMUNITIES LOCAL GOVERNMENT,2083811.97,1,0
National Offender Management Service,CHORLEY BOROUGH COUNCIL,2080861.48,53,0
Department for Work and Pensions,MALDON DISTRICT COUNCIL,2080856.19,87,0
Home Office,SURREY POLICE AUTHORITY,2079609.54,41,0
Home Office,TAMESIDE MBC G,2079151.74,23,0
Pennine Care NHS Foundation Trust,STOCKPORT METROPOLITAN BOROUGH COUNCIL,2075686.98,22,0
The Pennine Acute Hospitals NHS Trust,ST1450 NHS SUPPLY CHAIN CAPITAL ORDERS,2075192.17,13,0
Ministry of Defence,BABERGH DISTRICT COUNCIL,2065159.19,62,0
Home Office,ENVIRONMENT AGENCY G,2059739.61,23,0
Home Office,SANDWELL METROPOLITAN BOROUGH COUNCIL G,2053817.97,29,0
National Offender Management Service,LIVERPOOL CITY COUNCIL,2051621.65,48,0
Department for Work and Pensions,DEPARTMENT OF TRANSPORT,2049725.02,2,0
NHS Thames Valley ICB,NHS PROPERTY SERVICES,2049594.34,37,0
Coventry and Warwickshire Partnership NHS Trust,WEST MIDLANDS AMBULANCE SERVICE NHS TRUST,2047170.33,24,0
Cabinet Office,BROADLAND DISTRICT COUNCIL,2045959.0,7,0
Home Office,PETERBOROUGH CITY COUNCIL G,2041571.29,32,0
Royal Borough of Greenwich,HM REVENUES CUSTOMS,2040190.29,21,0
HM Revenue and Customs,SPELTHORNE BOROUGH COUNCIL,2037340.2,23,0
Department for Work and Pensions,BOROUGH OF TELFORD WREKIN,2036870.0,22,0
Home Office,PORTSMOUTH CITY COUNCIL G,2035999.16,23,0
Ministry of Justice,CHELMSFORD BOROUGH COUNCIL,2031517.6,71,0
"Ministry of Housing, Communities and Local Government",NORWICH CITY COUNCIL,2016930.51,31,0
Former council of North Yorkshire,HAMBLETON DISTRICT COUNCIL,2015181.3,96,0
Department of Health and Social Care,LIVERPOOL HEART CHEST NHS FOUNDATION TRUST,2014280.0,13,0
Home Office,LONDON BOROUGH OF WANDSWORTH G,2010326.14,41,0
Department for Work and Pensions,NORTHUMBRIA HEALTHCARE NHS TRUST,2008267.0,29,0
Ministry of Defence,ROYAL BOROUGH OF KINGSTON UPON THAMES,2007905.02,62,0
East Sussex Healthcare NHS Trust,NHS EAST SUSSEX CCG,2005306.77,14,0
Cabinet Office,DEPARTMENT FOR BUSINESS INNOVATION SKILLS,2004743.96,22,0
Department for Work and Pensions,COVENTRY CITY COUNCIL AMBITION COVENTRY,2000675.83,9,0
Ministry of Defence,BIOTECHNOLOGY BIO SCI RES COUNCIL,2000000.0,3,0
Department for International Development,DEPARTMENT OF EDUCATION,2000000.0,1,0
Department for Education,HM TREASURY CONTINGENCIES FUND,2000000.0,2,0
Home Office,POLICE CRIME COMMISSIONER FOR CHESHIRE,1999814.35,54,0
Department for Work and Pensions,WEST DEVON BOROUGH COUNCIL,1995875.0,87,0
Home Office,DEPARTMENT OF HEALTH NI G,1993680.0,9,0
NHS Norfolk and Suffolk ICB - 25k Expenditure Report,QUEEN ELIZABETH HOSPITAL KINGS LYNN NHS FOUNDATION TRUST,1992896.99,5,0
Home Office,POLICE CRIME COMMISSIONER FOR SOUTH WALES POLICE,1992649.18,37,0
Ministry of Justice,NEWCASTLE UPON TYNE CITY COUNCIL,1989451.05,31,0
"Ministry of Housing, Communities and Local Government",NORTH EAST LINCOLNSHIRE COUNCIL,1985879.54,35,0
HM Revenue and Customs,LONDON BOROUGH OF CAMDEN POLAR,1981528.63,33,0
Department for Work and Pensions,HARBOROUGH DISTRICT COUNCIL,1980244.0,88,0
National Institute for Health and Care Excellence,CITY OF WESTMINSTER,1976218.31,6,0
Home Office,LONDON BOROUGH OF HACKNEY 1,1965866.46,10,0
Department for Work and Pensions,HARTLEPOOL PRIMARY CARE TRUST,1965764.49,6,0
Department for Work and Pensions,UTTLESFORD DISTRICT COUNCIL,1965690.0,87,0
South Central Ambulance Service NHS Foundation Trust,BERKSHIRE HEALTHCARE NHS FOUNDATION TRUST,1964837.1,38,0
Home Office,POLICE CRIME COMMISSIONER FOR DERBYSHIRE,1962751.86,38,0
NHS Thames Valley ICB,HILLINGDON HOSPITALS NHS FOUNDATION TRUST,1960404.99,6,0
HM Revenue and Customs,SOUTHAMPTON CITY COUNCIL,1957946.58,19,0
Ministry of Defence,STIRLING COUNCIL,1957063.26,9,0
Ministry of Defence,SWINDON BOROUGH COUNCIL,1955580.64,7,0
Department for Work and Pensions,MELTON BOROUGH COUNCIL,1953442.0,95,0
Department for Energy Security and Net Zero,LONDON BOROUGH OF ISLINGTON,1953182.65,12,0
Department for Energy Security and Net Zero,BASILDON BOROUGH COUNCIL,1949009.74,3,0
Department for International Development,HM REVENUE CUSTOMS VAT,1945849.57,18,0
NHS Thames Valley ICB,SLOUGH BOROUGH COUNCIL,1945815.75,4,0
Home Office,HARTLEPOOL COUNCIL G,1945559.43,24,0
Ministry of Defence,DOVER DISTRICT COUNCIL,1942823.88,36,0
Home Office,CABINET OFFICE G,1940821.0,7,0
Department of Health and Social Care,LINCOLNSHIRE COMMUNITY HEALTH SERVICES NHS TRUST RY5,1935703.65,25,0
Ministry of Defence,EDEN DISTRICT COUNCIL,1934132.79,8,0
Portsmouth Hospital NHS Trust,NHS BUSINESS SERVICES AUTHORITY,1932250.74,39,0
Department of Health and Social Care,NHS NOTTINGHAM CITY CCG 04K,1930605.0,28,0
Department for Work and Pensions,DERBY HOSPITALS NHS FOUNDATION TRUST,1927194.0,16,0
Ministry of Defence,STAFFORDSHIRE COUNTY COUNCIL,1926434.75,8,0
Uttlesford District Council,DEPARTMENT FOR LEVELLING UP HOUSING COMMUNITIES DLUHC,1923500.68,3,0
Home Office,OFFICE OF THE POLICE CRIME COMMISSIONER FOR MERSEYSIDE,1923076.1,33,0
Department for Work and Pensions,DEPARTMENT OF BUSINESS ENERGY INDUSTRIAL STRATEGY,1922637.0,2,0
Home Office,NEIGHBOURHOOD HOUSING LEEDS CITY COUNCIL G,1915155.32,5,0
Ministry of Defence,BIRMINGHAM CITY COUNCIL,1914654.78,28,0
Department for Work and Pensions,EAST NORTH HERTS NHS TRUST,1914594.0,27,0
Office of Rail and Road,LONDON BOROUGH OF TOWER HAMLETS,1910656.57,6,0
Department for Work and Pensions,POOLE HOSPITAL NHS TRUST FAO FINANCIAL ACCOUNTS,1907152.0,22,0
Home Office,NEWCASTLE UPON TYNE MDC G,1907066.06,9,0
Department for Energy Security and Net Zero,SOUTH HOLLAND DISTRICT COUNCIL,1906000.0,8,0
East Sussex Healthcare NHS Trust,NHS SHARED BUSINESS SERVICES,1904914.14,48,0
HM Treasury,CABINET OFFICE RM SHARED SERVICES,1903909.79,13,0
Home Office,CAMBRIDGESHIRE POLICE CRIME COMMISSIONER,1902119.01,58,0
Department for Energy Security and Net Zero,UKRI SCIENCE TECHNOLOGY FACILITIES COUNCIL,1900872.77,3,0
Home Office,POLICE CRIME COMMISSIONER FOR NORTH YORKSHIRE,1898411.52,40,0
Bristol City Council,HM PRISON PROBATION SERVICES HMPPS,1897473.0,185,0
Department for Work and Pensions,CITY OF EDINBURGH COUNCIL,1895910.0,33,0
Home Office,LONDON BOROUGH OF BROMLEY G,1892092.38,36,0
Department for Energy Security and Net Zero,PLYMOUTH CITY COUNCIL,1889850.0,5,0
Department for Work and Pensions,SHERWOOD FOREST HOSPITALS NHS FOUNDATION TRUST,1889248.0,27,0
Ministry of Justice,WARWICKSHIRE POLICE CRIME COMMISSIONER,1886073.7,2,0
Department for Work and Pensions,ROTHERHAM NHS FOUNDATION TRUST,1882537.0,27,0
National Offender Management Service,MEDWAY COUNCIL,1881833.27,39,0
Ministry of Justice,KENT COUNTY COUNCIL AE10410098,1881000.0,1,0
HM Revenue and Customs,PETERBOROUGH CITY COUNCIL,1880547.01,52,0
Department for Work and Pensions,BARNSLEY PRIMARY CARE TRUST,1879055.0,3,0
HM Revenue and Customs,SCOTTISH POLICE,1876456.57,20,0
Department for Work and Pensions,TENDERING DISTRICT COUNCIL,1875549.0,37,0
HM Revenue and Customs,FOREIGN COMMONWEALTH,1872998.98,38,0
Department for Work and Pensions,FOREIGN COMMONWEALTH OFFICE,1869936.11,64,0
Department of Health and Social Care,CENTRAL NORTH WEST LONDON MENTAL HEALTH NHS FOUNDATION TRUST,1869018.88,21,0
HM Treasury,HM REVENUE CUSTOMS WORTHING,1867323.37,6,0
Department for Work and Pensions,SOUTHWARK COUNCIL,1865197.2,26,0
Department for Education,CHESHIRE PENSION FUND,1865000.0,1,0
HM Revenue and Customs,HER MAJESTY S COURT SERVICE,1864410.0,30,0
Ministry of Justice,CITY OF LINCOLN COUNCIL,1860874.63,28,0
Department for Work and Pensions,STOCKPORT NHS TRUST,1858335.0,28,0
Department for Education,SOUTH LONDON MAUDSLEY NHS FOUNDATION TRUST,1856322.19,4,0
Department for Work and Pensions,SOUTH NORTHANTS COUNCIL,1856289.0,86,0
Portsmouth Hospital NHS Trust,SOUTHERN HEALTH NHS FOUNDATION TRUST,1855019.73,32,0
Home Office,ROYAL BOROUGH OF GREENWICH G,1854961.68,26,0
Ministry of Defence,WEST DEVON BOROUGH COUNCIL,1853050.9,7,0
Department for Work and Pensions,YORKSHIRE AMBULANCE SERVICE NHS TRUST,1851091.0,27,0
"Ministry of Housing, Communities and Local Government",ENVIRONMENT AGENCY,1849730.65,29,0
Home Office,POLICE CRIME COMMISIONER FOR THAMES VALLEY,1847979.28,25,0
Department for Work and Pensions,LUTON DUNSTABLE UNIVERSITY HOSPITAL NHS FOUNDATION TRUST,1845387.0,27,0
Royal United Hospital Bath NHS Foundation Trust,BATH NORTH EAST SOMERSET COUNCIL,1842157.05,6,0
NHS Norfolk and Suffolk ICB - 25k Expenditure Report,ESSEX COUNTY COUNCIL,1842151.96,10,0
Department for Work and Pensions,HARTLEPOOL EAST DURHAM NHS TRUST,1841990.0,26,0
"Foreign, Commonwealth and Development Office (FCDO)",NATURAL ENVIRONMENT RESEARCH COUNCIL,1841303.25,6,0
Department of Health and Social Care,NHS ARDEN GREATER EAST MIDLANDS COMMISSIONING SUPPORT UNIT,1840220.95,10,0
Home Office,SOUTH YORKSHIRE POLICE,1839515.65,42,0
Department for International Development,MERSEYSIDE FIRE RESCUE AUTHORITY,1837381.3,15,0
"Department for Environment, Food and Rural Affairs",TEIGNBRIDGE DISTRICT COUNCIL,1833474.2,19,0
Department for Energy Security and Net Zero,NORTHUMBERLAND COUNTY COUNCIL,1833356.14,3,0
Home Office,BRITISH TRANSPORT POLICE,1832810.66,38,0
Department for Work and Pensions,MEDWAY NHS TRUST,1823724.0,29,0
Department for Work and Pensions,HILLINGDON HOSPITAL NHS TRUST,1823653.0,26,0
"Department for Science, Innovation and Technology",HM TREASURY,1823526.81,12,0
Home Office,DONCASTER PCT G,1817719.41,8,0
Home Office,KENT POLICE AUTHORITY,1814775.68,8,0
HM Revenue and Customs,LONDON BOROUGH OF HILLINGDON,1812391.13,31,0
Department of Health and Social Care,NHS SHEFFIELD CCG,1812040.37,26,0
HM Revenue and Customs,EXETER CITY COUNCIL,1809721.43,17,0
Ministry of Defence,MOLE VALLEY DISTRICT COUNCIL,1809284.42,8,0
Department for Education,LONDON BOROUGH OF HOUNSLOW,1808656.82,9,0
"Foreign, Commonwealth and Development Office (FCDO)",ECONOMIC SOCIAL RESEARCH COUNCIL,1808439.91,11,0
Department for Work and Pensions,RYEDALE DISTRICT COUNCIL,1808104.0,86,0
Department for Education,LEARNING SKILLS COUNCIL,1807175.86,11,0
Coventry and Warwickshire Partnership NHS Trust,LINCOLNSHIRE PARTNERSHIP NHS FT,1803326.0,23,0
Department for Work and Pensions,BLACKPOOL TEACHING HOSPITALS NHS FOUNDATION TRUST,1800694.0,27,0
Salisbury NHS Foundation Trust,WILTSHIRE PCT,1799548.91,15,0
"Ministry of Housing, Communities and Local Government",BOROUGH OF POOLE,1798926.0,7,0
Department for Education,HM TREASURY GROUP,1798726.59,9,0
Department of Health and Social Care,YORK HOSPITALS NHS FOUNDATION TRUST,1798282.0,3,0
Department for Work and Pensions,RHONDA CYNON TAFF COUNTY BOROUGH COUNCIL,1796598.0,9,0
Ministry of Defence,DUMFRIES GALLOWAY COUNCIL,1796433.15,9,0
HM Revenue and Customs,MEDWAY COUNCIL,1795584.36,28,0
Home Office,WEST BERKSHIRE DISTRICT COUNCIL LA G,1794019.72,26,0
The Pennine Acute Hospitals NHS Trust,CHRISTIE HOSPITAL NHS FT,1786204.47,25,0
Department for Work and Pensions,WEST SOMERSET DISTRICT COUNCIL,1784888.0,86,0
Ministry of Justice,MAIDSTONE BOROUGH COUNCIL,1777195.78,30,0
Department of Health and Social Care,NHS BRADFORD DISTRICTS CCG 02R,1776198.54,25,0
Department for Work and Pensions,WEST MIDLANDS AMBULANCE SERVICE NHS TRUST,1772894.0,27,0
Home Office,OFFICE OF THE POLICE CRIME COMMISSIONER FOR HUMBERSIDE,1766469.49,40,0
"Ministry of Housing, Communities and Local Government",CRAWLEY BOROUGH COUNCIL,1761940.0,29,0
Department for Energy Security and Net Zero,ASHFORD BOROUGH COUNCIL,1757158.92,7,0
Home Office,POLICE CRIME COMMISSIONER FOR LANCASHIRE,1754408.27,45,0
Department for Education,WEST LONDON MENTAL HEALTH NHS TRUST,1751444.0,21,0
Home Office,LONDON BOROUGH OF LEWISHAM G,1750083.54,29,0
Department for Work and Pensions,WEST HERTFORDSHIRE HOSPITAL NHS TRUST,1749332.0,26,0
Home Office,MERSEYSIDE POLICE AUTHORITY,1746397.58,27,0
Department for Work and Pensions,UCL HOSPITALS NHS TRUST,1745110.0,26,0
Home Office,WEST YORKSHIRE POLICE AUTHORITY,1743459.09,21,0
Department for Work and Pensions,FORTH VALLEY NHS,1741860.0,26,0
Royal United Hospital Bath NHS Foundation Trust,NHS BLOOD TRANSPLANT,1731507.2,12,0
HM Revenue and Customs,PLYMOUTH CITY COUNCIL,1730034.23,35,0
Department of Health and Social Care,KERNOW CCG,1726166.0,3,0
Ministry of Justice,MID WEST WALES FIRE RESCUE AUTHORITY,1725889.35,6,0
Shropshire Community Health NHS Trust,HM PRISON PROBATION SERVICE,1725576.52,97,0
Department for Work and Pensions,LLR ICB,1720570.09,5,0
Home Office,CITY OF STOKE ON TRENT G,1717968.3,30,0
Royal Borough of Greenwich,DEPARTMENT OF ENERGY CLIMATE CHANGE,1716990.4,6,0
"Ministry of Housing, Communities and Local Government",ASHFIELD DISTRICT COUNCIL,1708107.34,29,0
Department for Work and Pensions,HART DISTRICT COUNCIL,1707420.0,87,0
"Department for Environment, Food and Rural Affairs",EAST SUSSEX COUNTY COUNCIL,1704995.25,8,0
Ministry of Defence,RUGBY BOROUGH COUNCIL,1704416.14,10,0
Home Office,PORTSMOUTH CITY COUNCIL 2 G,1702353.71,21,0
Shropshire Community Health NHS Trust,ROYAL WOLVERHAMPTON HOSPITALS NHS TRUST,1702219.15,942,0
Department for Energy Security and Net Zero,DEPARTMENT FOR BUSINESS TRADE DBT,1698700.0,5,0
Transport for Greater Manchester,SALFORD CITY COUNCIL,1697695.47,67,0
Pennine Care NHS Foundation Trust,BURY METROPOLITAN BOROUGH COUNCIL,1697480.61,14,0
East Sussex Healthcare NHS Trust,NHS SUSSEX ICB,1696288.26,20,0
Department for Work and Pensions,DARTFORD GRAVESHAM NHS TRUST,1693207.0,28,0
Home Office,DERBYSHIRE POLICE AUTHORITY,1690362.8,23,0
Home Office,OFFICE OF THE POLICE CRIME COMMISSIONER FOR NORFOLK,1687689.07,26,0
Ministry of Defence,NORTH YORKSHIRE COUNTY COUNCIL,1687544.71,20,0
Ministry of Defence,FLINTSHIRE COUNTY COUNCIL,1686862.12,8,0
Department for Work and Pensions,SOUTH BUCKS DISTRICT COUNCIL,1686387.0,86,0
Eden District Council,SOUTH LAKELAND DISTRICT COUNCIL,1683436.31,90,0
Coventry and Warwickshire Partnership NHS Trust,WARWICKSHIRE PCT,1682044.48,30,0
Home Office,POLICE CRIME COMMISSIONER FOR NORTH WALES,1680908.98,31,0
Home Office,WOLVERHAMPTON CITY PCT,1677955.36,6,0
HM Treasury,CABINET OFFICE,1675608.53,20,0
Home Office,COVENTRY PRIMARY CARE TRUST G,1674800.45,10,0
Department for Work and Pensions,EAST SUSSEX HEALTHCARE NHS TRUST,1673855.0,27,0
"Department for Environment, Food and Rural Affairs",DEPT FOR COMMUNITIES LOCAL G,1673431.48,1,0
Ministry of Defence,DEPARTMENT OF ENERGY CLIMATE CHANGE 1,1671233.13,4,0
"Department for Digital, Culture, Media and Sport",THANET DISTRICT COUNCIL,1669377.0,1,0
Department for Work and Pensions,STAFFORDSHIRE COUNTY COUNCIL,1669039.0,7,0
Department for Work and Pensions,MAIDSTONE TUNBRIDGE WELLS NHS TRUST,1664060.0,28,0
Cabinet Office,HM REVENUES CUSTOMS,1663760.1,8,0
NHS Norfolk and Suffolk ICB - 25k Expenditure Report,BARTS HEALTH NHS TRUST,1661586.45,6,0
Department for Work and Pensions,CRAVEN DISTRICT COUNCIL,1660507.0,86,0
Department for Work and Pensions,NORTH SOMERSET COUNCIL HB,1659988.0,21,0
Ministry of Justice,WINCHESTER CITY COUNCIL,1659649.06,40,0
Home Office,MONMOUTHSHIRE COUNTY COUNCIL 1 G,1657935.51,23,0
Department for Education,CITY OF SUNDERLAND,1656175.89,5,0
Foreign and Commonwealth Office,US DEPARTMENT OF STATE,1650861.52,14,0
Ministry of Justice,CROYDON COUNCIL,1650220.63,32,0
Department for Energy Security and Net Zero,LANCASHIRE COUNTY COUNCIL,1650000.0,2,0
Department for Energy Security and Net Zero,GREAT YARMOUTH BOROUGH COUNCIL,1645356.34,6,0
Ministry of Justice,LONDON BOROUGH OF HARINGEY,1644167.63,30,0
Home Office,HUMBERSIDE POLICE AUTHORITY,1641178.08,30,0
Department for Work and Pensions,BRITISH COUNCIL INDIA,1639000.0,2,0
"Foreign, Commonwealth and Development Office (FCDO)",MERSEYSIDE FIRE RESCUE AUTHORITY,1638372.6,7,0
Home Office,DEPARTMENT FOR CULTURE MEDIA SPORT,1636210.52,12,0
Home Office,KIRKLEES PCT G,1634286.43,10,0
"Ministry of Housing, Communities and Local Government",EAST SUSSEX COUNTY COUNCIL,1634220.65,3,0
Home Office,AVON SOMERSET POLICE CRIME COMMISSIONER,1634050.84,32,0
NHS Business Services Authority,HM TREASURY FOR G I A A,1628597.0,24,0
Department of Health and Social Care,NUFFIELD ORTHOPAEDIC NHS TRUST,1627208.0,12,0
Ministry of Justice,BRADFORD METROPOLITAN COUNCIL,1625631.31,30,0
Department of Health and Social Care,SALISBURY NHS FOUNDA,1620000.0,4,0
Department for Work and Pensions,PURBECK DISTRICT COUNCIL,1611939.0,86,0
Home Office,CALDERDALE MBC G,1606846.87,19,0
Home Office,POLICE CRIME COMMISSIONER FOR SUSSEX THE,1604142.41,44,0
"Department for Environment, Food and Rural Affairs",SHEFFIELD CITY COUNCIL,1600710.0,10,0
Home Office,SOUTHAMPTON CITY COUNCIL 1 G,1598170.87,25,0
"Ministry of Housing, Communities and Local Government",HMRC,1596709.67,11,0
Department for International Development,MINISTRY OF DEFENCE HQ BRITFOR,1595170.93,30,0
Department for Work and Pensions,NHS WEST ESSEX,1594560.0,4,0
Department of Health and Social Care,CHORLEY BOROUGH COUNCIL,1593954.04,3,0
Department for Work and Pensions,ROYAL DEVON EXETER NHS FOUNDATION TRUST,1592608.0,27,0
Department for Education,BURY MBC GREATER MANCHESTER RESIDUARY BODY,1587347.06,4,0
Department for Work and Pensions,CROYDON COUNCIL,1584758.0,8,0
Department for Work and Pensions,CORNWALL ISLES OF SCILLY ICB,1583294.85,5,0
Department for Energy Security and Net Zero,NOTTINGHAMSHIRE COUNTY COUNCIL,1582916.98,2,0
HM Revenue and Customs,WARRINGTON BOROUGH COUNCIL,1579267.78,26,0
Ministry of Defence,THANET DISTRICT COUNCIL,1579187.55,8,0
Department for Education,SUFFOLK COUNTY COUNCIL DCSF,1577416.75,21,0
Milton Keynes Hospital NHS Foundation Trust,NHS SUPPLY CHAIN,1576093.05,22,0
Ministry of Justice,PRESTON CITY COUNCIL,1575304.41,30,0
Department for Education,UNIVERSITY HOSPITAL OF LEICESTER NHS TRUST,1572122.25,25,0
Department for Work and Pensions,ROYAL BERKSHIRE NHS FOUNDATION TRUST,1571541.0,25,0
National Offender Management Service,SOUTH STAFFORDSHIRE SHROPSHIRE HEALTHCARE NHS FOUNDATION TRUST,1570631.87,42,0
Ministry of Justice,LONDON BOROUGH OF TOWER HAMLETS,1568889.98,31,0
Department for Work and Pensions,NHS DUMFRIES GALLOWAY HEALTH BOARD,1565629.0,14,0
Home Office,SOUTHWARK PCT G,1564190.12,5,0
Department for Work and Pensions,TAMESIDE GLOSSOP INTEGRATED CARE NHS FOUNDATION TRUST,1558448.0,26,0
Royal Borough of Greenwich,DARTFORD BOROUGH COUNCIL,1557550.5,8,0
Department for Energy Security and Net Zero,BROADLAND DISTRICT COUNCIL,1556484.39,7,0
Department of Health and Social Care,FOREIGN COMMONWEALTH OFFICE FCO,1553380.41,18,0
National Offender Management Service,MILTON KEYNES COUNCIL,1552691.92,26,0
Department of Health and Social Care,DUDLEY WALSALL MENTAL HEALTH PARTNERSHIP NHS TRUST,1552000.0,9,0
NHS Thames Valley ICB,BEDFORDSHIRE HOSPITAL FOUNDATION TRUST,1550682.52,5,0
Home Office,DEVON COUNTY COUNCIL 1 G,1548144.3,29,0
Ministry of Defence,WREKIN DISTRICT COUNCIL,1545402.5,58,0
"Department for Environment, Food and Rural Affairs",EXETER CITY COUNCIL,1543864.5,8,0
Ministry of Defence,SOUTH TEES HOSPITALS NHS FOUNDATION TRUST,1543352.43,10,0
Home Office,NORTH YORKSHIRE COUNTY COUNCIL G,1539230.48,21,0
Department for Work and Pensions,OADBY WIGSTON BOROUGH COUNCIL,1537067.0,86,0
Department for Energy Security and Net Zero,LONDON BOROUGH OF LEWISHAM,1536893.35,7,0
Home Office,POLICE CRIME COMMISSIONER FOR HERTFORDSHIRE,1535844.14,31,0
National Offender Management Service,WIGAN COUNCIL,1535208.36,31,0
Ministry of Defence,PUBLIC HEALTH ENGLAND,1534441.82,27,0
Home Office,PLYMOUTH CITY COUNCIL 1 G,1533964.63,34,0
Department for Work and Pensions,NORTH STAFFORDSHIRE PCT,1533561.54,7,0
Department for Work and Pensions,WEST MERCIA PROBATION SERVICE,1533493.0,11,0
Department of Health and Social Care,SHROPSHIRE COMMUNITY HEALTH NHS TRUST,1530000.0,2,0
Shropshire Community Health NHS Trust,NHS PENSIONS AGENCY,1526287.95,6,0
"Department for Environment, Food and Rural Affairs",LANCASHIRE COUNTY COUNCIL,1521833.13,12,0
"Ministry of Housing, Communities and Local Government",CARRICK DISTRICT COUNCIL,1520806.32,22,0
Home Office,DERBYSHIRE COUNTY COUNCIL G,1518682.13,26,0
Home Office,DEPT FOR COMM LOCAL G,1518612.3,1,0
"Ministry of Housing, Communities and Local Government",MID DEVON DISTRICT COUNCIL,1517484.0,16,0
Home Office,SCOTTISH POLICE AUTHORITY G,1517436.99,3,0
Department for Work and Pensions,SOUTHPORT ORMSKIRK NHS,1516616.0,22,0
NHS Business Services Authority,UK HEALTH SECURITY AGENCY,1516600.39,8,0
Home Office,LANCASHIRE POLICE AUTHORITY,1513991.77,27,0
Department for Work and Pensions,WALSALL HOSPITALS NHS TRUST,1512711.0,26,0
Home Office,CHESHIRE POLICE AUTHORITY,1511969.74,22,0
Department of Health and Social Care,WYRE BOROUGH COUNCIL,1511286.89,3,0
"Department for Environment, Food and Rural Affairs",READING BOROUGH COUNCIL,1506888.22,17,0
Home Office,BEDFORD BOROUGH COUNCIL G,1504273.0,31,0
Department for Work and Pensions,CALDERDALE METROPOLITAN BOROUGH COUNCIL,1504222.2,21,0
"Ministry of Housing, Communities and Local Government",LONDON BOROUGH OF CROYDEN,1503564.0,11,0
Department for Work and Pensions,BARNSLEY HOSPITAL NHS FOUNDATION TRUST,1501052.0,28,0
Ministry of Justice,CROWN PROSECUTION SERIVCE RB31110143,1500000.0,1,0
Ministry of Justice,CROWN PROSECUTION SERVICE RB31110311 A,1500000.0,1,0
Ministry of Justice,CROWN PROSECUTION SERVICE RB31110778,1500000.0,1,0
Department for Work and Pensions,EDEN DISTRICT COUNCIL,1496405.0,87,0
"Department for Environment, Food and Rural Affairs",WORTHING BOROUGH COUNCIL,1496266.79,10,0
HM Revenue and Customs,LONDON BOROUGH OF EALING,1495773.56,24,0
NHS East and North Hertfordshire CCG,MID ESSEX HOSPITALS SERVICES NHS TRUST,1493922.0,11,0
"Department for Digital, Culture, Media and Sport",WEYMOUTH PORTLAND BOROUGH COUNCIL,1492000.0,4,0
National Offender Management Service,HERTFORDSHIRE COUNTY COUNCIL,1490379.58,11,0
Department for Work and Pensions,CROYDON HEALTH SERVICES NHS TRUST,1488430.0,24,0
HM Revenue and Customs,HOME OFFICE SHARED SERVICE CENTRE,1480765.97,11,0
National Offender Management Service,CHERWELL DISTRICT COUNCIL,1480239.61,25,0
Bristol City Council,UK HEALTH SECURITY AGENCY,1480215.7,17,0
Home Office,HULL PCT G,1480035.64,9,0
Department for Work and Pensions,UNIVERSITY HOSPITALS BRISTOL NHS FOUNDATION TRUST,1477404.0,24,0
Department for Education,WEST YORKSHIRE PENSION FUND,1474233.88,1,0
Department for Energy Security and Net Zero,STEVENAGE BOROUGH COUNCIL,1472895.54,11,0
Former council of North Yorkshire,CRAVEN DISTRICT COUNCIL,1465713.63,119,0
Department for Work and Pensions,BEDFORDSHIRE COUNTY COUNCIL,1465552.5,13,0
Ministry of Justice,LONDON BOROUGH OF HAMMERSMITH FULHAM,1463946.27,31,0
Ministry of Justice,READING BOROUGH COUNCIL,1462635.12,31,0
"Department for Environment, Food and Rural Affairs",WELWYN HATFIELD COUNCIL,1458336.96,8,0
Tate,DEPARTMENT OF ENERGY CLIMATE CHANGE,1457347.2,7,0
Department of Health and Social Care,WEST LANCASHIRE BOROUGH COUNCIL,1456601.64,3,0
Uttlesford District Council,COLCHESTER BOROUGH COUNCIL,1453666.64,61,0
Department of Health and Social Care,NHS NELCSU,1452166.62,34,0
Home Office,MIDDLESBROUGH BOROUGH COUNCIL 1 G,1451308.87,14,0
Department for Energy Security and Net Zero,SOUTH KESTEVEN DISTRICT COUNCIL,1448779.7,8,0
National Offender Management Service,MANCHESTER CITY COUNCIL,1446658.12,28,0
Department for Work and Pensions,SURREY SUSSEX NHS TRUST MRS P WARD,1444596.0,26,0
Ministry of Defence,OXFORDSHIRE COUNTY COUNCIL,1444131.73,23,0
Department of Health and Social Care,SCOTTISH FUNDING COUNCIL,1436891.23,2,0
Department for Education,ISLE OF SCILLY COUNCIL,1435448.15,16,0
Home Office,SWINDON BOROUGH COUNCIL G,1433105.81,26,0
Home Office,TRAFFORD METROPOLITAN BOROUGH COUNCIL G,1430762.43,24,0
UK Trade and Investment,CABINET OFFICE,1430297.58,42,0
Department for Work and Pensions,EAST OF ENGLAND AMBULANCE NHS TRUST,1428377.0,29,0
NHS Business Services Authority,NHS ENGLAND,1426558.58,6,0
"Department for Environment, Food and Rural Affairs",CITY OF WESTMINSTER,1423960.91,16,0
HM Revenue and Customs,ABERDEEN CITY COUNCIL,1422876.0,16,0
NHS East and North Hertfordshire CCG,BARKING HAVERING REDBRIDGE HOSPITALS NHS TRUST,1420767.0,40,0
Department for Education,BRITISH COUNCIL CHINA,1420000.0,2,0
The Pennine Acute Hospitals NHS Trust,ROCHDALE BOROUGH COUNCIL,1419586.87,17,0
Department for Work and Pensions,COMHAIRLE NAN EILEAN SIAR COUNCIL,1419558.0,86,0
Home Office,CAMDEN PRIMARY CARE TRUST G,1417073.02,7,0
Home Office,PRESTON PRIMARY CARE NHS TRUST G,1414164.71,6,0
Department of Health and Social Care,SOLENT NHS TRUST,1412267.75,17,0
Home Office,OFFICE OF THE POLICE CRIME COMMISSIONER FOR STAFFORDSHIRE,1411532.36,43,0
Home Office,ESSEX POLICE AUTHORITY,1407788.46,15,0
Department for Work and Pensions,GATESHEAD HEALTH NHS FOUNDATION TRUST,1406546.0,26,0
Department for Education,LONDON BOROUGH OF BROMLEY,1405796.87,14,0
Ministry of Justice,LONDON BOROUGH OF CROYDON,1405546.95,28,0
Ministry of Justice,NOROLK PENSION FUND AE10410075,1400000.0,1,0
Department for Education,EAST MIDLANDS AMBULANCE SERVICE NHSF,1396762.67,18,0
Department for Work and Pensions,HOMERTON HOSPITAL NHS TRUST,1392932.0,26,0
Ministry of Justice,LONDON BOROUGH OF HARROW,1391768.31,27,0
Department for Work and Pensions,UNIVERSITY HOSPITALS OF MORECAMBE BAY NHS FOUNDATION TRUST,1391291.0,26,0
Home Office,SANDWELL PRIMARY CARE TRUST G,1387458.49,7,0
Home Office,STOCKTON ON TEES BOROUGH COUNCIL 1 G,1385364.81,16,0
Home Office,LONDON BOROUGH OF SUTTON 1 G,1383583.55,31,0
"Department for Science, Innovation and Technology",DEPARTMENT FOR BUSINESS TRADE DBT,1382152.41,6,0
Ministry of Justice,WOLVERHAMPTON CITY COUNCIL,1381098.31,34,0
Cabinet Office,CITY OF LONDON,1380564.8,6,0
Cabinet Office,FOREIGN COMMONWEALTH OFFICE,1379741.95,24,0
Department for Work and Pensions,CAMBRIDGESHIRE PETERBOROUGH COMBINED AUTHORITY,1379717.19,5,0
"Ministry of Housing, Communities and Local Government",FOREIGN COMMONWEALTH,1378938.62,17,0
Department for Work and Pensions,RICHMONDSHIRE DISTRICT COUNCIL,1376001.0,87,0
Department for Work and Pensions,RIBBLE VALLEY BOROUGH COUNCIL,1374877.0,87,0
Home Office,SOMERSET COUNTY COUNCIL 1 G,1374716.98,25,0
National Offender Management Service,NORTHUMBERLAND COUNTY COUNCIL,1374225.9,27,0
Department for Work and Pensions,BUCKINGHAMSHIRE COUNTY COUNCIL,1371768.0,9,0
Department for Work and Pensions,HAMPSHIRE HOSPITALS NHS FOUNDATION TRUST,1371137.0,26,0
"Department for Environment, Food and Rural Affairs",CITY OF NEWCASTLE,1370442.5,8,0
Department for Education,LONDON BOROUGH OF HAMMERSMITH FULHAM,1370170.67,9,0
Ministry of Justice,LONDON BOROUGH OF REDBRIDGE,1365976.43,30,0
"Ministry of Housing, Communities and Local Government",CHARNWOOD BOROUGH COUNCIL,1365710.67,15,0
Home Office,NORTH EAST LINCOLNSHIRE PCT G,1364114.9,10,0
Department of Health and Social Care,LUTON DUNSTABLE HOSPITAL NHS FOUNDATION TRUST,1363040.0,6,0
Coventry and Warwickshire Partnership NHS Trust,COVENTRY RUGBY CCG,1363000.0,3,0
Royal Borough of Greenwich,NHS GREENWICH,1361095.46,6,0
Ministry of Defence,CHESHIRE WEST CHESTER COUNCIL,1360221.55,10,0
Department for Energy Security and Net Zero,WELWYN HATFIELD BOROUGH COUNCIL,1359486.86,9,0
Department for Work and Pensions,ASHFORD ST PETERS HOSPITALS NHS FOUNDATION TRUST,1358588.0,26,0
NHS Business Services Authority,DEPARTMENT FOR WORKS PENSIONS,1355727.06,17,0
Department of Health and Social Care,NHS BRISTOL CCG,1354111.5,11,0
Department for Energy Security and Net Zero,LONDON BOROUGH OF HACKNEY,1354059.87,9,0
Home Office,EALING PRIMARY CARE TRUST PCT G,1353158.6,6,0
Department for Work and Pensions,NHS HIGHLAND,1352841.98,6,0
George Eliot Hospital NHS Trust,NUNEATON BEDWORTH BOROUGH COUNCIL,1351973.71,15,0
Department for Work and Pensions,PRINCESS ALEXANDRIA HOSPITAL NHS TRUST,1351116.0,29,0
Home Office,WANDSWORTH BOROUGH COUNCIL G,1350809.1,16,0
United Lincolnshire Hospitals NHS Trust,LINCOLNSHIRE PCT,1349107.02,70,0
Tate,SFS FIRE SERVICES,1348433.57,27,0
Department for Work and Pensions,SOUTH EAST COAST AMBULANCE NHS FOUNDATION TRUST,1348197.0,27,0
Department for Work and Pensions,SANDWELL METROPOLITAN BOROUGH COUNCIL,1344900.0,12,0
Department for Education,SALFORD CITY COUNCIL BARTON MOSS SECURE,1340365.1,1,0
"Ministry of Housing, Communities and Local Government",PRESTON CITY COUNCIL,1333992.61,38,0
National Offender Management Service,LB OF HAMMERSMITH FULHAM,1333589.99,23,0
Home Office,LOTHIAN BORDERS POLICE G,1331755.0,1,0
Department of Health and Social Care,HERTFORDSHIRE COMMUNITY NHS TRUST RY4,1330717.97,22,0
Home Office,OFFICE OF THE POLICE CRIME COMMISSIONER FOR LEICESTERSHIRE THE,1327841.73,28,0
Department for Work and Pensions,DEVON COUNTY COUNCIL,1327150.0,19,0
"Department for Environment, Food and Rural Affairs",SOUTH OXFORD DISTRICT COUNCIL,1326220.32,9,0
HM Revenue and Customs,CROWN PROSECUTION SERVICE,1323648.43,21,0
"Ministry of Housing, Communities and Local Government",WARRINGTON BOROUGH COUNCIL,1321833.1,5,0
Home Office,DURHAM COUNTY COUNCIL 1 G,1321322.18,27,0
National Offender Management Service,DONCASTER MET DIST COUNCIL,1319811.34,33,0
Department for Work and Pensions,DURHAM COUNTY COUNCIL,1317962.2,28,0
Ministry of Defence,HEALTH SOCIAL CARE INFORMATION CENTRE NHS,1317898.71,11,0
Home Office,POLICE CRIME COMMISSIONER FOR DEVON CORNWALL,1312956.67,40,0
Home Office,EAST SUSSEX COUNTY COUNCIL 1 G,1312776.17,23,0
National Offender Management Service,BIRMINGHAM CITY COUNCIL,1312745.14,28,0
Royal United Hospital Bath NHS Foundation Trust,NHS LITIGATION AUTHORITY,1311956.46,3,0
"Department for Digital, Culture, Media and Sport",SURREY COUNTY COUNCIL,1310000.0,2,0
Ministry of Justice,LEICESTER CITY COUNCIL,1309602.94,43,0
Department for Work and Pensions,LONDON BOROUGH OF LAMBETH LEMBETH FIRST,1304196.88,11,0
Plymouth City Council,NHS NEW DEVON CCG,1302612.0,9,0
Salisbury NHS Foundation Trust,NHS LITIGATION AUTHORITY,1301448.6,3,0
Ministry of Defence,EAST LINDSEY BOROUGH COUNCIL,1301439.89,10,0
Milton Keynes Hospital NHS Foundation Trust,OXFORD UNIVERSITY HOSPITALS NHS FOUNDATION TRUST,1296367.05,33,0
Department of Health and Social Care,COLCHESTER BOROUGH COUNCIL,1288740.13,2,0
South Central Ambulance Service NHS Foundation Trust,BUCKS MILTON KEYNES FIRE AUTHORITY,1288175.24,26,0
Pennine Care NHS Foundation Trust,CHESHIRE WIRRAL PARTNERSHIP NHS FOUNDATION TRUST,1287641.06,13,0
Ministry of Defence,DRIVER VEHICLE LICENSING AGENCY,1286847.46,20,0
Home Office,DUDLEY MBC G,1286175.22,8,0
Ministry of Justice,EXETER CITY COUNCIL,1281594.13,30,0
Transport for Greater Manchester,HMRC,1280739.23,29,0
Department for Work and Pensions,WIGAN COUNCIL,1280667.0,18,0
Ministry of Defence,NHS LOTHIAN,1280293.0,1,0
National Offender Management Service,KENT COUNTY COUNCIL,1279367.31,17,0
Department for Work and Pensions,BARNSLEY NHS PCT,1279360.0,3,0
Department of Health and Social Care,BURNLEY BOROUGH COUNCIL,1279336.73,3,0
Home Office,HMRC HM REVENUE CUSTOMS,1278898.3,11,0
Ministry of Defence,HOME OFFICE GENERAL CASH ACCOUNT,1278567.89,11,0
"Department for Environment, Food and Rural Affairs",RUSHMOOR BOROUGH COUNCIL,1278295.36,8,0
The Pennine Acute Hospitals NHS Trust,NHS BUSINESS S A PENSIONS DIVISION,1277847.24,18,0
Former council of North Yorkshire,RYEDALE DISTRICT COUNCIL,1277457.95,49,0
Former district of Harrogate,HARROGATE BOROUGH COUNCIL,1276598.05,1,0
National Offender Management Service,TEES ESK WEAR VALLEYS NHS TRUST,1272610.0,10,0
Whittington Hospital NHS Trust,ISLINGTON COUNCIL,1272347.0,13,0
Department for Energy Security and Net Zero,LONDON BOROUGH OF BARNET,1271189.97,9,0
Ministry of Defence,WEST LINDSEY DISTRICT COUNCIL,1271116.22,8,0
HM Revenue and Customs,DOVER DISTRICT COUNCIL,1269757.14,16,0
"Ministry of Housing, Communities and Local Government",STAVELEY TOWN COUNCIL,1265749.16,42,0
Home Office,KENT CONSTABULARY,1265168.53,14,0
Home Office,HOME OFFICE PAYMASTER,1262601.84,11,1
Department for Work and Pensions,MILTON KEYNES HOSPITAL NHS FOUNDATION TRUST,1260530.0,27,0
Department for Education,LONDON BOROUGH OF MERTON,1257222.0,19,0
Department of Health and Social Care,HM LAND REGISTRY,1256603.51,6,0
Ministry of Defence,MANCHESTER CITY COUNCIL,1256098.0,12,0
Ministry of Justice,ESSEX COUNTY COUNCIL AE10410087,1255563.0,1,0
Department of Health and Social Care,HER MAJESTYS PRISON PROBATION SERVICE,1252396.36,14,0
Home Office,MEDICAL RESEARCH COUNCIL,1250000.0,5,0
"Foreign, Commonwealth and Development Office (FCDO)",NERC NATURAL ENVIRONMENT RESEARCH COUNCIL,1249999.0,6,0
"Ministry of Housing, Communities and Local Government",BURNLEY BOROUGH COUNCIL,1247902.1,23,0
Home Office,POLICE CRIME COMMISSIONER FOR GWENT,1247356.96,28,0
Home Office,LEICESTER CITY COUNCIL G,1247312.6,24,0
Home Office,CITY OF WESTMINSTER,1246690.0,2,0
Pennine Care NHS Foundation Trust,NORTHUMBRIA HEALTHCARE NHS FOUNDATION TRUST,1246309.0,8,0
NHS Thames Valley ICB,LONDON NORTH WEST HEALTHCARE NHS TRUST,1243690.36,11,0
Home Office,BRENT PRIMARY CARE TRUST G,1241452.64,6,0
"Ministry of Housing, Communities and Local Government",SUFFOLK COASTAL DISTRICT COUNCIL,1239675.0,20,0
South Central Ambulance Service NHS Foundation Trust,HAMPSHIRE FIRE RESCUE SERVICE,1236971.43,13,0
Cheltenham Borough Council,TEWKESBURY BOROUGH COUNCIL,1236195.16,55,0
Home Office,NORTHAMPTONSHIRE OFFICE OF THE POLICE CRIME COMMISSIONER,1236002.1,29,0
Ministry of Defence,NATURAL ENVIRONMENT RESEARCH COUNCIL,1234528.58,26,0
Department for Work and Pensions,EPSOM ST HELIER NHS TRUST RTA LIAISON OFFICER,1234216.0,24,0
Ministry of Defence,DEPARTMENT FOR INTERNATIONAL DEVELOPMENT,1233933.59,11,0
Home Office,BURY MBC G,1232131.77,14,0
"Ministry of Housing, Communities and Local Government",MINISTRY OF JUSTICE,1230868.2,53,0
Department for Work and Pensions,SCOTTISH AMBULANCE SERVICE,1225364.0,26,0
Home Office,KNOWSLEY METROPOLITAN BOROUGH COUNCIL G,1225266.75,16,0
Ministry of Justice,PORTSMOUTH CITY COUNCIL,1224558.99,30,0
Department of Health and Social Care,CLATTERBRIDGE CENTRE FOR ONCOLOGY NHS FOUNDATION TRUST,1224096.0,10,0
"Ministry of Housing, Communities and Local Government",SOUTH HOLLAND DISTRICT COUNCIL,1223980.0,29,0
Ministry of Defence,PRESTON CITY COUNCIL,1222640.46,9,0
Department for Energy Security and Net Zero,LONDON BOROUGH OF BRENT,1222031.14,7,0
Department for Education,CITY OF STOKE ON TRENT,1220908.67,10,0
Department of Health and Social Care,LEEDS COMMUNITY HEALTHCARE NHS TRUST,1215771.0,13,0
NHS Norfolk and Suffolk ICB - 25k Expenditure Report,MID SOUTH ESSEX FOUNDATION TRUST,1215523.8,6,0
HM Revenue and Customs,MIDDLESBROUGH BOROUGH COUNCIL,1210313.42,14,0
"Ministry of Housing, Communities and Local Government",BASSETLAW DISTRICT COUNCIL,1208382.76,36,0
Isle of Wight NHS Trust,NHS HAMPSHIRE ISLE OF WIGHT INTEGRATED CARE BOARD,1204904.45,6,0
National Offender Management Service,REIGATE BANSTEAD BOROUGH COUNCIL,1204602.01,23,0
Department for Education,LEEDS CITY COUNCIL DCSF,1202396.5,22,0
"Ministry of Housing, Communities and Local Government",METROPOLITAN POLICE SERVICE,1201621.56,16,0
Home Office,HAMPSHIRE POLICE AUTHORITY,1201122.81,13,0
Home Office,KINGSTON UPON HULL CITY COUNCIL 2 G,1199115.48,23,0
National Offender Management Service,NOTTINGHAM CITY COUNCIL,1199008.35,20,0
Department for Energy Security and Net Zero,UNITED STATES DEPARTMENT OF STATE,1197720.03,2,0
Department of Health and Social Care,PENDLE BOROUGH COUNCIL,1197718.69,5,0
HM Revenue and Customs,BRIGHTON HOVE COUNCIL,1196986.55,23,0
Department for Work and Pensions,CHESTERFIELD ROYAL HOSPITAL NHS FOUNDATION TRUST,1196934.0,24,0
Foreign and Commonwealth Office,SCOTTISH POLICE SERVICES AUTHORITY,1195900.11,23,0
Department for Education,LONDON BOROUGH OF ISLINGTON,1193948.88,8,0
Department for Work and Pensions,MANCHESTER PCT,1193459.94,5,0
Ministry of Defence,U S DEPARTMENT OF TREASURY,1193379.61,5,0
Department for Work and Pensions,LAND REGISTRY,1193155.78,10,0
"Ministry of Housing, Communities and Local Government",PENWITH DISTRICT COUNCIL,1191809.41,31,0
Tate,DIRECT DEBIT ONLY CITY OF WESTMINSTER,1187872.18,2,0
Department of Health and Social Care,ROYAL WOLVERHAMPTON HOSPITAL NHS TRUST,1187845.0,10,0
Home Office,NEWPORT COUNTY BOROUGH COUNCIL 1 G,1186880.6,28,0
"Ministry of Housing, Communities and Local Government",DEPT FOR TRANSPORT,1186304.8,27,0
Ministry of Defence,WEST DORSET DISTRICT COUNCIL,1184181.84,7,0
Ministry of Justice,COVENTRY CITY COUNCIL,1182917.08,43,0
The Pennine Acute Hospitals NHS Trust,MANCHESTER PCT,1181970.03,3,0
Ministry of Justice,PEMBROKESHIRE COUNTY COUNCIL,1181853.44,10,0
The Pennine Acute Hospitals NHS Trust,NHS PENSIONS INJURY BENEFIT,1179716.84,17,0
Home Office,RENFREWSHIRE COUNCIL G,1178950.6,15,0
Royal Borough of Greenwich,LONDON BOROUGH OF LEWISHAM,1174650.5,81,0
National Offender Management Service,EAST RIDING OF YORKSHIRE COUNCIL,1171663.94,25,0
Ministry of Justice,BOURNEMOUTH BOROUGH COUNCIL,1169662.09,30,0
Department for Work and Pensions,LONDON BOROUGH OF LEWISHAM SOUTH BANK EMPLOYERS,1163926.97,18,0
Department for Energy Security and Net Zero,OXFORD CITY COUNCIL,1161422.33,6,0
Department for Work and Pensions,ROYAL CORNWALL HOSPITAL NHS TRUST,1160691.0,24,0
Department for Work and Pensions,TRAFFORD COUNCIL,1158123.0,2,0
Home Office,AVON SOMERSET POLICE,1157682.71,15,0
NHS Thames Valley ICB,HERTFORDSHIRE PARTNERSHIP NHS FOUNDATION TRUST,1154566.74,3,0
North Yorkshire Council,TEES ESK WEAR VALLEYS NHS FOUNDATION TRUST,1153386.29,17,0
Coventry and Warwickshire Partnership NHS Trust,NHS SOUTH WARWICKSHIRE CCG,1153000.0,4,0
National Offender Management Service,LONDON BOROUGH OF ISLINGTON,1152043.0,29,0
Ministry of Justice,NOTTINGHAMSHIRE COUNTY COUNCIL AE10410093,1151000.0,1,0
Home Office,FIFE COUNCIL G,1150712.9,11,0
Department for Work and Pensions,CUMBRIA PARTNERSHIP FOUNDATION NHS TRUST,1150160.14,5,0
Ministry of Defence,ECONOMIC SOCIAL RESEARCH COUNCIL,1150000.0,3,0
East Sussex Healthcare NHS Trust,NHS BUSINESS SERVS AUTH INJ BEN SCHEME,1149953.21,24,0
Department of Health and Social Care,DEPARTMENT OF HEALTH NORTHERN IRELAND,1147867.45,1,0
Ministry of Defence,SFS FIRE SERVICES,1146601.76,11,0
Ministry of Justice,LANCASHIRE POLICE AUTHORITY,1145424.62,18,0
Department for Education,UNIVERSITY HOSPITALS OF LEICESTER NHS TRUST,1140772.88,15,0
Cabinet Office,LEEDS CITY COUNCIL,1140222.72,11,0
Home Office,STOCKPORT METRO BOROUGH COUNCIL G,1137401.73,12,0
HM Revenue and Customs,MAIDSTONE BOROUGH COUNCIL,1136198.44,14,0
"Department for Environment, Food and Rural Affairs",DEVON COUNTY COUNCIL,1135900.84,15,0
NHS Thames Valley ICB,CHELSEA WESTMINSTER HOSPITAL NHS FOUNDATION TRUST,1134982.81,9,0
Department for International Development,HM REVENUE CUSTOMS ACC,1134912.63,45,0
Department for Energy Security and Net Zero,MET OFFICE,1134004.08,4,0
Department for Education,ECONOMIC SOCIAL RESEARCH COUNCIL,1133420.0,7,0
HM Revenue and Customs,DARTFORD BOROUGH COUNCIL,1132922.74,4,0
Home Office,WEST MERCIA POLICE AUTHORITY 1 G,1132575.0,4,0
Ministry of Justice,CANTERBURY CITY COUNCIL,1131230.06,30,0
Ministry of Justice,OFFICE FOR NATIONAL STATISTICS,1129352.85,5,0
Home Office,DUNDEE CITY COUNCIL G,1128913.22,17,0
"Department for Digital, Culture, Media and Sport",SEFTON COUNCIL,1127675.0,1,0
HM Revenue and Customs,WREXHAM COUNTY BOROUGH COUNCIL,1125540.0,12,0
Ministry of Justice,NORTHAMPTON BOROUGH COUNCIL,1123403.74,30,0
Isle of Wight NHS Trust,NHS ISLE OF WIGHT CCG,1122963.0,8,0
Foreign and Commonwealth Office,DEPARTMENT FOR INTERNATIONAL TRADE,1122228.71,9,0
Department for Work and Pensions,SOUTH WESTERN AMBULANCE SERVICE,1122050.0,25,0
"Department for Digital, Culture, Media and Sport",SHROPSHIRE COUNCIL,1120687.0,2,0
Ministry of Defence,NATIONAL PROBATION SERVICE FOR ENGLAND WALES,1120594.25,35,0
National Offender Management Service,HUNTINGDONSHIRE DISTRICT COUNCIL,1120462.39,24,0
Whittington Hospital NHS Trust,ROYAL FREE LONDON NHS FT,1120330.23,15,0
"Foreign, Commonwealth and Development Office (FCDO)",BIOTECHNOLOGY BIOLOGICAL SCIENCES RESEARCH COUNCIL,1119316.97,7,0
Department for Work and Pensions,DERBYSHIRE COUNTY COUNCIL PCT DCHS,1116710.18,5,0
Ministry of Defence,FOREST OF DEAN DISTRICT COUNCIL,1115469.84,8,0
Department for Energy Security and Net Zero,CENTRAL BEDFORDSHIRE COUNCIL,1115225.54,4,0
Royal Borough of Greenwich,HMCTS,1113089.23,538,0
Department for Education,NORTHAMPTONSHIRE COUNTY COUNCIL DCSF,1110781.1,3,0
Ministry of Justice,COUNCIL OF EUROPE,1110529.59,9,0
Home Office,WAKFIELD DISTRICT PRIMARY CARE TRUST G,1110522.22,6,0
Department for Energy Security and Net Zero,THREE RIVERS DISTRICT COUNCIL,1109197.5,6,0
Whittington Hospital NHS Trust,ROYAL FREE HAMPSTEAD NHS TRUST,1109167.62,18,0
Department for Work and Pensions,CABINET OFFICE RM SHARED SERVICES,1108393.04,12,0
Department for Work and Pensions,TAUNTON SOMERSET NHS TRUST,1108307.0,21,0
Department for Energy Security and Net Zero,HM TREASURY,1108181.77,8,0
HM Revenue and Customs,DEPARTMENT FOR SCIENCE INNOVATION A,1105870.0,3,0
Department for Education,BIRMINGHAM CITY COUNCIL REVENUES PAYMENTS,1103876.0,17,0
Ministry of Justice,HULL CITY COUNCIL,1102018.19,31,0
Department for Work and Pensions,SOUTH YORKSHIRE MAYORAL COMBINED AUTHORITY,1101039.0,1,0
Department of Health and Social Care,BARTS HEALTH NHS TRUST RNJ,1100000.0,1,0
Department of Health and Social Care,CENTRAL MANCHESTER UNIVERSITY HOSPITALS FOUNDATION TRUST CHARITY,1100000.0,1,0
Milton Keynes Hospital NHS Foundation Trust,NORTHAMPTON GENERAL HOSPITAL NHS TRUST,1098797.82,29,0
Home Office,HULL CITY COUNCIL G,1098000.18,13,0
Ministry of Defence,METROPOLITAN BOROUGH OF SEFTON,1096200.0,7,0
Department for Work and Pensions,HOME OFFICE SHARED SERVICE CENTRE,1091372.0,12,0
Department for Energy Security and Net Zero,WEST NORTHAMPTONSHIRE COUNCIL,1091211.62,9,0
Home Office,OXFORD CITY PCT G,1091027.57,8,0
Home Office,CITY OF YORK COUNCIL 1 G,1090014.13,19,0
"Department for Digital, Culture, Media and Sport",GREATER LONDON AUTHORITY LDA TOURISM,1089935.35,3,0
Ministry of Justice,ESSEX COUNTY COUNCIL,1089085.88,19,0
Royal Borough of Greenwich,WANDSWORTH COUNCIL,1087884.48,49,0
Rushmoor Borough Council,SURREY HEATH BOROUGH COUNCIL,1085348.71,56,0
Department for Education,NORTH EAST AMBULANCE SERVICE NHS FOUNDATION TRUST,1082784.23,23,0
NHS Business Services Authority,BOLTON COUNCIL,1081674.26,8,0
Department of Health and Social Care,HYNDBURN BOROUGH COUNCIL,1081004.32,3,0
"Department for Environment, Food and Rural Affairs",HAMPSHIRE COUNTY COUNCIL,1080032.49,8,0
Home Office,NORTH LANARKSHIRE COUNCIL G,1079438.9,16,0
Department for Energy Security and Net Zero,DARTFORD BOROUGH COUNCIL,1079123.74,5,0
Department of Health and Social Care,NHS BUSINESS SERVICES AUTHORITY,1079094.73,21,0
Department of Health and Social Care,NHS LEICESTER CITY CCG 04C,1077293.0,18,0
"Department for Environment, Food and Rural Affairs",WAKEFIELD METROPOLITAN DISTRICT COUNCIL,1075250.0,3,0
Department for Work and Pensions,LONDON BOROUGH OF HACKNEY HOST BOROUGH UNIT,1074450.0,8,0
"Ministry of Housing, Communities and Local Government",HORSHAM DISTRICT COUNCIL,1074029.0,12,0
Department for Work and Pensions,ROYAL UNITED HOSPITAL NHS TRUST,1072779.0,22,0
NHS Thames Valley ICB,ROYAL FREE LONDON NHS FOUNDATION TRUST,1072599.75,9,0
"Foreign, Commonwealth and Development Office (FCDO)",FOREIGN COMMONWEALTH OFFICE,1072307.25,16,0
Department for Work and Pensions,FRIMLEY HEALTH NHS FOUNDATION TRUST,1071950.0,9,0
"Department for Environment, Food and Rural Affairs",CORNWALL COUNTY COUNCIL,1071310.09,10,0
"Ministry of Housing, Communities and Local Government",SCARBOROUGH BOROUGH COUNCIL,1070077.38,74,0
HM Revenue and Customs,WOLVERHAMPTON CITY COUNCIL,1069267.5,12,0
Department for Energy Security and Net Zero,LONDON BOROUGH OF HARROW,1067379.53,6,0
Eden District Council,CUMBRIA COUNTY COUNCIL,1067114.53,214,0
Department for Work and Pensions,QUEEN ELIZABETH HOSPITAL KINGS LYNN NHS TRUST,1065190.0,24,0
Bristol City Council,NORTH SOMERSET COUNCIL NON DOMESTIC RATES,1063399.57,44,0
"Department for Environment, Food and Rural Affairs",SEDGEMOOR DISTRICT COUNCIL,1063038.2,10,0
Ministry of Defence,WEALDEN DISTRICT COUNCIL,1062888.18,8,0
Department for Work and Pensions,NORTH CUMBRIA UNIVERSITY HOSPITALS NHS TRUST,1061696.0,21,0
Home Office,CROYDON PCT G,1061629.88,5,0
Home Office,SOUTH SEFTON PCT G,1059213.25,9,0
Department of Health and Social Care,NATURAL ENVIRONMENT RESEARCH COUNCIL NERC,1057570.0,9,0
"Department for Environment, Food and Rural Affairs",RUSHCLIFFE BOROUGH COUNCIL,1053243.43,8,0
The Pennine Acute Hospitals NHS Trust,HM REVENUE CUSTOMS,1051546.41,4,0
Home Office,WEST DUNBARTONSHIRE COUNCIL G,1051068.4,13,0
Portsmouth Hospital NHS Trust,HAMPSHIRE ISLE OF WIGHT HEALTHCARE NHS FOUNDATION TRUST,1049264.05,46,0
Ministry of Defence,WELSH GOVERNMENT,1047439.06,8,0
Department for Education,NORFOLK SUFFOLK NHS FOUNDATION TRUST,1044967.59,10,0
Home Office,NORTH LINCOLNSHIRE PCT G,1044648.4,8,0
Foreign and Commonwealth Office,CPS CROWN PROSECUTION SERVICE HQ,1043896.77,13,0
Former council of North Yorkshire,HARROGATE BOROUGH COUNCIL,1040732.75,46,0
Department of Health and Social Care,FYLDE BOROUGH COUNCIL,1039723.47,3,0
HM Revenue and Customs,NORTHAMPTON BOROUGH COUNCIL,1038586.47,28,0
Department of Health and Social Care,BLACKPOOL FYLDE WYRE HOSPITALS NHS FOUNDATION TRUST,1037812.98,2,0
Department of Health and Social Care,NHS INFORMATION CENTRE,1037181.0,8,0
National Offender Management Service,ESSEX COUNTY COUNCIL,1036283.59,17,0
Home Office,REDCAR CLEVELAND BOROUGH COUNCIL G,1035554.0,19,0
National Offender Management Service,ST EDMUNDSBURY BOROUGH COUNCIL,1032523.17,23,0
Maidstone and Tunbridge Wells NHS Trust,NHS KENT MEDWAY CCG,1032240.2,8,0
Home Office,WALSALL PCT G,1032070.06,8,0
Department for International Development,BRITISH COUNCIL DIVISION,1031945.94,20,0
Department for Work and Pensions,BEDFORD HOSPITAL NHS TRUST RTA LIAISON OFFICER,1031820.0,23,0
Coventry and Warwickshire Partnership NHS Trust,RUGBY BOROUGH COUNCIL,1031750.62,10,0
"Department for Environment, Food and Rural Affairs",DURHAM COUNTY COUNCIL,1031134.11,15,0
Home Office,COVENTRY RUGBY CLINICAL COMMISSIONING GROUP G,1029156.65,9,0
Ministry of Defence,HMRC VAR RETURNS,1028896.91,1,0
Department for Work and Pensions,AIREDALE NHS FOUNDATION TRUST,1028339.0,19,0
Ministry of Justice,CITY OF STOKE ON TRENT,1026440.4,31,0
Ministry of Defence,LINCOLNSHIRE COUNTY COUNCIL,1025353.43,13,0
United Lincolnshire Hospitals NHS Trust,NORTH WEST ANGLIA NHS FOUNDATION TRUST,1025203.15,33,0
Department of Health and Social Care,LIVERPOOL HEART CHEST HOSPITAL NHS FOUNDATION TRUST,1023307.0,13,0
Department for Education,HAMPSHIRE PENSION FUND HAMPSHIRE COUNTY COUNCIL,1022804.77,5,0
National Offender Management Service,NORTH WALES POLICE,1013641.0,2,0
Cabinet Office,METROPOLITAN POLICE SERVICE,1010000.0,2,0
Royal Borough of Greenwich,ROYAL BOROUGH OF KENSINGTON CHELSEA,1008294.51,13,0
National Offender Management Service,PETERBOROUGH CITY COUNCIL,1006635.0,23,0
Royal Borough of Greenwich,KENT COUNTY COUNCIL,1006245.39,60,0
North Yorkshire Council,YORK NORTH YORKSHIRE COMBINED AUTHORITY POLICE,1006175.5,17,0
Ministry of Justice,STAFFORDSHIRE CITY COUNCIL AE10410100,1004000.0,1,0
Department of Health and Social Care,SOUTH EAST COAST AMBULANCE SERVICE NHS TRUST,1000205.5,3,0
Cabinet Office,BRITISH COUNCIL INDIA,1000000.0,1,0
Ministry of Justice,CABINET OFFICE CIVIL SUPERANNUATION AE10410073,1000000.0,1,0
Ministry of Defence,LONDON BOROUGH OF BROMLEY,1000000.0,1,0
Department of Health and Social Care,NHS COUNTER FRAUD AU,1000000.0,1,0
Home Office,WOLVERHAMPTON CITY COUNCIL 1 G,998248.51,11,0
UK Trade and Investment,HM REVENUE CUSTOMS,997694.43,10,0
"Department for Environment, Food and Rural Affairs",TONBRIDGE MALLING BOROUGH COUNCIL,997495.08,10,0
Department of Health and Social Care,AIREDALE NHS FOUNDAT,995000.0,1,0
Royal Borough of Greenwich,MINISTRY OF JUSTICE,992853.87,79,0
Ministry of Justice,ST ALBANS CITY DISTRICT COUNCIL,991238.6,30,0
Department for Work and Pensions,DORSET PRIMARY CARE TRUST,990018.75,6,0
NHS Thames Valley ICB,ROYAL MARSDEN NHS FOUNDATION TRUST THE,989896.75,9,0
HM Revenue and Customs,CUMBRIA COUNTY COUNCIL,989609.15,17,0
Department for Education,LONDON BOROUGH OF HAVERING,989280.76,11,0
Maidstone and Tunbridge Wells NHS Trust,NHS WEST KENT CCG,988877.68,7,0
Department for Work and Pensions,RJAH HOSPITAL NHS TRUST,986785.0,14,0
Home Office,SUNDERLAND PCT G,984658.97,8,0
Cabinet Office,CABINET OFFICE VOTES CASH ACCO,984490.45,7,1
UK Trade and Investment,ENERGY INDUSTRIES COUNCIL,982446.37,137,0
National Offender Management Service,FENLAND DISTRICT COUNCIL,981509.99,22,0
Home Office,WAKEFIELD MDC 1 G,980928.27,6,0
"Department for Digital, Culture, Media and Sport",LANCASHIRE COUNTY COUNCIL,980770.0,1,0
Isle of Wight NHS Trust,MEDI 4 AMBULANCE SERVICES,979803.24,32,0
Foreign and Commonwealth Office,BRITISH COUNCIL ALGERIA,978469.96,15,0
Department of Health and Social Care,KENT MEDWAY NHS,978000.0,1,0
Ministry of Defence,BASINGSTOKE DEANE BOROUGH COUNCIL,976694.45,7,0
Department for Energy Security and Net Zero,LONDON BOROUGH OF HOUNSLOW,976408.6,2,0
Department for Energy Security and Net Zero,SOUTH CAMBRIDGESHIRE DISTRICT COUNCIL,975320.03,8,0
Ministry of Justice,LUTON BOROUGH COUNCIL,973249.23,30,0
"Ministry of Housing, Communities and Local Government",CABINET OFFICE USE V N 300242,972986.43,4,0
Department for Energy Security and Net Zero,FOLKESTONE HYTHE DISTRICT COUNCIL,971677.05,3,0
Home Office,LONDON BOROUGH OF BRENT G,971003.77,16,0
HM Revenue and Customs,DEPARTMENT OF FINANCE PERSONNEL,970411.56,18,0
NHS Thames Valley ICB,BERKSHIRE INDEPENDENT HOSPITAL READING NHS TREATMENT CENTRE,969808.83,5,0
Department for Energy Security and Net Zero,SEDGEMOOR DISTRICT COUNCIL,968363.48,3,0
Home Office,CHESTERFIELD PCT G,967418.25,9,0
Coventry and Warwickshire Partnership NHS Trust,NHS ENGLAND,967235.45,4,0
Ministry of Justice,LONDON BOROUGH OF NEWHAM,967157.48,30,0
Northern Ireland Office,DEPARTMENT OF FINANCE,966003.4,18,0
Cabinet Office,LONDON BOROUGH OF TOWER HAMLETS,965628.0,8,0
Ministry of Justice,WILTSHIRE COUNTY COUNCIL AE10410101,965000.0,1,0
National Offender Management Service,CITY OF WAKEFIELD,964511.19,27,0
NHS Thames Valley ICB,ROYAL NATIONAL ORTHOPAEDIC HOSPITAL NHS TRUST,963062.51,9,0
Home Office,LONDON BOROUGH OF HAMMERSMITH FULHAM 1 G,959692.2,5,0
Department for Work and Pensions,DEPARTMENT FOR LEVELLING UP HOUSING COMMUNITIES,959471.0,14,0
Department for Work and Pensions,DERBYSHIRE COUNTY PCT,958643.0,5,0
Home Office,PETERBOROUGH CITY COUNCIL RATES,958251.61,6,0
Ministry of Defence,NHS ENGLAND,954717.87,7,0
Home Office,NORTHERN IRELAND EXECUTIVE G,954628.5,9,0
Department for Work and Pensions,WESTMINSTER CITY COUNCIL,953988.0,17,0
Ministry of Justice,FOREIGN COMMONWEALTH OFFICE,952664.28,6,0
"Ministry of Housing, Communities and Local Government",BOROUGH OF PENDLE,950023.14,6,0
Home Office,BOROUGH OF POOLE 1 G,949405.63,15,0
"Ministry of Housing, Communities and Local Government",EAST LINDSEY DISTRICT COUNCIL,949343.53,19,0
Department for Work and Pensions,RUTLAND COUNTY COUNCIL,948335.0,87,0
Ministry of Justice,LONDON BOROUGH OF BROMLEY,945783.94,30,0
Department of Health and Social Care,NHS KENT MEDWAY CCG,943961.0,10,0
"Department for Environment, Food and Rural Affairs",KENT COUNTY COUNCIL,943150.77,11,0
Home Office,ROCHDALE BOROUGH COUNCIL G,942699.68,15,0
Pennine Care NHS Foundation Trust,TAMESIDE METROPOLITAN BOROUGH COUNCIL,942567.99,13,0
Department for Work and Pensions,EAST MIDLANDS AMBULANCE SERVICE HQ NOTTINGHAM,940369.0,24,0
"Department for Environment, Food and Rural Affairs",DEPARTMENT OF HEALTH,940051.0,2,0
Department for Work and Pensions,IPSWICH HOSPITAL NHS TRUST MRS BRENDA BURDON,939533.0,19,0
Home Office,SHROPSHIRE COUNTY COUNCIL 1 G,939178.55,16,0
"Ministry of Housing, Communities and Local Government",HARBOROUGH DISTRICT COUNCIL,938576.0,4,0
"Department for Environment, Food and Rural Affairs",HUNTINGDONSHIRE DISTRICT COUNCIL,935599.91,7,0
Ministry of Defence,MONMOUTHSHIRE COUNTY COUNCIL,934790.93,12,0
"Department for Science, Innovation and Technology",MILTON KEYNES COUNCIL,932598.22,13,0
HM Revenue and Customs,ROYAL BOROUGH OF KENSINGTON,930192.02,6,0
Ministry of Justice,MERSEYSIDE COUNTY COUNCIL AE10410090,922129.0,1,0
Department for Education,LONDON BOROUGH OF RICHMOND UPON THAMES DCSF,922100.0,3,0
Ministry of Defence,NORTH LINCOLNSHIRE COUNCIL,920870.37,7,0
Animal and Plant Health Agency,INLAND REVENUE,917267.8,14,0
Department of Health and Social Care,NHS OXFORDSHIRE CCG,914813.0,9,0
Department for Education,SAXMUNDHAM FREE SECKFORD FOUNDATION TRUST,914347.0,3,0
"Foreign, Commonwealth and Development Office (FCDO)",DEPARTMENT FOR INTERNATIONAL TRADE,909562.31,14,0
Department of Health and Social Care,BASILDON BOROUGH COUNCIL,908471.52,2,0
Department for Work and Pensions,BLACKPOOL COUNCIL,907653.0,20,0
Home Office,WOLVERHAMPTON CITY PCT G,907462.84,8,0
Ministry of Defence,SCIENCE TECHNOLOGY FACILITIES COUNCIL,906281.28,12,0
Department for Work and Pensions,JAMES PAGET HEALTHCARE NHS TRUST,904670.0,20,0
Department for Work and Pensions,KINGSTON HOSPITAL NHS FOUNDATION TRUST,904585.0,25,0
Department for Work and Pensions,HIGHLAND ACUTE HOSPITALS NHS TRUST,903506.0,22,0
Department for Work and Pensions,BATH NE SOMERSET COUNCIL HB,903191.0,14,0
Home Office,WEST YORKSHIRE POLICE,901872.63,10,0
Foreign and Commonwealth Office,HIGH PEACE COUNCIL,901120.75,3,0
HM Revenue and Customs,ORDNANCE SURVEY,900760.56,8,0
Department for International Development,HM TREASURY VOTES CASH ACCOUNT,900314.16,46,0
Shropshire Community Health NHS Trust,DEPARTMENT OF HEALTH,900000.0,1,0
Ministry of Justice,EAST SUSSEX PENSION FUND AE10410077,900000.0,1,0
"Ministry of Housing, Communities and Local Government",MELTON BOROUGH COUNCIL,898028.0,13,0
National Offender Management Service,LONDON BOROUGH OF HOUNSLOW,897415.99,23,0
Department for Work and Pensions,DEPT OF HEALTH SOCIAL CARE,896733.0,3,0
United Lincolnshire Hospitals NHS Trust,NHS PENSION SCHEME,896592.26,61,0
National Offender Management Service,WANDSWORTH BOROUGH COUNCIL,895743.51,23,0
Department of Health and Social Care,KINGSTON HOSPITAL NHS TRUST,895000.0,2,0
HM Revenue and Customs,COUNCIL OF THE BOROUGH,893858.09,18,0
National Offender Management Service,DACORUM BOROUGH COUNCIL,892200.99,24,0
Home Office,HAMPSHIRE CONSTABULARY,892034.12,22,0
Ministry of Defence,POLICE SERVICE OF NORTHERN IRELAND,890999.2,10,0
"Department for Digital, Culture, Media and Sport",MANCHESTER CITY COUNCIL,890780.0,2,0
Home Office,LONDON BOROUGH OF HAMMERSMITH FU,888384.44,7,0
Home Office,ROTHERHAM PCT G,888121.16,7,0
Royal Borough of Greenwich,ENVIRONMENT AGENCY,886757.25,40,0
George Eliot Hospital NHS Trust,NHS BLOOD TRANSPLANT,885885.83,18,0
Home Office,LONDON BOROUGH OF HILLINGDON,885420.0,9,0
"Department for Environment, Food and Rural Affairs",SHROPSHIRE COUNCIL,884872.6,19,0
"Department for Digital, Culture, Media and Sport",EAST CHESHIRE BC COUNCIL FUND ACCOUNT,884218.0,2,0
"Department for Science, Innovation and Technology",PLYMOUTH CITY COUNCIL,883264.2,7,0
Home Office,METROPOLITAN POLICE SERVICE,882635.05,67,0
Ministry of Justice,VALUATION OFFICE AGENCY,882246.8,21,0
"Department for Environment, Food and Rural Affairs",LICHFIELD DISTRICT COUNCIL,881671.0,8,0
Department of Health and Social Care,NHS CANTERBURY COASTAL CCG,880523.0,9,0
Former council of North Yorkshire,RICHMONDSHIRE DISTRICT COUNCIL,879982.3,78,0
"Ministry of Housing, Communities and Local Government",TRANSPORT FOR LONDON,879504.37,3,0
Ministry of Defence,CHARNWOOD BOROUGH COUNCIL,877892.0,6,0
Department for Energy Security and Net Zero,NORTH YORKSHIRE COUNTY COUNCIL,876687.23,4,0
Department for Work and Pensions,HYWEL DDA NHS TRUST,875683.35,4,0
"Ministry of Housing, Communities and Local Government",FOREIGN COMMONWEALTH OFFICE,874266.12,14,0
Former council of North Yorkshire,NHS HUMBER NORTH YORKSHIRE ICB,873736.46,29,0
Ministry of Justice,NORWICH CITY COUNCIL,872290.01,30,0
Ministry of Justice,HERTFORDSHIRE CONSTABULARY,870804.07,23,0
Ministry of Defence,WILTSHIRE PRIMARY CARE TRUST,868852.5,10,0
National Offender Management Service,BROMSGROVE DISTRICT COUNCIL,867622.99,23,0
"Ministry of Housing, Communities and Local Government",WARWICK DISTRICT COUNCIL,866906.0,10,0
National Offender Management Service,LANCASTER CITY COUNCIL,866717.01,24,0
Ministry of Defence,RUSHCLIFFE BOROUGH COUNCIL,866660.33,8,0
Rushmoor Borough Council,FARN COVE WAR MEMORIAL HOSPITAL TRUST,866196.7,15,0
Ministry of Defence,EXETER CITY COUNCIL,865173.5,8,0
National Offender Management Service,SPELTHORNE BOROUGH COUNCIL,864310.09,23,0
HM Revenue and Customs,LONDON BOROUGH OF ENFIELD,864302.5,10,0
Former council of North Yorkshire,SELBY DISTRICT COUNCIL,864116.27,31,0
Home Office,ASSOCIATION OF POLICE CRIME COMMISSIONERS APCC G,861755.0,8,0
Department for Work and Pensions,BASILDON BOROUGH COUNCIL,859596.0,8,0
Home Office,POLICE CRIME COMMISSIONER FOR CLEVELAND,859554.52,24,0
Coventry and Warwickshire Partnership NHS Trust,NHS WARWICKSHIRE NORTH CCG,859000.0,4,0
Royal Borough of Greenwich,GREENWICH COUNCIL PENSION FUND,855874.02,13,0
HM Revenue and Customs,HIGHLAND COUNCIL,855571.0,15,0
HM Revenue and Customs,NORWICH CITY COUNCIL,855270.0,15,0
HM Revenue and Customs,MANCHESTER CITY COUNCIL POLAR,854724.41,9,0
HM Revenue and Customs,LONDON BOROUGH OF BARNET COUNCIL,854717.5,7,0
Department for Energy Security and Net Zero,EXETER CITY COUNCIL,853650.0,4,0
Ministry of Defence,COUNCIL FOR CADET RIFLE SHOOTING,853360.93,9,0
Home Office,BRITISH COUNCIL G,853298.88,8,0
Ministry of Defence,SEFTON METROPOLITAN BOROUGH COUNCIL,852718.0,14,0
National Offender Management Service,STOCKTON ON TEES BOROUGH COUNCIL,851217.79,25,0
HM Revenue and Customs,LONDON BOROUGH OF EALING COUNCIL,851015.5,12,0
Home Office,NORTH AYRSHIRE COUNCIL G,850374.12,20,0
Ministry of Defence,SCOTTISH GOVERNMENT,850000.0,1,0
NHS Thames Valley ICB,EPSOM ST HELIER UNIVERSITY HOSPITALS NHS TRUST,847890.0,6,0
Home Office,BLACKBURN WITH DARWEN BOROUGH COUNCIL G,844827.65,22,0
"Department for Digital, Culture, Media and Sport",NORTHAMPTONSHIRE COUNTY COUNCIL,844760.0,1,0
Ministry of Justice,LONDON BOROUGH OF SOUTHWARK 10007039794,844183.0,1,0
Ministry of Defence,MELTON BOROUGH COUNCIL,843653.32,8,0
Home Office,BIRKENHEAD WALLASEY PCT G,843387.9,8,0
Department for Work and Pensions,WREXHAM BOROUGH COUNCIL,840999.0,19,0
Department for Work and Pensions,WEST ESSEX PCT,839552.0,2,0
Department for Work and Pensions,SOLIHULL MBC TA ESF 2014 2020,839423.0,9,0
Home Office,LONDON BOROUGH OF BARKING DAGENH,838500.32,5,0
Department of Health and Social Care,RIBBLE VALLEY BOROUGH COUNCIL,837967.98,3,0
Home Office,DEPT FOR WORK PENSIONS,837227.91,6,0
Home Office,KINGSTON UPON HULL CITY COUNCIL 2,836121.88,4,0
HM Revenue and Customs,LONDON BOROUGH OF BEXLEY,835791.18,9,0
National Offender Management Service,DONCASTER MBC,834839.49,25,0
Eden District Council,PENRITH TOWN COUNCIL,833126.0,16,0
Ministry of Justice,OXFORD CITY COUNCIL,832916.33,30,0
Ministry of Justice,DERBY CITY COUNCIL,832640.47,30,0
South Central Ambulance Service NHS Foundation Trust,NHS SHARED BUSINESS SERVICES,832418.54,43,0
Department of Health and Social Care,TENDRING DISTRICT COUNCIL,831778.34,2,0
Department for Work and Pensions,BURTON HOSPITAL NHS TRUST,831161.0,13,0
Uttlesford District Council,POLICE CRIME COMMISSIONER FOR ESSEX,830247.3,65,0
"Department for Environment, Food and Rural Affairs",WILTSHIRE COUNCIL,829880.84,7,0
Department of Health and Social Care,OADBY WIGSTON BOROUGH COUNCIL,824238.55,4,0
Department for Work and Pensions,GEORGE ELIOR HOSPITAL NHS TRUST,823506.0,26,0
NHS Business Services Authority,HMRC 654434729,823213.75,1,0
North Yorkshire Council,SELBY DIST COUNCIL,823111.41,3,0
National Offender Management Service,HM PRISON SERVICE,822209.3,8,0
Home Office,CITY OF WESTMINSTER G,822106.56,18,0
Home Office,SOUTH GLOUCESTERSHIRE COUNCIL 1 G,821193.79,19,0
Home Office,EASINGTON PCT G,821177.56,9,0
Department for Work and Pensions,SOUTH TYNESIDE SUNDERLAND NHS FOUNDATION TRUST,820831.0,12,0
Ministry of Defence,NEWCASTLE CITY COUNCIL,820451.13,7,0
Department of Health and Social Care,SOUTH CENTRAL AMBULANCE SERVICE NHS TRUST,820205.5,2,0
"Ministry of Housing, Communities and Local Government",WAKEFIELD COUNCIL,819769.78,23,0
National Offender Management Service,BRECKLAND DISTRICT COUNCIL,819689.0,23,0
Maidstone and Tunbridge Wells NHS Trust,GUY S ST THOMAS NHS FOUNDATION TRUST,819573.4,23,0
Ministry of Defence,SELBY DISTRICT COUNCIL,819000.0,5,0
Home Office,WARRINGTON BOROUGH COUNCIL G,818923.82,19,0
Department of Health and Social Care,NHS CAMBRIDGESHIRE PETERBOROUGH CCG,818710.0,12,0
Department for Work and Pensions,PLYMOUTH HOSPITALS NHS TRUST,817500.0,10,0
Department for Work and Pensions,WOKINGHAM BOROUGH COUNCIL,817082.0,36,0
Home Office,STAFFORDSHIRE POLICE AUTHORITY,816415.68,19,0
Home Office,TAYSIDE JOINT POLICE BOARD G,815494.0,1,0
Ministry of Defence,SOUTHAMPTON UNIVERSITY HOSPITALS NHS TRUST,814451.43,17,0
Department of Health and Social Care,EXETER CITY COUNCIL,811196.98,5,0
Ministry of Defence,CITY OF LONDON,810600.0,6,0
HM Revenue and Customs,OXFORD CITY COUNCIL,809520.24,10,0
Department for Work and Pensions,ROYAL NATIONAL ORTHOPAEDIC HOSPITAL NHS TRUST,806726.0,13,0
Department for International Development,HM REVENUE CUSTOMS SHIPLEY,805000.0,1,0
Home Office,GRAMPIAN JOINT POLICE BOARD G,802961.0,1,0
Ministry of Justice,NORTH LINCOLNSHIRE COUNCIL,802780.13,11,0
Department of Health and Social Care,NHS NATIONAL SERVICES SCOTLAND NHS NSS,801855.5,13,0
Department for Work and Pensions,HULL CITY COUNCIL,801750.0,6,0
Ministry of Justice,BASILDON DISTRICT COUNCIL,800033.39,24,0
National Offender Management Service,EAST STAFFORDSHIRE BOROUGH COUNCIL,798375.99,25,0
Home Office,KIRKLEES METROPOLITAN COUNCIL 2 G,797057.03,19,0
"Department for Digital, Culture, Media and Sport",RUTLAND COUNTY COUNCIL,796648.0,2,0
Home Office,SURREY PCT G,795572.2,9,0
National Offender Management Service,SURREY HEATH BOROUGH COUNCIL,794072.0,23,0
Ministry of Justice,LONDON BOROUGH OF LEWISHAM,792494.0,1,0
Coventry and Warwickshire Partnership NHS Trust,NHS ARDEN GEM CSU,792075.26,16,0
The Pennine Acute Hospitals NHS Trust,NHS PENSIONS AGENCY,791993.43,17,0
Home Office,ESSEX POLICE AUTHORITY REVENUE,791669.68,5,0
National Offender Management Service,SALFORD CITY COUNCIL,790260.62,24,0
Department for Education,BEECLES FREE SECKFORD FOUNDATION TRUST,789922.0,5,0
NHS Norfolk and Suffolk ICB - 25k Expenditure Report,ROYAL NATIONAL ORTHOPAEDIC HOSPITAL NHS TRUST,789163.95,6,0
Department of Health and Social Care,BRIDGEWATER COMMUNITY HEALTHCARE NHS TRUST RY2,789000.0,4,0
Home Office,NOTTINGHAMSHIRE OFFICE OF THE POLICE CRIME COMMISSIONER,788812.4,17,0
East Sussex Healthcare NHS Trust,SUSSEX COMMUNITY NHS FOUNDATION TRUST,785514.91,11,0
Department for Energy Security and Net Zero,SCOTTISH GOVERNMENT,785125.89,4,0
Department of Health and Social Care,LIVERPOOL COMMUNITY HEALTH NHS TRUST RY1,784041.41,5,0
Home Office,CARMARTHENSHIRE COUNTY COUNCIL 1 G,783265.49,22,0
Home Office,OFFICE FOR NATIONAL STATISTICS ONS,782321.82,35,0
Home Office,NOTTINGHAMSHIRE OFFICE OF THE POLICE CRIME COMMISSIONER THE,780907.83,20,0
"Ministry of Housing, Communities and Local Government",TENDRING DISTRICT COUNCIL,779233.5,8,0
Home Office,CAMBRIDGESHIRE POLICE AUTH,777572.73,10,0
Department for Work and Pensions,HMRC VOTES RECEIPTS ACCOUNT,777507.29,2,0
Department for Work and Pensions,MET OFFICE,777116.55,20,0
Ministry of Defence,KENT COUNTY COUNCIL,776252.98,7,0
Department for Work and Pensions,ORKNEY ISLANDS COUNCIL,775686.0,86,0
Department for Work and Pensions,SOMERSET PCT,775412.0,5,0
"Department for Digital, Culture, Media and Sport",OXFORDSHIRE COUNTY COUNCIL,773096.0,1,0
Home Office,EAST SUSSEX COUNTY COUNCIL G,771143.0,11,0
Department of Health and Social Care,NHS MIDLANDS LANCASHIRE CSU,770931.75,26,0
Coventry and Warwickshire Partnership NHS Trust,WARWICK DISTRICT COUNCIL,769705.07,10,0
Department for Education,SOUTH EAST COAST AMBULANCE SERVICE NHS FT,769392.51,16,0
Northern Ireland Office,DEPARTMENT OF JUSTICE,769085.63,14,0
Department of Health and Social Care,SCIENCE TECHNOLOGY FACILITIES COUNCIL STFC,767073.0,11,0
Department for Work and Pensions,NORTHAMPTONSHIRE COUNTY COUNCIL,766494.15,9,0
Department for Education,FOREIGN COMMONWEALTH OFFICE,765700.6,13,0
HM Revenue and Customs,THURROCK COUNCIL,764980.41,11,0
Department for Energy Security and Net Zero,OXFORDSHIRE COUNTY COUNCIL,764959.71,2,0
Ministry of Defence,LICHFIELD DISTRICT COUNCIL,764033.25,6,0
"Department for Digital, Culture, Media and Sport",HM TREASURY,762341.93,13,0
Ministry of Defence,AIRPORT FIRE RESCUE SERVICE,761513.22,6,0
NHS Thames Valley ICB,SUSSEX PARTNERSHIP NHS FOUNDATION TRUST,761038.74,3,0
The Pennine Acute Hospitals NHS Trust,BURY PRIMARY CARE TRUST,760801.29,48,0
Cabinet Office,LIVERPOOL CITY COUNCIL,759895.27,7,0
The Pennine Acute Hospitals NHS Trust,ROCHDALE MBC COUNCIL TAX ONLY,759116.0,21,0
Royal Borough of Greenwich,NHS PENSION SCHEME EA 1719,758112.13,35,0
Department for Energy Security and Net Zero,SHROPSHIRE COUNCIL,757839.89,6,0
"Department for Environment, Food and Rural Affairs",LINCOLN CITY COUNCIL,757695.72,8,0
Home Office,NHS ENGLAND,754825.65,4,0
Department for Work and Pensions,DORSET COUNTY HOSPITAL NHS FOUNDATION TRUST,754236.0,17,0
Department for International Development,HMRC,752263.27,50,0
"Ministry of Housing, Communities and Local Government",DEPARTMENT FOR TRANSPORT RAIL,752263.1,8,0
National Offender Management Service,BRISTOL CITY COUNCIL,751743.35,9,0
Department of Health and Social Care,CHELMSFORD CITY COUNCIL,751005.36,3,0
"Department for Environment, Food and Rural Affairs",CITY OF YORK COUNCIL,750135.0,8,0
United Lincolnshire Hospitals NHS Trust,NORTH WEST ANGLIA NHS FT,750009.44,17,0
Department for Energy Security and Net Zero,ROYAL BOROUGH OF KINGSTON UPON THAMES,750000.0,1,0
Department of Health and Social Care,HIGHER EDUCATION FUNDING COUNCIL FOR WALES,749876.34,2,0
NHS Thames Valley ICB,EAST NORTH HERTFORDSHIRE NHS TRUST,748795.23,6,0
Home Office,MET POLICE,748039.03,1,0
Home Office,ABERDEENSHIRE COUNCIL G,746637.2,12,0
Ministry of Defence,NUFFIELD ORTHOPAEDIC CENTRE NHS TRUST,746381.0,12,0
East Sussex Healthcare NHS Trust,SUSSEX COMMUNITY NHS TRUST,744004.69,37,0
Home Office,WIGAN MBC G,742547.8,8,0
Plymouth City Council,PLYMOUTH HOSPITALS NHS TRUST,742345.86,42,0
Home Office,FIFE CONSTABULARY G,741604.19,1,0
Home Office,DEPARTMENT FOR WORK PENSIONS ACCOUNTING SHARED SERVICES,741545.0,11,0
"Department for Digital, Culture, Media and Sport",ARCHBISHOPS COUNCIL,741451.0,9,0
"Ministry of Housing, Communities and Local Government",NATURAL ENV RESEARCH COUNCIL,740779.92,16,0
HM Revenue and Customs,STOCKTON BOROUGH COUNCIL,739407.91,6,0
Home Office,GATESHEAD PCT G,739139.46,8,0
Ministry of Justice,HERFORDSHIRE COUNTY COUNCIL AE10410105,739000.0,1,0
Ministry of Justice,LONDON BOROUGH OF LAMBETH RC31620111,738145.81,1,0
Ministry of Justice,LONDON BOROUGH OF LAMBETH,737008.0,1,0
Coventry and Warwickshire Partnership NHS Trust,NUNEATON BEDWORTH BOROUGH COUNCIL RATES,736746.38,15,0
"Department for Digital, Culture, Media and Sport",ROYAL BOROUGH OF KENSINGTON CHELSE,736578.0,10,0
Department of Health and Social Care,ELMBRIDGE BOROUGH COUNCIL,736356.03,3,0
"Department for Environment, Food and Rural Affairs",EDEN DISTRICT COUNCIL,736179.0,8,0
Home Office,THAMES VALLEY POLICE,736148.36,14,0
Home Office,DEPARTMENT OF EDUCATION G,735300.0,19,0
"Foreign, Commonwealth and Development Office (FCDO)",BEIS DEPARTMENT FOR BUSINESS ENERGY INDUSTRIAL STRATEGY,734920.93,13,0
"Foreign, Commonwealth and Development Office (FCDO)",DEPARTMENT OF HEALTH,734077.19,2,0
Transport for Greater Manchester,WEST MIDLANDS COMBINED AUTHORITY,733126.89,9,0
"Foreign, Commonwealth and Development Office (FCDO)",BRITISH COUNCIL SINGAPORE,728044.31,11,0
Home Office,ARGYLL BUTE COUNCIL G,727727.38,10,0
Uttlesford District Council,MINISTRY OF HOUSING COMMINITIES LG,727043.96,6,0
Department for Education,WAKEFIELD DISTRICT COUNCIL,724909.81,11,0
Plymouth City Council,TORBAY COUNCIL,724055.0,5,0
National Offender Management Service,WYCHAVON DISTRICT COUNCIL,723817.99,23,0
"Ministry of Housing, Communities and Local Government",TYNEDALE DISTRICT COUNCIL,723622.0,5,0
"Department for Environment, Food and Rural Affairs",DORSET COUNTY COUNCIL,723594.79,13,0
Department for Education,BROADLAND DISTRICT COUNCIL,722756.66,51,0
HM Revenue and Customs,DEPARTMENT FOR ENVIRONMENT FOOD,722512.31,9,0
Home Office,SOUTH LANARKSHIRE COUNCIL G,722498.0,15,0
Department for Energy Security and Net Zero,WEST LANCASHIRE BOROUGH COUNCIL,721331.22,4,0
North Yorkshire Council,SELBY TOWN COUNCIL,720942.34,8,0
"Ministry of Housing, Communities and Local Government",SWINDON BOROUGH COUNCIL,720000.0,2,0
Department for Work and Pensions,SOUTH CENTRAL AMBULANCE SERVICE NHS FOUNDATION TRUST,719822.0,23,0
Cabinet Office,GLASGOW CITY COUNCIL,718224.86,3,0
"Department for Environment, Food and Rural Affairs",EAST RIDING OF YORKSHIRE COUNCIL,716391.24,6,0
"Department for Digital, Culture, Media and Sport",DURHAM COUNTY COUNCIL,715358.0,1,0
Ministry of Justice,WORCESTERSHIRE COUNTY COUNCIL AE10410097,715174.0,1,0
"Department for Science, Innovation and Technology",ENVIRONMENT AGENCY,708869.62,10,0
Department for Work and Pensions,TAMESIDE MBC,707019.0,19,0
Department for International Development,METROPOLITAN POLICE SERVICE,706885.14,19,0
HM Revenue and Customs,KENT POLICE,706722.0,17,0
Royal Borough of Greenwich,LONDON BOROUGH OF BROMLEY,706339.63,73,0
Department for Education,HAMPSHIRE COUNTY COUNCIL SWANWICK LODGE,705844.63,7,0
Department for Work and Pensions,HINCKLEY BOSWORTH COUNCIL,705421.0,11,0
National Offender Management Service,RUTLAND DISTRICT COUNCIL,704740.0,23,0
Home Office,INVERCLYDE COUNCIL G,703680.0,11,0
Bristol City Council,PETERBOROUGH CITY COUNCIL,703375.2,25,0
"Ministry of Housing, Communities and Local Government",TORBAY COUNCIL,701414.0,19,0
Department for International Development,HM REVENUE CUSTOMS ACC NO 12535645,699162.77,23,0
Cabinet Office,DEPARTMENT OF HEALTH,699097.62,7,0
South Gloucestershire Council,MONMOUTHSHIRE COUNTY COUNCIL,698902.05,6,0
Bristol City Council,POLICE CRIME COMMISSIONER FOR AVON SOMERSET,698717.21,15,0
Department for Work and Pensions,FOREIGN COMMONWEALTH DEVELOPMENT OFFICE,697604.0,4,0
Ministry of Defence,CARDIFF COUNCIL,695815.0,10,0
Ministry of Defence,ABERDEENSHIRE COUNCIL,695218.51,7,0
Transport for Greater Manchester,DERBYSHIRE COUNTY COUNCIL,694206.37,35,0
South Central Ambulance Service NHS Foundation Trust,OXFORD UNIVERSITY HOSPITALS NHS FOUNDATION TRUST,692165.63,18,0
Department for International Development,DEPARTMENT FOR BUSINESS INNOVATION SKILLS,690019.35,37,0
Rushmoor Borough Council,HAMPSHIRE PENSION FUND,688142.64,8,0
Department for Work and Pensions,SOMERSET COUNCIL,687890.0,6,0
NHS East and North Hertfordshire CCG,WHITTINGTON HOSPITAL NHS TRUST THE,687282.17,22,0
Transport for Greater Manchester,WEST YORKSHIRE COMBINED AUTHORITY,686934.79,20,0
Home Office,SEFTON COUNCIL,686374.01,4,0
Home Office,HERTFORDSHIRE POLICE AUTHORITY,684934.49,10,0
Isle of Wight NHS Trust,SOLENT NHS TRUST,684060.59,15,0
Department for Work and Pensions,SHETLAND ISLANDS COUNCIL,682965.0,86,0
Department for Education,OXFORD HEALTH NHS FOUNDATION TRUST,682911.12,15,0
Home Office,NOTTINGHAMSHIRE POLICE AUTHORITY 1,682689.75,13,0
Shropshire Community Health NHS Trust,NHS ENGLAND,682045.67,10,0
Home Office,BLACKPOOL PCT G,681313.78,10,0
Department for Education,MERSEYSIDE FIRE RESCUE AUTHORITY,680081.56,14,0
HM Revenue and Customs,DEPARTMENT FOR BUSINESS INNOVATION,680000.0,1,0
Department of Health and Social Care,SPELTHORNE BOROUGH COUNCIL,679815.96,2,0
Ministry of Justice,YORKSHIRE COUNTY COUNCIL AE10410091,679617.0,1,0
Department for Work and Pensions,ALDERHAY CHILDRENS NHS FOUNDATION TRUST,679367.0,12,0
NHS East and North Hertfordshire CCG,CHELSEA WESTMINSTER HOSPITAL NHS FOUNDATION TRUST,679108.97,22,0
"Ministry of Housing, Communities and Local Government",ALNWICK DISTRICT COUNCIL,678045.83,5,0
Royal Borough of Greenwich,BEXLEY COUNCIL,677955.87,23,0
Department for Energy Security and Net Zero,HINCKLEY BOSWORTH BOROUGH COUNCIL,677907.15,6,0
Department of Health and Social Care,HEALTH PROFESSION COUNCIL,677785.26,9,0
Cabinet Office,SHEFFIELD CITY COUNCIL,677546.41,6,0
Ministry of Justice,WARWICKSHIRE COUNTY COUNCIL AE10410095,676908.0,1,0
Department for Energy Security and Net Zero,CITY OF YORK COUNCIL,675000.0,3,0
Home Office,RB OF WINDSOR MAIDENHEAD G,673327.93,14,0
Department for Work and Pensions,CAERPHILLY BOROUGH COUNCIL HB,672827.0,13,0
Department for Work and Pensions,GATESHEAD PRIMARY CARE TRUST,671722.0,8,0
Foreign and Commonwealth Office,DEFRA DEPT FOR ENVIRNMENT FOOD RURAL AFFAIRS,669270.7,5,0
Department of Health and Social Care,EPPING FOREST DISTRICT COUNCIL,667199.78,2,0
Department for Work and Pensions,HARROGATE DISTRICT NHS FOUNDATION TRUST,666540.0,18,0
Cabinet Office,LONDON BOROUGH OF WESTMINSTER,665756.6,5,0
Department for Work and Pensions,TELFORD WREKIN COUNCIL,664750.0,10,0
"Department for Environment, Food and Rural Affairs",HARROGATE BOROUGH COUNCIL,664706.49,8,0
Home Office,LEICESTERSHIRE CONSTABULARY,664582.33,15,0
Home Office,BARNSLEY MBC 1 G,664416.5,12,0
National Offender Management Service,DERBYSHIRE COUNTY COUNCIL,663043.45,3,0
Coventry and Warwickshire Partnership NHS Trust,NHS MIDLANDS LANCS CSU,662843.08,17,0
NHS Business Services Authority,HM COURTS TRIBUNALS SERVICE,662726.82,6,0
Department for Work and Pensions,STOCKTON ON TEES BOROUGH COUNCIL,660577.44,5,0
HM Treasury,DEPARTMENT FOR CULTURE MEDIA SPORT,660278.37,14,0
Department of Health and Social Care,WIRRAL COMMUNITY NHS FOUNDATION TRUST RY7,660000.0,6,0
Ministry of Justice,LONDON BOROUGH OF HACKNEY,659418.0,1,0
HM Revenue and Customs,INDEPENDENT POLICE COMPLAINTS,659252.6,13,0
Department for Work and Pensions,HERTFORDSHIRE COUNTY COUNCIL,658615.0,15,0
Home Office,DURHAM POLICE AUTHORITY,656809.29,19,0
"Ministry of Housing, Communities and Local Government",OFFICE POLICE CRIME COMMISSIONER,656707.0,10,0
Bristol City Council,SOMERSET COUNCIL,655415.37,30,0
Department for Work and Pensions,ROYAL BOROUGH OF WINDSOR MAIDENHEAD,655250.0,13,0
Department of Health and Social Care,ROYAL BOLTON HOSPITAL NHS FOUNDATION TRUST,655000.0,1,0
Home Office,DUMFRIES GALLOWAY COUNCIL G,654968.0,8,0
HM Revenue and Customs,METROPOLITAN POLICE,652355.42,10,0
National Offender Management Service,NORFOLK PENSION FUND BACS PAUL HARKER,652016.68,3,0
Department for Education,NORTHUMBERLAND TYNE WEAR NHS FOUND,651556.0,2,0
Department for Work and Pensions,SOUTH WARWICKSHIRE NHS FOUNDATION TRUST,650649.0,15,0
Department for Work and Pensions,WYE VALLEY NHS TRUST,650596.0,16,0
Home Office,AVON SOMERSET POLICE AUTHORITY,650320.21,12,0
Home Office,POLICE CRIME COMMISSIONER FOR WILTSHIRE,650022.66,15,0
"Department for Environment, Food and Rural Affairs",WINCHESTER CITY COUNCIL,648777.06,8,0
Department of Health and Social Care,BOROUGH COUNCIL OF KINGS LYNN WEST NORFOLK,647814.66,2,0
East Sussex Healthcare NHS Trust,NHS SOUTH LONDON CSU,644978.31,10,0
Bristol City Council,NETWORK RAIL PROPERTY,644172.5,20,0
Department for Education,COUNCIL FOR LEARNING OUTSIDE THE CLASSROOM,644150.0,7,0
"Department for Environment, Food and Rural Affairs",SCOTTISH GOVERNMENT,643697.8,10,0
Home Office,CAERPHILLY COUNTY BOROUGH COUNCIL G,643195.59,18,0
Royal Borough of Greenwich,CITY OF LONDON,642952.98,33,0
The Pennine Acute Hospitals NHS Trust,NPS033 NHS PROPERTY SERVICES,642321.45,13,0
Home Office,ISLINGTON PRIMARY CARE TRUST PCT,641121.62,2,0
Home Office,ISLINGTON PRIMARY CARE TRUST PCT G,641121.62,2,0
Department of Health and Social Care,LONDON BOROUGH OF MERTON PPE ONLY,640863.31,4,0
HM Revenue and Customs,ALLERDALE BOROUGH COUNCIL,640079.0,9,0
Department for Energy Security and Net Zero,INTERNATIONAL CRIMINAL POLICE ORGANIZATION INTERPOL,640000.0,1,0
Uttlesford District Council,ESSEX PENSION FUND,639403.78,19,0
National Offender Management Service,BRIDGEND COUNTY BOROUGH COUNCIL,639225.0,23,0
Cabinet Office,CORNWALL COUNCIL,639074.69,6,0
HM Revenue and Customs,WATFORD COUNCIL,638447.5,10,0
Home Office,CUMBRIA POLICE CRIME COMMISSIONER,638025.43,24,0
Department for Work and Pensions,TAMESIDE METROPOLITAN BOROUGH COUNCIL,637465.0,14,0
Department of Health and Social Care,MANSFIELD DISTRICT COUNCIL,637047.91,3,0
Ministry of Defence,EDINBURGH CITY COUNCIL,636132.7,8,0
Department for Energy Security and Net Zero,UTTLESFORD DISTRICT COUNCIL,633761.0,1,0
Department of Health and Social Care,NEWARK SHERWOOD DISTRICT COUNCIL,632723.55,3,0
Home Office,ABERDEEN CITY COUNCIL G,632362.87,11,0
Department for Work and Pensions,NORTH YORKSHIRE COUNCIL,631960.0,5,0
National Institute for Health and Care Excellence,DEPARTMENT OF HEALTH,631630.19,20,0
"Department for Environment, Food and Rural Affairs",SOUTH RIBBLE BOROUGH COUNCIL,631361.69,9,0
Department of Health and Social Care,ASHFIELD DISTRICT COUNCIL,630235.78,3,0
Department of Health and Social Care,HM REVENUE CUSTO,629728.36,3,0
Former council of North Yorkshire,TEES ESK WEAR VALLEYS NHS FOUNDATION TRUST,629141.02,11,0
Department for International Development,EUROPEAN COUNCIL ON FOREIGN RELATIONS,626548.0,10,0
HM Revenue and Customs,TEIGNBRIDGE DISTRICT COUNCIL,625309.78,9,0
Ministry of Defence,DEPARTMENT FOR BUSINESS INNOVATION SKILLS,625143.1,10,0
Former council of North Yorkshire,SELBY DIST COUNCIL,624859.77,18,0
"Department for Digital, Culture, Media and Sport",HAMPSHIRE COUNTY COUNCIL,624256.0,2,0
Department for Work and Pensions,WELSH GOVERNMENT,624221.0,6,0
"Ministry of Housing, Communities and Local Government",HERTS CC FIRE RESCUE SERVICE,622237.21,16,0
Ministry of Justice,BIRMINGHAM CITY COUNCIL RC38000001,622114.03,1,0
Department of Health and Social Care,WIRRAL COMMUNITY NHS TRUST RY7,622000.0,3,0
Department for Work and Pensions,STOCKPORT MBC,620637.0,9,0
Home Office,SOLIHULL PRIMARY CARE TRUST G,620486.96,10,0
"Department for Environment, Food and Rural Affairs",NATURAL ENVIRONMENT RESEARCH COUNCIL,620329.2,12,0
Department for Energy Security and Net Zero,CORNWALL COUNCIL,619901.5,6,0
Coventry and Warwickshire Partnership NHS Trust,STRATFORD ON AVON DISTRICT COUNCIL,618630.22,11,0
South Gloucestershire Council,SOMERSET COUNTY COUNCIL,618201.11,31,0
"Department for Science, Innovation and Technology",POWYS COUNTY COUNCIL,616903.4,12,0
Cabinet Office,BRISTOL CITY COUNCIL,616459.18,7,0
Ministry of Justice,LONDON BOROUGH OF MERTON,616343.63,9,0
South Gloucestershire Council,NETWORK RAIL,616168.94,4,0
Ministry of Justice,SHROPSHIRE COUNCIL SHREWSBURY,615909.19,10,0
George Eliot Hospital NHS Trust,WARWICKSHIRE COUNTY COUNCIL,615600.0,1,0
Home Office,POWYS COUNTY COUNCIL 1 G,615573.57,14,0
Foreign and Commonwealth Office,DECC DEPARTMENT OF ENERGY CLIMATE CHANGE,613513.32,6,0
Department of Health and Social Care,OXFORD HEALTH NHS FO,613497.0,4,0
Children and Family Court Advisory and Support Service,CABINET OFFICE T A GOVERNMENT PROPERTY A,612984.67,26,0
HM Revenue and Customs,REIGATE BANSTEAD BOROUGH COUNCIL,612769.0,11,0
"Foreign, Commonwealth and Development Office (FCDO)",GREATER MANCHESTER POLICE,612475.0,3,0
"Department for Environment, Food and Rural Affairs",BIRMINGHAM CITY COUNCIL,611359.79,19,0
HM Revenue and Customs,ROYAL BOROUGH OF KINGSTON UPON THAM,610870.0,8,0
Cabinet Office,BARROW IN FURNESS BOROUGH COUNCIL,610000.0,2,0
Ministry of Defence,SOUTH AYRSHIRE COUNCIL,609673.72,7,0
Department of Health and Social Care,BROXTOWE BOROUGH COUNCIL,609329.92,3,0
Coventry and Warwickshire Partnership NHS Trust,NHS SUPPLY CHAIN,609248.35,35,0
Shropshire Community Health NHS Trust,NHS SHROPSHIRE TELFORD WREKIN ICB QOC,608662.26,62,0
Home Office,BATH NORTH EAST SOMERSET COUNCIL G,607465.98,12,0
UK Shared Business Services,HM TREASURY GROUP,606600.0,11,0
Shropshire Community Health NHS Trust,NHS SHROPSHIRE CCG 05N,606000.0,8,0
"Ministry of Housing, Communities and Local Government",LB NEWHAM USE 409143,604737.0,12,0
Royal Borough of Greenwich,PHOENIX FIRE SERVICES,603514.06,73,0
Home Office,BOURNEMOUTH BOROUGH COUNCIL 1 G,601754.6,12,0
HM Revenue and Customs,HOME OFFICE AFU CASH MANAGEMENT,601587.0,4,0
National Offender Management Service,LEEDS CITY COUNCIL,601258.78,8,0
Shropshire Community Health NHS Trust,MID CHESHIRE HOSPITALS NHS FOUNDATION TRUST,601121.75,504,0
Home Office,OFFICE OF THE DURHAM POLICE CRIME COMMISSIONER,600870.76,19,0
"Ministry of Housing, Communities and Local Government",SOUTHWARK COUNCIL,600200.0,8,0
Ministry of Defence,NHS WILTSHIRE CLINICAL COMMISSIONING GROUP,600106.0,3,0
Department for Education,ARTS COUNCIL ENGLAND,600000.0,1,0
Ministry of Justice,BEDFORDSHIRE PENSION FUND AE10410079,600000.0,1,0
Ministry of Justice,CAMBRIDGESHIRE PENSION FUND AE10410074,600000.0,1,0
Ministry of Justice,CHESHIRE PENSION FUND AE10410076,600000.0,2,0
Department for Work and Pensions,WHITTINGTON HEALTH NHS TRUST,599648.0,18,0
Home Office,NORTHANTS POLICE AUTHORITY,598260.1,16,0
Ministry of Defence,DEVON COUNTY COUNCIL,597658.0,10,0
"Ministry of Housing, Communities and Local Government",COTSWOLD COUNTY COUNCIL,597303.0,8,0
Department for Education,LONDON BOROUGH OF REDBRIDGE COUNCIL,596580.06,16,0
Department of Health and Social Care,THANET DISTRICT COUNCIL,595299.02,2,0
Department of Health and Social Care,GREAT WESTERN AMBULANCE SERVICE NHS TRUST,594884.75,4,0
Coventry and Warwickshire Partnership NHS Trust,NUNEATON BEDWORTH BOROUGH COUNCIL,594463.0,7,0
Cabinet Office,NOTTINGHAM CITY COUNCIL,594299.55,6,0
Shropshire Community Health NHS Trust,NHS LITIGATION AUTHORITY,594251.07,86,0
Ministry of Justice,LONDON BOROUGH OF LAMBETH RC38000001,594113.68,1,0
Department for Work and Pensions,LEICESTER CITY COUNCIL FFWS,593666.0,2,0
East Sussex Healthcare NHS Trust,NHS HASTINGS ROTHER CCG,591647.95,3,0
Department for Work and Pensions,OLDHAM COUNCIL,590099.0,8,0
National Offender Management Service,COUNTY DURHAM PRIMARY CARE TRUST,587244.0,4,0
NHS Thames Valley ICB,SURREY BORDERS PARTNERSHIP NHS FOUNDATION TRUST,586400.01,6,0
Home Office,DORSET COUNTY COUNCIL 1 G,585763.04,15,0
NHS Thames Valley ICB,WEST HERTFORDSHIRE TEACHING HOSPITALS NHS TRUST,585000.0,3,0
Home Office,NORTH YORKSHIRE YORK PCT G,584367.16,8,0
Department for Work and Pensions,DUDLEY MBC,582750.0,6,0
The Pennine Acute Hospitals NHS Trust,WRIGHTINGTON WIGAN LEIGH NHS FT,582635.97,11,0
Home Office,HEREFORDSHIRE COUNCIL G,582264.0,14,0
United Lincolnshire Hospitals NHS Trust,NHS LINCOLNSHIRE EAST CCG,581819.52,12,0
Home Office,FCO FOREIGN COMMONWEALTH OFFICE,581236.48,18,0
Ministry of Defence,NORTH NORFOLK DISTRICT COUNCIL,580165.23,7,0
Department for Energy Security and Net Zero,LONDON BOROUGH OF NEWHAM,580101.66,4,0
South Central Ambulance Service NHS Foundation Trust,NHS PENSION SCHEME INJURY BENEFIT,580021.09,14,0
Ministry of Justice,CARLISLE CITY COUNCIL,579438.89,22,0
Department for Work and Pensions,MEDWAY COUNCIL,578633.0,10,0
Department of Health and Social Care,RUSHCLIFFE BOROUGH COUNCIL,577923.62,3,0
Ministry of Justice,KENT COUNTY COUNCIL,577408.36,7,0
North Yorkshire Council,SKIPTON TOWN COUNCIL,576869.2,7,0
United Lincolnshire Hospitals NHS Trust,NHS BUSINESS SERVICES AUTHORITY FP10,576059.93,20,0
Home Office,CRAWLEY BOROUGH COUNCIL,575890.0,2,0
Department of Health and Social Care,ISLES OF SCILLY COUNCIL OF THE,575338.5,11,0
Shropshire Community Health NHS Trust,CARE QUALITY COMMISSION T70 NHS,575188.0,61,0
HM Revenue and Customs,HARROW COUNCIL,575159.6,7,0
Department for Energy Security and Net Zero,SOUTHEND ON SEA CITY COUNCIL,575101.42,11,0
Ministry of Defence,NHS PROPERTY SERVICES,574860.25,6,0
"Department for Environment, Food and Rural Affairs",LONDON BOROUGH OF RICHMOND UPON THAMES,574776.0,2,0
Ministry of Justice,ROTHERHAM METROPOLITAN BOROUGH COUNCIL,574485.86,22,0
Home Office,OXFORD CITY PCT,574045.76,2,0
Royal Borough of Greenwich,CHELSEA WESTMINSTER NHS FOUNDATION TRUST,573626.0,28,0
Cabinet Office,LONDON BOROUGH OF BARNET,573348.72,6,0
Department for Work and Pensions,WALTON CENTRE NHS FOUNDATION TRUST,573027.0,11,0
Home Office,LINCOLNSHIRE PCT G,572886.27,7,0
"Department for Environment, Food and Rural Affairs",IPSWICH BOROUGH COUNCIL,572479.0,8,0
"Department for Environment, Food and Rural Affairs",ROTHERHAM METROPOLITAN BOROUGH COUNCIL,571221.5,10,0
HM Revenue and Customs,DERBY CITY COUNCIL,570560.05,15,0
HM Revenue and Customs,WINCHESTER CITY COUNCIL,570035.82,18,0
Department for Work and Pensions,BUCKINGHAMSHIRE COUNCIL,569670.0,6,0
Department for Energy Security and Net Zero,SOUTHAMPTON CITY COUNCIL,569588.3,6,0
East Sussex Healthcare NHS Trust,NHS HIGH WEALD LEWES HAVENS CCG,569422.08,17,0
Former council of North Yorkshire,CITY OF YORK COUNCIL,568061.02,34,0
Home Office,NORTH SOMERSET DISTRICT COUNCIL 1 G,568030.95,15,0
Home Office,KNOWSLEY MBC G,567392.91,11,0
"Department for Environment, Food and Rural Affairs",SOMERSET COUNTY COUNCIL,567309.0,6,0
Home Office,ACPO ASSOCIATION OF CHIEF POLICE OFFICERS,567060.03,9,0
The Pennine Acute Hospitals NHS Trust,NHS SUPPLY CHAIN STOCK 101,566981.24,3,0
"Department for Environment, Food and Rural Affairs",EAST DEVON DISTRICT COUNCIL,566608.96,13,0
Portsmouth Hospital NHS Trust,HMRC CUMBERNAULD,566154.02,4,0
"Department for Environment, Food and Rural Affairs",OXFORDSHIRE COUNTY COUNCIL,565941.77,4,0
Uttlesford District Council,CHELMSFORD CITY COUNCIL,565402.08,56,0
NHS East and North Hertfordshire CCG,BASILDON THURROCK UNIVERSITY HOSPITALS NHS FOUNDATION TRUST,565316.0,11,0
The Pennine Acute Hospitals NHS Trust,DEPARTMENT OF ENERGY CLIMATE CHANGE,564640.0,2,0
Department for Work and Pensions,WELSH AMBULANCE SERVICE NHS TRUST,564495.0,19,0
Department for Education,AUSTRALIAN COUNCIL FOR EDUCATIONAL RESEARCH,563858.0,12,0
Department of Health and Social Care,HASTINGS BOROUGH COUNCIL,563292.45,3,0
Department for Education,LONDON BOROUGH OF EALING,562871.77,13,0
"Department for Digital, Culture, Media and Sport",CABINET OFFICE CS SUPERANNUATION,561003.0,1,0
"Ministry of Housing, Communities and Local Government",KENT POLICE,558853.0,1,0
Home Office,CLACKMANNANSHIRE COUNCIL G,558256.0,12,0
Home Office,STAFFORDSHIRE COUNTY COUNCIL G,558073.81,11,0
Ministry of Defence,HAMPSHIRE PRIMARY CARE TRUST,558023.83,15,0
Ministry of Justice,COUNCIL OF LAW REPORTING,556779.49,6,0
"Department for Digital, Culture, Media and Sport",CARDIFF COUNTY COUNCIL URBAN,556264.0,1,0
Home Office,NORTHAMPTONSHIRE COUNTY COUNCIL 2,555255.37,3,0
Department for Energy Security and Net Zero,MEDWAY COUNCIL,554978.68,5,0
Royal Borough of Greenwich,CROYDON COUNCIL,552938.6,79,0
Ministry of Justice,STOCKPORT METROPOLITAN BOROUGH COUNCIL,552264.11,10,0
The National Archives,SCOTTISH GOVERNMENT,551923.66,39,0
Ministry of Defence,CROYDON COUNCIL,550793.5,16,0
"Department for Environment, Food and Rural Affairs",CORNWALL COUNCIL,550524.04,13,0
Department for International Development,POLICE SERVICE OF SCOTLAND,550228.0,1,0
Home Office,DYFED POWYS POLICE 2 G,549610.0,1,0
"Ministry of Housing, Communities and Local Government",SOUTH BEDFORDSHIRE COUNCIL,549200.0,20,0
Cabinet Office,LONDON BOROUGH OF SOUTHWARK,549125.86,5,0
Ministry of Justice,GLOUCESTERSHIRE COUNTY COUNCIL,548474.21,16,0
HM Revenue and Customs,DEPARTMENT OF WORK PENSIONS,548272.48,4,0
Home Office,NHS SHEFFIELD PRIMARY CARE TRUST G,548065.13,11,0
Department for Work and Pensions,NHS STOKE ON TRENT,548000.0,2,0
South Central Ambulance Service NHS Foundation Trust,BUCKINGHAMSHIRE HEALTHCARE NHS TRUST,546812.6,7,0
North Yorkshire Council,NHS HUMBER NORTH YORKSHIRE ICB,546093.17,23,0
"Foreign, Commonwealth and Development Office (FCDO)",GLASGOW CITY COUNCIL,545550.0,1,0
Ministry of Justice,LONDON BOROUGH OF SOUTHWARK RC31620153,545549.78,1,0
Rushmoor Borough Council,EAST HAMPSHIRE DISTRICT COUNCIL,544938.7,85,0
Department for Education,NORTHAMPTONSHIRE COUNTY COUNCIL COUNTY FUND,544333.87,5,0
Home Office,ROCHDALE METROPOLITAN COUNCIL,544288.52,3,0
Department of Health and Social Care,DUDLEY GROUP NHS,544000.0,1,0
Home Office,CLEVELAND POLICE AUTHORITY,543618.4,15,0
HM Revenue and Customs,BLACKPOOL BOROUGH COUNCIL,543240.38,15,0
National Offender Management Service,DEVON COUNTY COUNCIL,542658.28,10,0
National Offender Management Service,WARRINGTON BOROUGH COUNCIL,542470.96,24,0
United Lincolnshire Hospitals NHS Trust,NHS COMMISSIONING BOARD,540000.0,1,0
Home Office,WEST MIDLANDS POLICE AUTHORITY,539393.15,3,0
Department of Health and Social Care,GEDLING BOROUGH COUNCIL,539109.65,3,0
Ministry of Defence,CAMBRIDGE CITY COUNCIL,538511.27,7,0
Department of Health and Social Care,EREWASH BOROUGH COUNCIL,538094.7,3,0
Isle of Wight NHS Trust,NORTHUMBRIA HEALTHCARE NHS FOUNDATION TRUST,537036.33,11,0
Home Office,DERBY CITY COUNCIL G,535568.57,11,0
Home Office,DEVON CORNWALL CONSTABULARY 4 G,535437.58,7,0
"Foreign, Commonwealth and Development Office (FCDO)",CPS CROWN PROSECUTION SERVICE HQ,535418.27,9,0
Home Office,OXFORD CITY COUNCIL G,535400.0,11,0
Home Office,MILTON KEYNES BOROUGH COUNCIL G,535282.8,12,0
Home Office,GLOUCESTERSHIRE COUNTY COUNCIL 1,534842.29,3,0
Department of Health and Social Care,CHESTERFIELD BOROUGH COUNCIL,534799.76,3,0
Home Office,PUBLIC HEALTH ENGLAND,533800.0,2,0
Home Office,WEST BERKSHIRE COUNCIL G,533492.91,6,0
Home Office,NORFOLK POLICE AUTHORITY,532274.72,13,0
Department for Work and Pensions,YEOVIL DISTRICT HOSPITAL NHS FOUNDATION TRUST,531878.0,13,0
Department for Work and Pensions,ST HELENS COUNCIL,531277.0,3,0
Shropshire Community Health NHS Trust,HM REVENUE CUSTOMS,531005.06,52,0
North Yorkshire Council,HARROGATE TOWN COUNCIL,530686.05,3,0
Department for Work and Pensions,COLCHESTER BOROUGH COUNCIL HB,529641.0,14,0
Department of Health and Social Care,NHS COVENTRY RUGBY CCG 05A,529312.77,14,0
Home Office,FOREIGN COMMONWEALTH OFFICE G,529195.0,7,0
National Offender Management Service,NOTTINGHAMSHIRE COUNTY COUNCIL,527837.47,8,0
Department of Health and Social Care,NHS CITY HACKNEY CCG,527689.0,1,0
Cabinet Office,FIELD STUDIES COUNCIL,526893.0,2,0
Department of Health and Social Care,BASSETLAW DISTRICT COUNCIL,526625.43,2,0
Ministry of Justice,LANCASHIRE COUNTY COUNCIL,526310.81,8,0
Cabinet Office,BRITISH COUNCIL,525933.09,2,0
Transport for Greater Manchester,MERSEYSIDE POLICE AUTHORITY,525680.0,16,0
United Lincolnshire Hospitals NHS Trust,UNIVERSITY HOSPITALS OF LEICESTER NHS TR,525206.18,20,0
Ministry of Justice,STAFFORD BOROUGH COUNCIL,524358.6,20,0
Ministry of Justice,EAST RIDING OF YORKSHIRE COUNCIL AE10410104,524000.0,1,0
"Ministry of Housing, Communities and Local Government",HEART OF ENGLAND NHS FOUNDATION TRU,523598.3,11,0
Royal United Hospital Bath NHS Foundation Trust,WILTSHIRE PCT,523179.58,9,0
Home Office,DEVON PRIMARY CARE TRUST G,522951.32,8,0
East Sussex Healthcare NHS Trust,DEPARTMENT OF ENERGY CLIMATE CHANGE,522303.7,4,0
National Offender Management Service,TEESSIDE PENSION FUND,522114.1,2,0
Cabinet Office,BRADFORD METROPOLITAN BOROUGH COUNCIL,521883.99,5,0
Department of Health and Social Care,GREAT YARMOUTH BOROUGH COUNCIL,521816.28,2,0
"Department for Environment, Food and Rural Affairs",SUFFOLK COUNTY COUNCIL,521812.77,7,0
"Foreign, Commonwealth and Development Office (FCDO)",METROPOLITAN POLICE SERVICE,521000.0,6,0
NHS Business Services Authority,BLACKPOOL COUNCIL,520408.72,8,0
The Pennine Acute Hospitals NHS Trust,NHS HEYWOOD MIDDLETON ROCHDALE CCG,519972.28,4,0
HM Revenue and Customs,SOUTH AYRSHIRE COUNCIL,519258.75,8,0
Transport for Greater Manchester,LANCASHIRE COUNTY COUNCIL,518470.67,32,0
Home Office,NOTTINGHAMSHIRE POLICE AUTHORI,517662.78,7,0
Ministry of Justice,NORTHUMBRIA POLICE AUTHORITY,516316.0,5,0
Department for Work and Pensions,LIVERPOOL UNIVERSITY HOSPITALS NHS FOUNDATION TRUST,514549.0,2,0
Department of Health and Social Care,EAST LONDON NHS FOUN,514521.0,2,0
Home Office,EAST RIDING OF YORKSHIRE COUNCIL 1 G,514464.16,12,0
"Department for Environment, Food and Rural Affairs",TEWKESBURY BOROUGH COUNCIL,513005.0,9,0
Ministry of Defence,NHS LOGISTICS AUTHORITY,512925.94,49,0
Charity Commission for England and Wales,TAUNTON DEANE BOROUGH COUNCIL,511875.0,2,0
Bristol City Council,WARWICKSHIRE COUNTY COUNCIL,511466.1,51,0
Home Office,CHESHIRE CONSTABULARY G,511464.18,9,0
United Lincolnshire Hospitals NHS Trust,NHS SOUTH LINCOLNSHIRE CCG,511107.24,5,0
United Lincolnshire Hospitals NHS Trust,NHS LINCOLNSHIRE ICB,509506.4,11,0
NHS Thames Valley ICB,MOORFIELDS EYE HOSPITAL NHS FOUNDATION TRUST,508347.74,6,0
Salisbury NHS Foundation Trust,NHS SUPPLY CHAIN MAIDSTONE,507433.38,107,0
National Offender Management Service,KINGSTON UPON HULL CITY COUNCIL,507349.4,15,0
Home Office,POLICE CRIME COMMISSIONER FOR BEDFORDSHIRE THE,507199.9,13,0
National Offender Management Service,NORFOLK PENSION FUND BACS COUNTY HALL,506772.55,2,0
Home Office,WARWICKSHIRE POLICE AUTHORITY,505826.52,8,0
The Pennine Acute Hospitals NHS Trust,CHRISTIE NHS FOUNDATION TRUST,505594.4,94,0
Uttlesford District Council,DEPT FOR ENERGY SECURITY NET ZERO DESNZ INDUSTRIAL STRATEGY,505000.0,2,0
Department for International Development,BRITISH COUNCIL INDONESIA,504503.32,7,0
Department for Work and Pensions,BURY COUNCIL,504079.0,5,0
"Ministry of Housing, Communities and Local Government",COTSWOLD DISTRICT COUNCIL,501156.0,9,0
Royal Borough of Greenwich,GUY S ST THOMAS NHS FOUNDATION TRUST,500173.03,16,0
Department for Work and Pensions,DEPARTMENT FOR DIGITAL CULTURE MEDIA SPORT,500000.0,1,0
Milton Keynes Hospital NHS Foundation Trust,NHS MILTON KEYNES CCG,500000.0,5,0
Ministry of Justice,POLICE CRIME COMMISSIONER FOR SOUTH WALES RB31,500000.0,1,0
Uttlesford District Council,STANSTED MOUNTFITCHET PARISH COUNCIL,498040.45,38,0
Home Office,CHESHIRE WEST CHESTER COUNCIL G,497999.97,12,0
Home Office,SUFFOLK POLICE AUTHORITY,497719.3,13,0
HM Revenue and Customs,CANTERBURY CITY COUNCIL,497685.96,16,0
Maidstone and Tunbridge Wells NHS Trust,NHS PENSIONS PENSION SCHEME,496533.03,7,0
Foreign and Commonwealth Office,INLAND REVENUE,495386.87,10,0
"Department for Environment, Food and Rural Affairs",HARTLEPOOL BOROUGH COUNCIL,495000.0,2,0
Department for Education,AUSTRALIAN COUNCIL FOR EDUCATION RESEARCH,494014.0,12,0
HM Revenue and Customs,LEICESTERSHIRE COUNTY COUNCIL,493512.0,1,0
Maidstone and Tunbridge Wells NHS Trust,TONBRIDGE MALLING BOROUGH COUNCIL,493404.02,9,0
Ministry of Defence,COVENTRY TEACHING PRIMARY CARE TRUST,493321.76,5,0
National Offender Management Service,MERSEY CARE NHS TRUST,493088.45,13,0
Department for Education,FOREIGN COMMONWEALTH DEVELOPMENT OFFICE,493000.0,2,0
Ministry of Defence,MINISTRY OF JUSTICE,492540.26,8,0
The Pennine Acute Hospitals NHS Trust,DEPARTMENT OF ENERGY CLIMIATE CHANGE,492531.2,1,0
Home Office,SHEFFIELD CITY COUNCIL,491999.99,11,0
Home Office,NORTHUMBRIA POLICE AUTHORITY,491757.64,11,0
Ministry of Justice,SOMERSET COUNTY COUNCIL,491451.2,9,0
Department of Health and Social Care,STEVENAGE BOROUGH COUNCIL,491187.88,3,0
Home Office,GWENT POLICE AUTHORITY,490848.25,13,0
Home Office,NHS NOTTINGHAM CITY CLINICAL COMMISSIONING GROUP G,490533.0,8,0
Department for Work and Pensions,CARDIFF COUNTY COUNCIL,490424.0,7,0
Department for Energy Security and Net Zero,RUGBY BOROUGH COUNCIL,490074.26,4,0
Cabinet Office,DEPARTMENT OF COMMUNITIES LOCAL GOVERNMENT,489010.57,8,0
South Gloucestershire Council,GLOUCESTERSHIRE COUNTY COUNCIL,488731.65,32,0
Department for Work and Pensions,BIRMINGHAM WOMENS CHILDRENS NHS FT,488144.0,5,0
The Pennine Acute Hospitals NHS Trust,HMRC,487956.51,1,0
Home Office,DONCASTER MBC 1 G,486990.31,10,0
Home Office,LEICESTERSHIRE POLICE AUTHORIT,484741.57,6,0
Department for Work and Pensions,DERBYSHIRE COMMUNITY HEALTH SERVICES NHS TRUST,484075.0,16,0
Cabinet Office,DEPARTMENT OF ENERGY CLIMATE CHANGE,483445.7,7,0
Home Office,NORTHERN IRELAND OFFICE G,482440.62,3,0
Home Office,ROYAL MILITARY POLICE FORCE,482279.17,11,0
Home Office,NORTHUMBRIA POLICE,482176.1,12,0
Cabinet Office,LONDON BOROUGH OF NEWHAM,481141.82,4,0
Ministry of Justice,LONDON BOROUGH OF LEWISHAM RC31620115,480584.88,1,0
Department for Energy Security and Net Zero,KINGSTON UPON HULL CITY COUNCIL,480300.0,4,0
Department of Health and Social Care,WEST MIDLANDS POLICE AUTHORITY,480000.0,3,0
North Yorkshire Council,RIPON CITY COUNCIL,479480.32,7,0
National Offender Management Service,WORCESTERSHIRE COUNTY COUNCIL,479202.34,11,0
Home Office,NHS NEWCASTLE GATESHEAD CCG G,479000.0,8,0
Rushmoor Borough Council,HAMPSHIRE CONSTABULARY,478092.72,69,0
Department for Work and Pensions,KENT COMMUNITY HEALTH NHS TRUST,477228.0,15,0
Home Office,NORTH WALES POLICE,476239.77,9,0
Ministry of Defence,BUCKINGHAMSHIRE COUNTY COUNCIL,475523.0,7,0
Shropshire Community Health NHS Trust,NHS SUPPLYCHAIN MAINTENANCE,475499.77,207,0
Home Office,LEGAL AID AGENCY,475000.0,1,0
Department of Health and Social Care,GLOUCESTER CITY COUNCIL,474277.01,3,0
Ministry of Defence,INFORMATION CENTRE NHS,472690.96,7,0
Home Office,OLDHAM MBC 2 G,472223.38,4,0
Department for Work and Pensions,NHS LANARKSHIRE FFWS,471394.0,2,0
Home Office,DEPARTMENT FOR ENVIRONMENT FOOD RURAL AFFAIRS DEFRA,470588.23,12,0
"Ministry of Housing, Communities and Local Government",DURHAM UNITARY COUNCIL,470128.0,2,0
Ministry of Defence,LONDON BOROUGH OF HACKNEY,470006.55,11,0
"Department for Environment, Food and Rural Affairs",ENVIRONMENT AGENCY,468336.59,19,0
Department for Education,SSCL ON BEHALF OF CABINET OFFICE,467078.07,7,0
Department for Work and Pensions,PRESTON CITY COUNCIL,466959.0,13,0
Department of Health and Social Care,WELWYN HATFIELD BOROUGH COUNCIL,466499.92,2,0
"Department for Science, Innovation and Technology",TAMESIDE METROPOLITAN BOROUGH COUNCIL,466322.32,17,0
Children and Family Court Advisory and Support Service,DEPARTMENT OF HEALTH SOCIAL CARE,465521.96,23,0
Home Office,SANDWELL PRIMARY CARE TRUST,465512.46,2,0
HM Revenue and Customs,STOCKPORT MET BOROUGH COUNCIL,464500.0,4,0
Ministry of Justice,NORTH SOMERSET COUNCIL,462550.75,13,0
Home Office,DERBYSHIRE COUNTY COUNCIL 1 G,462473.81,12,0
HM Revenue and Customs,CHELMSFORD BOROUGH COUNCIL,462193.0,9,0
Home Office,WEST MERCIA POLICE FUND,461310.4,7,0
Cabinet Office,BRIGHTON HOVE CITY COUNCIL,461010.71,4,0
HM Revenue and Customs,NORTH DEVON DISTRICT COUNCIL,460566.0,11,0
Department of Health and Social Care,CAMBRIDGESHIRE POLICE AUTHORITY,460000.0,1,0
Cabinet Office,LONDON BOROUGH OF CROYDON,458435.44,6,0
Department of Health and Social Care,DESIGN COUNCIL,455649.57,3,0
Department for Education,RELIGIOUS EDUCATION COUNCIL,455000.0,8,0
Ministry of Defence,SOMERSET COUNTY COUNCIL,454650.0,7,0
Cabinet Office,LONDON BOROUGH OF HACKNEY,453818.85,4,0
National Offender Management Service,HAMPSHIRE CONSTABULARY,453732.0,11,0
HM Revenue and Customs,CRAWLEY BOROUGH COUNCIL,453176.14,12,0
HM Revenue and Customs,LONDON BOROUGH OF HOUNSLOW POLAR,451920.0,2,0
North Yorkshire Council,NORTHALLERTON TOWN COUNCIL PRECEPTS,451765.4,4,0
Department for Work and Pensions,DORSET COUNCIL,451445.0,6,0
Home Office,DERBY CITY COUNCIL COMMUNITY SAFETY PARTNERSHIP G,451023.86,7,0
Cabinet Office,LONDON BOROUGH OF WANDSWORTH,450207.3,3,0
Department for Work and Pensions,CITY OF BRADFORD METROPOLITAN DIST COUNCIL,450000.0,9,0
HM Revenue and Customs,DEPT FOR INTERNATIONAL DEVELOPMENT,449456.72,6,0
Rushmoor Borough Council,HM REVENUE CUSTOMS,448296.02,129,0
Shropshire Community Health NHS Trust,NHS SUPPLY CHAIN FRAMEWORK ORDERS,448145.76,14,0
Department of Health and Social Care,WEST SUFFOLK COUNCIL,448001.15,2,0
National Offender Management Service,ISLE OF WIGHT COUNCIL,446582.69,11,0
Foreign and Commonwealth Office,HM TREASURY,446491.35,10,0
Department for Education,LANCASHIRE COMBINED FIRE AUTHORITY,446331.17,13,0
Home Office,NHS BEDFORDSHIRE G,445831.0,4,0
Department for Education,OLDHAM BOROUGH COUNCIL,445035.49,7,0
Department for International Development,MINISTRY OF JUSTICE,445004.3,19,0
Department for Work and Pensions,SOUTH WEST LONDON ST GEORGES MH NHS TRUST,444320.0,20,0
National Offender Management Service,DONCASTER PRIMARY CARE TRUST,443894.0,4,0
"Department for Environment, Food and Rural Affairs",NORTH DORSET DISTRICT COUNCIL,443844.0,8,0
"Ministry of Housing, Communities and Local Government",WYRE BOROUGH COUNCIL,443827.35,16,0
Ministry of Defence,SOUTHAMPTON CITY COUNCIL,442717.01,8,0
Ministry of Justice,LONDON BOROUGH OF NEWHAM RC31620125,442705.71,1,0
Home Office,NORTH TYNESIDE COUNCIL G,442461.0,7,0
Cabinet Office,NEWCASTLE CITY COUNCIL,440553.43,5,0
Ministry of Justice,LONDON BOROUGH OF SOUTHWARK RC38000001,440416.76,1,0
United Lincolnshire Hospitals NHS Trust,EAST MIDLANDS AMBULANCE SERVICE NHS TRUS,439892.0,3,0
Department for Work and Pensions,UCL HOSPITALS NHS TRUST MISS A DOWSETT,438806.0,9,0
Bristol City Council,NORTHUMBERLAND COUNTY COUNCIL,438600.0,8,0
"Ministry of Housing, Communities and Local Government",LANCASHIRE CITY COUNCIL,438523.98,8,0
United Lincolnshire Hospitals NHS Trust,LEEDS TEACHING HOSPITAL NHS TRUST,438336.0,13,0
NHS Thames Valley ICB,GLOUCESTERSHIRE COUNTY COUNCIL,437616.47,1,0
"Ministry of Housing, Communities and Local Government",CANTERBURY CITY COUNCIL,437465.0,14,0
NHS Thames Valley ICB,UNIVERSITY HOSPITALS BRISTOL WESTON NHS FOUNDATION TRUST,437422.98,6,0
Former council of North Yorkshire,LEEDS CITY COUNCIL,437230.74,19,0
Eden District Council,CARLISLE CITY COUNCIL,436627.11,56,0
Department for Work and Pensions,CITY OF LONDON,435976.0,2,0
Ministry of Defence,RB OF KENSINGTON CHELSEA RATES,432921.11,4,0
Home Office,HERTFORDSHIRE CONSTABULARY,432791.79,9,0
National Offender Management Service,HOME OFFICE PROPERTY GROUP,432594.89,2,0
Department for Energy Security and Net Zero,LONDON BOROUGH OF SUTTON,431957.0,1,0
Coventry and Warwickshire Partnership NHS Trust,CALDERSTONES PARTNERSHIP NHS FT,431783.0,17,0
Ministry of Justice,SURREY COUNTY COUNCIL,431199.96,6,0
"Ministry of Housing, Communities and Local Government",WARWICKSHIRE COUNTY COUNCIL,430908.48,4,0
"Department for Environment, Food and Rural Affairs",NORFOLK COUNTY COUNCIL,429165.57,6,0
HM Revenue and Customs,LUTON BOROUGH COUNCIL,429114.0,12,0
Department for Education,WIGAN COUNCIL,428559.2,5,0
Home Office,NHS GRAMPIAN HEALTH BOARD G,428400.0,5,0
Coventry and Warwickshire Partnership NHS Trust,SOLIHULL MBC BUSINESS RATES,427758.5,7,0
HM Revenue and Customs,TAUNTON DEANE BOROUGH COUNCIL,426364.0,10,0
The Pennine Acute Hospitals NHS Trust,HEYWOOD MIDDLETON ROCHDALE PCT,425524.0,51,0
Department for Work and Pensions,EAST SUFFOLK NORTH ESSEX NHS FOUNDATION TRUST,425277.0,4,0
Royal United Hospital Bath NHS Foundation Trust,BATH NORTH EAST SOMERSET PCT,424891.0,25,0
NHS Thames Valley ICB,ROYAL BOROUGH OF WINDSOR MAIDENHEAD,424860.41,11,0
HM Revenue and Customs,CITY OF EDINBURGH COUNCIL 3900401,424569.0,12,0
North Yorkshire Council,NORTH YORKSHIRE COUNTY COUNCIL,424076.57,14,0
Department of Health and Social Care,CAMBRIDGE CITY COUNCIL,423674.25,2,0
Tate,DEPARTMENT OF HELP,422355.9,12,0
Ministry of Justice,MANCHESTER CITY COUNCIL RC38000001,422078.15,1,0
Department of Health and Social Care,DEPARTMENT OF ENERGY CLIMATE CHANGE DECC,422059.0,5,0
South Gloucestershire Council,AVON SOMERSET POLICE AUTHORITY,421932.72,42,0
Department for Work and Pensions,WELWYN HATFIELD COUNCIL,420631.89,9,0
National Institute for Health and Care Excellence,GUYS ST THOMAS HOSPITAL NHS FOUNDATION TRUST,420384.76,8,0
The Pennine Acute Hospitals NHS Trust,ST HELENS KNOWSLEY HOSPITALS NHS,420000.0,14,0
Ministry of Justice,LONDON BOROUGH OF HACKNEY RC31620098,417122.89,1,0
Tate,LIVERPOOL CITY COUNCIL,417019.0,7,0
Home Office,DESIGN COUNCIL G,416668.0,10,0
NHS East and North Hertfordshire CCG,BEDFORD HOSPITAL NHS TRUST,416652.44,12,0
Cabinet Office,LONDON BOROUGH OF BRENT,415904.56,4,0
Department for Work and Pensions,UNIVERSITY HOSPITALS DORSET NHS FOUNDATION TRUST,414499.0,4,0
Home Office,HIGHLAND COUNCIL THE G,414292.0,5,0
Department for Education,NORTHAMPTONSHIRE PENSION FUND,414099.84,2,0
National Offender Management Service,NORTH KESTEVEN DISTRICT COUNCIL,414099.8,5,0
Department of Health and Social Care,CITY OF LONDON CORPO,414099.0,1,0
Ministry of Defence,CHESHIRE EAST COUNCIL,413364.92,8,0
Ministry of Justice,LONDON BOROUGH OF LEWISHAM RC38000001,413185.62,1,0
South Gloucestershire Council,NORTH SOMERSET COUNCIL,412951.25,45,0
Department for Work and Pensions,AVON SOMERSET PROBATION SERVICE,412700.0,10,0
Ministry of Defence,LONDON BOROUGH OF ISLINGTON,412494.0,7,0
Cabinet Office,SOUTHAMPTON CITY COUNCIL,411790.45,6,0
Department of Health and Social Care,NHS CENTRAL SOUTHERN CSU,411291.32,5,0
Home Office,KENT COUNTY COUNCIL,410920.63,8,0
Former council of North Yorkshire,NORTH YORKSHIRE POLICE,410799.2,8,0
"Ministry of Housing, Communities and Local Government",SW LONDON ST GEORGE S MH NHS TRU,409980.0,5,0
Cabinet Office,WILTSHIRE COUNCIL,409811.64,5,0
Former council of North Yorkshire,NORTH LINCOLNSHIRE COUNCIL,409644.84,2,0
Department for International Development,HMRC FAS SALFORD,409536.54,2,0
Home Office,ST ALBANS DISTRICT COUNCIL,409190.0,3,0
Northern Ireland Office,MINISTRY OF JUSTICE,408566.19,3,0
Home Office,NORTH TYNESIDE COUNCIL 1 G,408560.14,9,0
Home Office,TELFORD WREKIN COUNCIL G,408439.7,12,0
"Ministry of Housing, Communities and Local Government",WINCHESTER CITY COUNCIL,408213.0,14,0
Uttlesford District Council,BRAINTREE DISTRICT COUNCIL,406521.08,84,0
"Ministry of Housing, Communities and Local Government",RUTLAND COUNTY COUNCIL,406277.82,11,0
Coventry and Warwickshire Partnership NHS Trust,RUGBY BOROUGH COUNCIL RATES,406274.17,6,0
HM Revenue and Customs,WREXHAM CITY COUNCIL,405600.0,4,0
Ministry of Defence,BURY BOROUGH COUNCIL,405279.15,6,0
"Department for Environment, Food and Rural Affairs",TAUNTON DEANE BOROUGH COUNCIL,405001.69,10,0
Home Office,NEWPORT COUNTY BOROUGH COUNCIL,404942.0,3,0
Cabinet Office,LONDON BOROUGH OF HARINGEY,404778.95,4,0
Ministry of Justice,NORTHAMPTONSHIRE COUNTY COUNCIL AE10410092,404522.0,1,0
Ministry of Justice,HOME OFFICE IDENTITY PASSPORT SERVICE,404258.83,6,0
Department of Health and Social Care,NORWICH CITY COUNCIL,404187.29,2,0
Department of Health and Social Care,WORCESTER CITY COUNCIL,403780.33,2,0
Department for Education,LONDON BOROUGH OF REDBRIDGE TRINITY RC H,403367.74,4,0
National Offender Management Service,LANCASHIRE COUNTY COUNCIL,402689.33,14,0
Foreign and Commonwealth Office,BRITISH COUNCIL SUCURSAL LIMA,402318.89,6,0
"Ministry of Housing, Communities and Local Government",NORTHAMPTONSHIRE POLICE,402069.36,3,0
Cabinet Office,CARDIFF CITY COUNCIL,400886.0,2,0
"Foreign, Commonwealth and Development Office (FCDO)",METROPOLITAN POLICE AUTHORITY,400448.34,9,0
HM Revenue and Customs,CARLISLE CITY COUNCIL,400431.0,10,0
Department for Work and Pensions,HM COURTS TRIBUNAL SERVICE,400335.0,2,0
Department of Health and Social Care,UTTLESFORD DISTRICT COUNCIL,400268.0,2,0
Ministry of Justice,LINCOLNSHIRE PENSION FUND AE10410078,400000.0,1,0
UK Sport,LPFA PENSION FUND,400000.0,1,0
Home Office,MERSEYSIDE FIRE RESCUE SERVICE,399621.4,1,0
"Department for Environment, Food and Rural Affairs",SEVENOAKS DISTRICT COUNCIL,399531.6,9,0
UK Commission for Employment and Skills,COUNCIL FOR ADMINISTRATION,399222.0,5,0
Home Office,NHS BRADFORD CITY CLINICAL COMMISSIONING GROUP G,397800.0,4,0
Department for Work and Pensions,CAMDEN COUNCIL,397469.05,7,0
Department for International Development,DEPARTMENT FOR TRANSPORT GCS,397340.26,70,0
Department for Energy Security and Net Zero,EPPING FOREST DISTRICT COUNCIL,396311.07,3,0
Ministry of Justice,LONDON BOROUGH OF BRENT RC31620072,395894.37,1,0
Ministry of Defence,SOUTH BUCKINGHAMSHIRE DISTRICT COUNCIL,395728.95,6,0
National Offender Management Service,SUFFOLK COUNTY COUNCIL,395375.61,13,0
Ministry of Defence,GLOUCESTER CITY COUNCIL,395104.7,8,0
Department of Health and Social Care,CHARNWOOD BOROUGH COUNCIL,394979.3,2,0
Blaby District Council,LEICESTERSHIRE COUNTY COUNCIL PENSION FUND,394206.39,11,0
Rushmoor Borough Council,LONDON BOROUGH OF SUTTON,393245.29,3,0
National Offender Management Service,PROBATION SERVICES,393168.66,4,0
HM Revenue and Customs,TENDRING DISTRICT COUNCIL,392691.72,10,0
Department for Education,CARDIFF COUNCIL,392671.2,2,0
Department of Health and Social Care,NEWCASTLE UPON TYNE HOSPITALS NHS FOUNDATION TRUST,391945.4,1,0
NHS Norfolk and Suffolk ICB - 25k Expenditure Report,NORTH WEST ANGLIA NHS FOUNDATION TRUST,391921.85,4,0
Home Office,DORSET POLICE CRIME COMMISSIONERS,391876.7,10,0
HM Revenue and Customs,WORLD CUSTOMS ORGANISATION CUSTOMS CO OPERATION COUNCIL,391856.97,1,0
Ministry of Justice,BIS DEPARTMENT OF BUSINESS INNOVATION SKILLS,391692.13,15,0
"Department for Environment, Food and Rural Affairs",EAST HERTFORDSHIRE DISTRICT COUNCIL,391388.23,6,0
Royal Borough of Greenwich,LONDON SHA NHS,391360.0,1,0
Department of Health and Social Care,OXFORD CITY COUNCIL,390544.16,3,0
NHS East and North Hertfordshire CCG,HOMERTON UNIVERSITY HOSPITAL NHS FOUNDATION TRUST,390357.93,17,0
"Foreign, Commonwealth and Development Office (FCDO)",HM TREASURY,390260.9,5,0
Home Office,SOUTHWARK PCT,389916.04,1,0
Department for Energy Security and Net Zero,BOLTON METROPOLITAN BOROUGH COUNCIL,389677.0,1,0
Ministry of Defence,LONDON BOROUGH OF TOWER HAMLETS,388864.0,4,0
HM Revenue and Customs,WALSALL COUNCIL,388647.5,10,0
Home Office,CAMBRIDGESHIRE POLICE AUTHORITY,388407.64,8,0
Department for Education,ROYAL BOROUGH OF KINGSTON UPON THAMES,388050.0,9,0
Ministry of Defence,CARDIFF CITY COUNCIL,387990.0,6,0
Home Office,CONWY COUNTY BOROUGH COUNCIL G,387606.56,10,0
Cabinet Office,LEICESTER CITY COUNCIL,386920.23,3,0
Coventry and Warwickshire Partnership NHS Trust,WARWICK DISTRICT COUNCIL RATES,386736.1,6,0
Home Office,PERTH KINROSS COUNCIL G,386732.84,6,0
Milton Keynes Hospital NHS Foundation Trust,MILTON KEYNES COUNCIL,386259.66,5,0
National Institute for Health and Care Excellence,LIVERPOOL PCT,385818.7,12,0
HM Revenue and Customs,COLCHESTER BOROUGH COUNCIL,385785.42,12,0
National Offender Management Service,WEST YORKSHIRE PENSION FUND,385661.38,3,0
North Yorkshire Council,CITY OF YORK COUNCIL,385269.97,45,0
National Offender Management Service,LANCS COUNTY COUNCIL,384708.03,4,0
Ministry of Justice,NEWPORT CITY COUNCIL,384261.26,13,0
Department for International Development,EGYPTIAN NATIONAL COMPETITIVENESS COUNCIL ENCC,383672.0,2,0
Home Office,CITY OF LONDON,383171.01,11,0
Home Office,SUSSEX POLICE AUTHORITY,382795.01,7,0
Home Office,NORTH WALES POLICE FUNDING ACC,382076.17,8,0
North Yorkshire Council,SHERBURN IN ELMET PARISH COUNCIL,381725.65,3,0
Ministry of Defence,LONDON BOROUGH OF LEWISHAM,381708.0,9,0
Ministry of Justice,DERBYSHIRE COUNTY COUNCIL AE10410086,380822.0,1,0
Ministry of Justice,LONDON BOROUGH OF NEWHAM RC38000001,380792.54,1,0
Isle of Wight NHS Trust,UNI HOSPITAL SOUTHAMPTON NHS FT,380714.29,6,0
Cabinet Office,LONDON BOROUGH OF LEWISHAM,380385.95,4,0
"Ministry of Housing, Communities and Local Government",CHESHIRE COUNTY COUNCIL,380150.89,7,0
Home Office,NORTH YORKSHIRE POLICE AUTHORI,379673.71,8,0
Home Office,LONDON BOROUGH OF BRENT,379040.0,12,0
Department for Work and Pensions,WEST NORTHAMPTONSHIRE COUNCIL,378762.0,5,0
Shropshire Community Health NHS Trust,LEICESTERSHIRE PARTNERSHIP NHS TRUST,378100.8,104,0
Home Office,BURY METROPOLITAN BOROUGH COUNCIL G,378000.0,5,0
Home Office,DEPARTMENT OF FINANCE PERSONNEL,376730.93,7,0
Ministry of Defence,WOKINGHAM BOROUGH COUNCIL,375965.0,3,0
Home Office,TAYSIDE NHS BOARD G,375650.0,4,0
HM Revenue and Customs,WORCESTERSHIRE COUNTY COUNCIL,375315.85,43,0
Ministry of Defence,DEPARTMENT FOR TRANSPORT,375000.0,9,0
Department of Health and Social Care,ST GEORGES HEALTHCARE NHS TRUST,375000.0,2,0
HM Revenue and Customs,NORTH TYNESIDE COUNCIL,374843.78,2,0
Transport for Greater Manchester,GREATER MANCHESTER POLICE,374668.36,36,0
Department for Work and Pensions,HALTON ST HELENS NHS,373940.0,12,0
National Offender Management Service,WEST SUSSEX COUNTY COUNCIL,373808.0,10,0
Coventry and Warwickshire Partnership NHS Trust,WEST MIDLANDS AMBULANCE SERVICE NHS FT,373305.28,6,0
Ministry of Justice,AVON SOMERSET POLICE AUTHORITY,372878.6,4,0
Royal Borough of Greenwich,SOUTH LONDON HEALTHCARE NHS TRUST,372499.0,41,0
Department for Work and Pensions,BOLTON HOSPTALS NHS TRUST,372087.0,4,0
Department for Energy Security and Net Zero,WANDSWORTH BOROUGH COUNCIL,371319.67,2,0
HM Revenue and Customs,LONDON BOROUGH OF EALING POLAR,371220.0,2,0
Home Office,NOTTINGHAMSHIRE COUNTY COUNCIL 2,371081.05,3,0
North Yorkshire Council,WHITBY TOWN COUNCIL,371040.63,8,0
Blaby District Council,NORTH WEST LEICESTERSHIRE DISTRICT COUNCIL,370467.25,51,0
Home Office,ST HELENS MBC G,370421.84,7,0
Home Office,SOUTH WALES POLICE,370101.42,11,0
Pennine Care NHS Foundation Trust,SHEFFIELD CHILDREN S NHS FOUNDATION TRUST,369916.34,8,0
Department of Health and Social Care,TANDRIDGE DISTRICT COUNCIL,369621.37,2,0
Home Office,DEPARTMENT FOR THE ECONOMY G,368900.0,5,0
Cabinet Office,DURHAM COUNTY COUNCIL,368816.49,4,0
Cabinet Office,LONDON BOROUGH OF ISLINGTON,368756.69,3,0
Cabinet Office,CABINET OFFICE,367866.41,3,1
Tate,CORNWALL COUNCIL,367070.91,5,0
HM Revenue and Customs,FIFE COUNCIL,366194.0,11,0
Home Office,OFFICE FOR NATIONAL STATISTICS,366181.19,7,0
Department for Work and Pensions,EAST CHESHIRE NHS TRUST HEADQUARTERS,365728.0,8,0
Home Office,SOUTH WALES POLICE AUTHORITY,365674.1,9,0
National Offender Management Service,NEWPORT CITY COUNCIL,364906.71,13,0
Foreign and Commonwealth Office,ICRIER INDIAN COUNCIL FOR RESEARCH ON INTERNATIONAL ECONOMIC RELATIONS,363905.76,7,0
Home Office,NHS ASHFORD CANTERBURY COASTAL CLINICAL COMMISSIONING GROUP G,363600.0,3,0
"Ministry of Housing, Communities and Local Government",CITY OF WESTMINSTER,363427.64,5,0
"Department for Environment, Food and Rural Affairs",HAVANT BOROUGH COUNCIL,362483.0,9,0
Department of Health and Social Care,SOUTH SOMERSET DISTRICT COUNCIL,361983.46,2,0
"Department for Environment, Food and Rural Affairs",NETWORK RAIL,361803.52,2,0
Home Office,HALTON BOROUGH COUNCIL G,361281.67,9,0
Coventry and Warwickshire Partnership NHS Trust,LEICESTERSHIRE PARTNERSHIP NHS TRUST,361117.15,8,0
National Offender Management Service,NEWARK SHERWOOD DISTRICT COUNCIL,360831.95,10,0
"Ministry of Housing, Communities and Local Government",EREWASH BOROUGH COUNCIL,360780.52,8,0
National Institute for Health and Care Excellence,NORTHUMBERLAND TYNE WEAR NHS FOUNDATION TRUST,360602.18,8,0
Home Office,MEDWAY COUNCIL 1 G,360089.29,5,0
"Department for Science, Innovation and Technology",GREATER LONDON AUTHORITY,360086.37,3,0
Transport for Greater Manchester,HIGHWAYS AGENCY,360045.69,10,0
Home Office,SOUTH YORKSHIRE POLICE AUTH,360017.66,12,0
Home Office,STRATHCLYDE POLICE,359850.47,21,0
Department for Work and Pensions,SOMERSET NHS FOUNDATION TRUST,359706.0,5,0
Ministry of Defence,WANDSWORTH BOROUGH COUNCIL,359218.5,7,0
Department for International Development,INTERNATIONAL COUNCIL ON HUMAN RIGHTS POLICY,359000.0,2,0
Shropshire Community Health NHS Trust,BIRMINGHAM COMMUNITY HEALTHCARE NHS FT,358861.44,240,0
HM Treasury,BROADLAND DISTRICT COUNCIL,358825.82,1,0
Department for Education,HULL CITY COUNCIL,358681.0,6,0
Royal Borough of Greenwich,ESSEX COUNTY COUNCIL,358233.42,36,0
Department of Health and Social Care,DERBYSHIRE COMMUNITY HEALTH SERVICES NHS TRUST RY8,358000.0,2,0
Department of Health and Social Care,MALVERN HILLS DISTRICT COUNCIL,357647.34,2,0
Charity Commission for England and Wales,LIVERPOOL CITY COUNCIL,357375.0,2,0
"Ministry of Housing, Communities and Local Government",ISLE OF SCILLY FIRE RESCUE SERV,356277.0,62,0
Ministry of Defence,LEEDS CITY COUNCIL,356163.0,8,0
Department of Health and Social Care,EAST HERTFORDSHIRE DISTRICT COUNCIL,356126.75,2,0
Cabinet Office,COVENTRY CITY COUNCIL,355735.5,4,0
HM Revenue and Customs,LINCOLN CITY COUNCIL,355348.0,10,0
Department for Work and Pensions,CAMDEN ISLINGTON NHS FOUNDATION TRUST,355318.0,7,0
Ministry of Justice,LONDON BOROUGH OF BRENT RC38000001,355269.09,1,0
Department for Energy Security and Net Zero,WEALDEN DISTRICT COUNCIL,355087.96,3,0
Ministry of Defence,OXFORD UNIVERSITY HOSPITALS NHS TRUST,355025.97,5,0
South Central Ambulance Service NHS Foundation Trust,MINISTRY OF DEFENCE,353959.04,15,0
Ministry of Justice,IPSWICH SUFFOLK COUNCIL FOR RACIAL EQUALITY,353575.0,11,0
"Department for Environment, Food and Rural Affairs",NORTHUMBERLAND COUNTY COUNCIL,353424.05,4,0
"Department for Environment, Food and Rural Affairs",SURREY COUNTY COUNCIL,352848.7,5,0
Department of Health and Social Care,SOUTH CAMBRIDGESHIRE DISTRICT COUNCIL,352253.78,2,0
Former council of North Yorkshire,NHS NORTH YORKSHIRE CCG,351998.74,12,0
"Ministry of Housing, Communities and Local Government",ILFRACOMBE TOWN COUNCIL,351201.39,14,0
Bristol City Council,NHS ENGLAND,351000.0,3,0
Coventry and Warwickshire Partnership NHS Trust,DEPARTMENT OF HEALTH SOCIAL CARE,350000.0,2,0
Portsmouth Hospital NHS Trust,HAMPSHIRE COUNTY COUNCIL,350000.0,1,0
Home Office,STOCKTON ON TEES BOROUGH COUNCIL 1,349617.26,2,0
Department of Health and Social Care,HARROGATE BOROUGH COUNCIL,348917.41,2,0
Ministry of Justice,KENT POLICE,348816.26,5,0
Home Office,RUSHCLIFFE BOROUGH COUNCIL,348336.55,3,0
Ministry of Defence,SHEFFIELD CITY COUNCIL,347391.05,8,0
Cabinet Office,PLYMOUTH CITY COUNCIL,347120.09,5,0
Former council of North Yorkshire,SOUTH TEES HOSPITALS NHS FOUNDATION TRUST,345853.53,12,0
Cabinet Office,LONDON BOROUGH OF HAMMERSMITH FULHAM,344661.0,3,0
Ministry of Justice,LONDON BOROUGH OF HARINGEY RC31620101,344623.14,1,0
Ministry of Justice,ST EDMUNDSBURY BOROUGH COUNCIL,344262.19,10,0
Home Office,COLCHESTER BOROUGH COUNCIL G,344024.5,7,0
Department for Work and Pensions,NORTH NORTHAMPTONSHIRE COUNCIL,343151.0,5,0
Department of Health and Social Care,ST ALBANS CITY DISTRICT COUNCIL,342908.17,4,0
Department for Work and Pensions,DEPARTMENT OF EDUCATION SKILLS,342855.25,8,0
UK Trade and Investment,HOME OFFICE,342558.24,5,0
NHS Thames Valley ICB,SURREY COUNTY COUNCIL,342554.0,4,0
Ministry of Justice,LONDON BOROUGH OF HACKNEY RC38000001,342015.55,1,0
Home Office,ASHFORD BOROUGH COUNCIL 1 G,341955.0,7,0
Department of Health and Social Care,CANTERBURY CITY COUNCIL,341431.72,2,0
Home Office,GLOUCESTERSHIRE PCT G,341178.39,7,0
Department for International Development,POPULATION COUNCIL USD,340611.21,3,0
Bristol City Council,DEVON COUNTY COUNCIL,340310.81,56,0
HM Revenue and Customs,KIRKLEES METROPOLITAN COUNCIL,340306.54,5,0
"Department for Digital, Culture, Media and Sport",OFFICE FOR NATIONAL STATISTICS,339660.3,9,0
Department of Health and Social Care,MENDIP DISTRICT COUNCIL,339232.44,3,0
"Department for Environment, Food and Rural Affairs",NORTH YORKSHIRE COUNTY COUNCIL,339199.0,5,0
Department of Health and Social Care,SOUTH HAMS DISTRICT COUNCIL,338200.2,2,0
Department for Energy Security and Net Zero,CITY OF WAKEFIELD METROPOLITAN DISTRICT COUNCIL,337492.0,3,0
Department of Health and Social Care,FENLAND DISTRICT COUNCIL,336514.51,4,0
Department for Work and Pensions,SOUTH LONDON MAUDSLEY NHS FOUNDATION TRUST,336472.0,7,0
Cabinet Office,LONDON BOROUGH OF EALING,336468.39,3,0
Department for Energy Security and Net Zero,CIVIL NUCLEAR POLICE AUTHORITY CIVIL NUCLEAR CONSTABULARY,335580.36,4,0
Isle of Wight NHS Trust,NHS HAMPSHIRE SOUTHAMPTON ISLE OF WIGHT CCG,335126.06,3,0
Department of Health and Social Care,SOMERSET WEST TAUNTON COUNCIL,334863.56,2,0
Former council of North Yorkshire,NHS BUSINESS SERVICES AUTHORITY,334724.92,10,0
HM Treasury,DEPARTMENT FOR WORKS PENSIONS,334250.0,2,0
The Pennine Acute Hospitals NHS Trust,ST HELENS KNOWSLEY HOSP NHS TRUST,333530.36,9,0
"Department for Environment, Food and Rural Affairs",TENDRING DISTRICT COUNCIL,333366.2,1,0
"Ministry of Housing, Communities and Local Government",DONCASTER PRIMARY CARE TRUST,333330.64,6,0
Ministry of Justice,HERTFORDSHIRE COUNTY COUNCIL,332913.03,77,0
The Pennine Acute Hospitals NHS Trust,DEPT OF ENERGY CLIMATE CONTROL,332832.0,1,0
NHS Thames Valley ICB,SOUTH WARWICKSHIRE NHS FOUNDATION TRUST,332671.5,3,0
Department for Work and Pensions,SUSSEX COMMUNITY NHS TRUST,332196.0,10,0
Ministry of Justice,COLCHESTER BOROUGH COUNCIL,332160.82,10,0
The Pennine Acute Hospitals NHS Trust,DEPT OF ENERGY CLIMATE CHANGES,331560.0,1,0
Department for Education,CAMBRIDGE COUNTY COUNCIL,331521.39,3,0
Department for Energy Security and Net Zero,SOUTH DERBYSHIRE DISTRICT COUNCIL,331289.42,4,0
Home Office,READING BOROUGH COUNCIL G,331122.0,8,0
HM Revenue and Customs,GREENWICH COUNCIL,331007.93,9,0
Department for Education,OFFICE FOR NATIONAL STATISTIC,330293.0,2,0
"Foreign, Commonwealth and Development Office (FCDO)",OFFICE OF THE COMMISSIONER OF POLICE,330237.61,3,0
Scotland Office,CITY OF WESTMINSTER,330230.27,2,0
National Offender Management Service,STAFFORDSHIRE COUNTY COUNCIL,329760.45,5,0
Home Office,NORTH LINCOLNSHIRE COUNCIL 1 G,329218.66,7,0
Home Office,PLYMOUTH TEACHING PCT G,329086.08,4,0
Uttlesford District Council,ESSEX COUNTY COUNCIL ESAB,328910.0,8,0
Ministry of Justice,CUMBRIA COUNTY COUNCIL AE10410085,328524.0,1,0
"Department for Science, Innovation and Technology",NHS ENGLAND NHS COMMISSIONING BOARD,328492.0,2,0
UK Trade and Investment,DEPARTMENT FOR CULTURE MEDIA SPORT,328457.42,7,0
South Central Ambulance Service NHS Foundation Trust,OXFORD HEALTH NHS FOUNDATION TRUST,328341.77,6,0
Home Office,WEST MERCIA POLICE AUTHORITY,328317.6,8,0
Department of Health and Social Care,HUNTINGDONSHIRE DISTRICT COUNCIL,328287.11,3,0
HM Revenue and Customs,RENFREWSHIRE COUNCIL,328060.0,9,0
Cabinet Office,KIRKLEES METROPOLITAN COUNCIL,327623.76,4,0
"Department for Environment, Food and Rural Affairs",NOTTINGHAM CITY COUNCIL,327093.33,9,0
HM Revenue and Customs,LONDON BOROUGH OF HAVERING,327088.78,10,0
Department of Health and Social Care,DEVON CORNWALL CONSTABULARY,327000.0,4,0
HM Revenue and Customs,CITY OF YORK COUNCIL,326930.74,10,0
Department of Health and Social Care,DACORUM BOROUGH COUNCIL,326659.89,2,0
Department of Health and Social Care,BARROW IN FURNESS BOROUGH COUNCIL,326567.21,2,0
Ministry of Justice,LANCASHIRE COUNTY COUNCIL AE10410089,326531.0,1,0
Home Office,BERKSHIRE EAST PCT G,326396.65,5,0
Cabinet Office,LONDON BOROUGH OF GREENWICH,326299.84,4,0
Ministry of Defence,LONDON BOROUGH OF LAMBETH,325702.29,9,0
Pennine Care NHS Foundation Trust,NHS LITIGATION AUTHORITY,325698.6,2,0
Department for Work and Pensions,BIS DEPARTMENT FOR BUSINESS INNOVATION SKILLS,325653.85,2,0
"Department for Environment, Food and Rural Affairs",TEST VALLEY BOROUGH COUNCIL,325636.38,10,0
HM Revenue and Customs,STRATFORD ON AVON DISTRICT COUNCIL,325440.84,5,0
HM Revenue and Customs,GLOUCESTER CITY COUNCIL,325235.5,12,0
Department of Health and Social Care,DEPARTMENT FOR INTER,325000.0,2,0
Cabinet Office,BIS DEPARTMENT FOR BUSINESS INNOVATION SKILLS,324879.0,3,0
Department for Energy Security and Net Zero,NORTH TYNESIDE COUNCIL,324291.28,3,0
Home Office,LONDON BOROUGH OF HOUNSLOW,323837.67,11,0
"Department for Science, Innovation and Technology",ORDNANCE SURVEY OF NORTHERN IRELAND,323815.2,1,0
"Foreign, Commonwealth and Development Office (FCDO)",CROWN PROSECUTION SERVICE,323315.98,6,0
NHS Thames Valley ICB,NHS HAMPSHIRE ISLE OF WIGHT ICB,322973.6,1,0
HM Revenue and Customs,COUNCIL OF THE BORO OF N TYNESIDE,322635.0,2,0
Department for Education,ABERDEEN CITY COUNCIL,322148.33,2,0
Cabinet Office,LONDON BOROUGH OF ENFIELD,321932.77,4,0
Ministry of Justice,LONDON BOROUGH OF CROYDON RC31620085,321929.31,1,0
Pennine Care NHS Foundation Trust,NHS GREATER MANCHESTER INTEGRATED CARE BOARD,321884.94,6,0
Department of Health and Social Care,NHS NORTH STAFFORDSHIRE CCG,321611.0,5,0
Shropshire Community Health NHS Trust,NHS SHARED BUSINESS SERVICES,321597.01,28,0
National Offender Management Service,CHELMSFORD BOROUGH COUNCIL,321548.58,9,0
Ministry of Justice,SEFTON COUNCIL,321064.4,7,0
"Ministry of Housing, Communities and Local Government",SOUTH YORKSHIRE FIRE RESCUE,321018.0,22,0
HM Revenue and Customs,NORTH WARWICKSHIRE BOROUGH COUNCIL,320658.0,6,0
"Ministry of Housing, Communities and Local Government",WORCESTER CITY COUNCIL,320465.58,8,0
Cabinet Office,WAKEFIELD DISTRICT COUNCIL,320111.07,6,0
Department of Health and Social Care,DERBYSHIRE POLICE AUTHORITY,320000.0,3,0
HM Revenue and Customs,GRAVESHAM BOROUGH COUNCIL,319563.0,12,0
Department of Health and Social Care,ENGINEERING PHYSICAL SCIENCES RESEARCH COUNCIL EPSRC,319205.46,6,0
The Pennine Acute Hospitals NHS Trust,TAMESIDE HOSPITAL NHS FOUNDATION TRUST,319096.12,4,0
Home Office,MERTHYR TYDFIL BOROUGH COUNCIL G,319010.46,7,0
Department of Health and Social Care,NHS NOTTINGHAM CITY CCG,318763.0,3,0
"Department for Environment, Food and Rural Affairs",LINCOLNSHIRE COUNTY COUNCIL,318425.12,9,0
Department for Work and Pensions,CROWN PROSECUTION SERVICE,317817.0,2,0
Department of Health and Social Care,MAIDSTONE BOROUGH COUNCIL,317180.3,2,0
Transport for Greater Manchester,CHESHIRE EAST BOROUGH COUNCIL,317128.56,6,0
Home Office,SUSSEX POLICE,316944.26,6,0
National Offender Management Service,HOME OFFICE PROPERTY GROUP HOPG,316874.9,1,0
United Lincolnshire Hospitals NHS Trust,EAST LINDSEY DISTRICT COUNCIL,316381.0,3,0
Office of Rail and Road,BNP PARIBAS CABINET OFFICE,316003.91,9,0
Department of Health and Social Care,NEW FOREST DISTRICT COUNCIL,315762.33,2,0
Department of Health and Social Care,NEWCASTLE UNDER LYME BOROUGH COUNCIL,315577.55,2,0
UK Sport,LONDON PENSION FUND AUTHORITY,314629.0,3,0
Home Office,WEST LOTHIAN COUNCIL G,314540.0,7,0
Royal United Hospital Bath NHS Foundation Trust,NHS SUPPLY CHAIN MAINTENANCE,314311.73,8,0
Cabinet Office,ROYAL BOROUGH OF KENSINGTON CHELSEA,314077.14,3,0
Department for Work and Pensions,UNIVERSITY HOSPITALS BRISTOL WESTON NHS FOUNDATION TRUST,313792.0,4,0
Uttlesford District Council,SAFFRON WALDEN TOWN COUNCIL,313482.68,87,0
Bristol City Council,SOUTH GLOUCESTERSHIRE DISTRICT COUNCIL GRANT PAYMENTS ONLY,313076.6,15,0
Department of Health and Social Care,EAST LINDSEY DISTRICT COUNCIL,312594.6,2,0
Ministry of Justice,LONDON BOROUGH OF WANDSWORTH RC31620168,312476.18,1,0
Department of Health and Social Care,WARWICK DISTRICT COUNCIL,312280.72,2,0
"Department for Environment, Food and Rural Affairs",TRAFFORD METROPOLITAN BOROUGH COUNCIL,312265.5,8,0
Ministry of Defence,LANCASTER CITY COUNCIL,311942.66,7,0
Foreign and Commonwealth Office,BIS DEPT FOR BUSINESS INNOVATION SKILLS,311904.55,13,0
"Department for Digital, Culture, Media and Sport",LEEDS CITY COUNCIL BDUK,311679.0,3,0
Home Office,WILTSHIRE CONSTABULARY POLICE,311580.32,11,0
Department for Education,NATIONAL COUNCIL FOR ONE PARENT FAMILIES,311054.0,4,0
Ministry of Defence,RHONDDA CYNON TAFF COUNTY BOROUGH COUNCIL,310722.81,5,0
Home Office,WORCESTER CITY COUNCIL G,310504.43,6,0
Department for Work and Pensions,EAST RIDING OF YORKSHIRE COUNCIL ESF,310167.0,6,0
Department for Education,HARROW COUNCIL,309965.46,3,0
Department of Health and Social Care,NHS BRISTOL NORTH S,309823.8,2,0
"Department for Environment, Food and Rural Affairs",NEWCASTLE CITY COUNCIL,308625.37,3,0
Cabinet Office,CHESHIRE WEST CHESTER COUNCIL,308271.0,4,0
Shropshire Community Health NHS Trust,TELFORD WREKIN CCG,308091.72,142,0
Home Office,STRATHCLYDE JOINT POLICE BOARD,307936.64,14,0
HM Revenue and Customs,HM COURTS TRIBUNALS SERVICE,307477.3,2,0
Department of Health and Social Care,NORTH DEVON DISTRICT COUNCIL,307149.31,2,0
Home Office,NORTH EAST LINCOLNSHIRE COUNCIL G,306932.6,6,0
HM Revenue and Customs,CITY OF STOKE ON TRENT,306459.0,8,0
Department of Health and Social Care,EAST DEVON DISTRICT COUNCIL,306333.63,2,0
NHS Thames Valley ICB,CENTRAL NORTH WEST LONDON NHS FOUNDATION TRUST,306146.75,3,0
HM Revenue and Customs,CHICHESTER DISTRICT COUNCIL,306091.18,8,0
Department of Health and Social Care,BASINGSTOKE DEANE BOROUGH COUNCIL,305458.85,2,0
Department for Education,BURNLEY BOROUGH COUNCIL,305174.0,5,0
Department of Health and Social Care,SOUTH OXFORDSHIRE DISTRICT COUNCIL,305004.02,2,0
Department of Health and Social Care,TONBRIDGE MALLING BOROUGH COUNCIL,304674.92,2,0
Blaby District Council,HARBOROUGH DISTRICT COUNCIL,304417.57,38,0
HM Revenue and Customs,DEPARTMENT FOR INTERNATIONAL DEVELOPMENT,304375.69,4,0
"Department for Environment, Food and Rural Affairs",KETTERING BOROUGH COUNCIL,304287.96,8,0
NHS Thames Valley ICB,BRACKNELL FOREST COUNCIL,303993.51,5,0
HM Revenue and Customs,EAST HERTFORDSHIRE DISTRICT COUNCIL,303960.0,6,0
The Pennine Acute Hospitals NHS Trust,NHS OLDHAM,303261.0,2,0
George Eliot Hospital NHS Trust,NHS COVENTRY WARWICKSHIRE ICB,303004.0,6,0
Department of Health and Social Care,MID SUSSEX DISTRICT COUNCIL,302841.81,2,0
Coventry and Warwickshire Partnership NHS Trust,NHS COVENTRY WARWICKSHIRE ICB,302187.75,18,0
Ministry of Defence,MENDIP BOROUGH COUNCIL,302018.32,8,0
Department of Health and Social Care,LEWISHAM HEALTHCARE NHS TRUST,302000.0,1,0
Department for Energy Security and Net Zero,SURREY COUNTY COUNCIL,301361.9,5,0
"Department for Environment, Food and Rural Affairs",WORCESTERSHIRE COUNTY COUNCIL,300906.45,4,0
National Offender Management Service,BLABY DISTRICT COUNCIL,300811.5,11,0
Uttlesford District Council,EP RT ESSEX COUNTY COUNCIL,300228.39,6,0
Department of Health and Social Care,OXFORDSHIRE BUCKINGHAMSHIRE MENTAL HEALTH NHS FOUNDATION TRUST,300026.0,4,0
Department of Health and Social Care,BRITISH TRANSPORT POLICE,300000.0,3,0
Bristol City Council,EXETER CITY COUNCIL,299739.84,26,0
Department for Work and Pensions,ISLINGTON COUNCIL,298822.0,7,0
Uttlesford District Council,ESSEX COUNTY COUNCIL REVENUE,298238.67,3,0
HM Revenue and Customs,SWINDON BOROUGH COUNCIL,297624.0,12,0
Home Office,NORTH YORKSHIRE POLICE AUTHOR,297376.82,8,0
National Offender Management Service,OXFORDSHIRE COUNTY COUNCIL,297185.0,5,0
United Lincolnshire Hospitals NHS Trust,NHS BUSINESS SERVICES AUTH PENSION SCHEME,296997.12,5,0
Department for Education,TAVISTOCK PORTMAN NHS FOUNDATION,296590.0,7,0
Department for International Development,BRITISH COUNCIL PAKISTAN,296510.1,7,0
Ministry of Defence,DORSET COUNTY COUNCIL,296477.27,7,0
Portsmouth Hospital NHS Trust,FRIMLEY HEALTH NHS FOUNDATION TRUST,296169.0,3,0
Ministry of Defence,WOKING BOROUGH COUNCIL,296058.0,3,0
Department for International Development,HM REVENUE CUSTOMS,294985.72,33,0
Ministry of Defence,OXFORD CITY COUNCIL,294760.5,9,0
"Foreign, Commonwealth and Development Office (FCDO)",HAMPSHIRE POLICE AUTHORITY,294223.27,7,0
Department of Health and Social Care,HIGH PEAK BOROUGH COUNCIL,294163.58,3,0
United Lincolnshire Hospitals NHS Trust,NHS SUPPLYCHAIN,293583.66,1,0
Home Office,STAFFORDSHIRE POLICE,293435.0,5,0
"Ministry of Housing, Communities and Local Government",BROADLAND DISTRICT COUNCIL,292599.57,28,0
London Borough of Richmond Upon Thames,ROYAL BOROUGH OF KINGSTON,291664.5,5,0
Department for Work and Pensions,CUMBERLAND COUNCIL,291491.0,4,0
Pennine Care NHS Foundation Trust,NHS ENGLAND,291200.0,1,0
Department of Health and Social Care,REIGATE BANSTEAD BOROUGH COUNCIL,290900.73,2,0
NHS Norfolk and Suffolk ICB - 25k Expenditure Report,ROYAL FREE LONDON NHS FOUNDATION TRUST,290393.52,6,0
Home Office,DARLINGTON BOROUGH COUNCIL 1 G,289704.0,5,0
NHS Norfolk and Suffolk ICB - 25k Expenditure Report,BEDFORDSHIRE HOSPITAL FOUNDATION TRUST,289566.0,3,0
North Yorkshire Council,PICKERING TOWN COUNCIL,289548.0,3,0
Cabinet Office,LONDON BOROUGH OF HOUNSLOW,289120.43,4,0
National Offender Management Service,AYLESBURY VALE DISTRICT COUNCIL,288780.0,11,0
Department of Health and Social Care,EAST STAFFORDSHIRE BOROUGH COUNCIL,288477.33,2,0
National Offender Management Service,WEST GLAM COUNCIL ON ALCOHOL DRUG ABUSE,287923.5,5,0
Ministry of Justice,CORNWALL COUNTY COUNCIL,287888.27,5,0
Bristol City Council,DEPARTMENT OF HEALTH SOCIAL CARE,287857.73,5,0
North Yorkshire Council,SOUTH TEES HOSPITALS NHS FOUNDATION TRUST,287813.34,13,0
Foreign and Commonwealth Office,EUROPEAN COUNCIL ON FOREIGN RELATIONS,287721.03,6,0
Department of Health and Social Care,UKRI NATURAL ENVIRONMENT RESEARCH COUNCIL,287500.0,1,0
Department for Education,WALSALL COUNCIL,287121.0,4,0
Department of Health and Social Care,SWALE BOROUGH COUNCIL,287034.04,2,0
"Department for Science, Innovation and Technology",COVENTRY CITY COUNCIL,287013.5,5,0
Cabinet Office,LONDON BOROUGH OF HILLINGDON,286892.69,4,0
HM Revenue and Customs,DUMFRIES GALLOWAY COUNCIL,286807.84,8,0
Department of Health and Social Care,WEALDEN DISTRICT COUNCIL,286679.29,2,0
National Offender Management Service,BASSETLAW DISTRICT COUNCIL,286372.5,11,0
Home Office,CORN ISLES OF SCILLY PRIMARY CARE TRUST G,286188.54,6,0
Home Office,NHS AYRSHIRE ARRAN G,286000.0,4,0
Ministry of Justice,LONDON BOROUGH OF HARINGEY RC38000001,285740.03,1,0
Cabinet Office,BOLTON METROPOLITAN BOROUGH COUNCIL,285513.33,4,0
Transport for Greater Manchester,GTR MAN FIRE RESCUE SERVICE,285090.25,33,0
Ministry of Defence,CONWY COUNTY BOROUGH COUNCIL,285025.98,8,0
Home Office,ANGUS COUNCIL G,284114.5,6,0
Department for Education,CITY OF LONDON ADULT EDUCATION,284093.0,4,0
Department of Health and Social Care,CITY OF LINCOLN COUNCIL,283935.37,2,0
Eden District Council,APPLEBY TOWN COUNCIL,283561.44,30,0
Home Office,LONDON BOROUGH OF KENSINGTON CHE,283162.58,2,0
Ministry of Defence,RENFREWSHIRE COUNCIL,282633.4,9,0
The Pennine Acute Hospitals NHS Trust,NHS GREATER MANCHESTER CSU,282627.09,4,0
"Department for Digital, Culture, Media and Sport",FOREIGN COMMONWEALTH OFFICE,282523.22,6,0
HM Revenue and Customs,ST HELENS COUNCIL,282460.0,9,0
Ministry of Justice,TRAFFORD COUNCIL,282205.6,6,0
UK Trade and Investment,HM TREASURY,281872.17,2,0
"Department for Environment, Food and Rural Affairs",STAFFORDSHIRE COUNTY COUNCIL,281645.83,4,0
Blaby District Council,LEICESTER CITY COUNCIL,281640.66,118,0
Department for Work and Pensions,BRENT COUNCIL,281579.0,5,0
Ministry of Justice,NOTTINGHAMSHIRE POLICE AUTHORITY,281448.0,4,0
Coventry and Warwickshire Partnership NHS Trust,WEST MIDLANDS AMBULANCE SERVICE NHS TRUS,281304.0,8,0
Department of Health and Social Care,STAFFORDSHIRE POLICE AUTHORITY,281246.0,2,0
North Yorkshire Council,NORTH YORKSHIRE POLICE,280627.3,11,0
Home Office,GREATER MANCHESTER POLICE AUTHORITY,280195.77,3,0
National Offender Management Service,CAMBRIDGESHIRE PETERBOROUGH NHS FOUNDATION TRUST,280103.46,2,0
"Department for Science, Innovation and Technology",NORTH EAST COMBINED AUTHORITY,280000.0,1,0
Department for Energy Security and Net Zero,SUNDERLAND CITY COUNCIL,279938.0,1,0
Department of Health and Social Care,TEIGNBRIDGE DISTRICT COUNCIL,279838.65,2,0
Home Office,OFFICE OF THE POLICE CRIME COMMISSIONER FOR WARWICKSHIRE,279624.41,16,0
Ministry of Justice,NOTTINGHAM CITY COUNCIL RC31620130,279299.24,1,0
Foreign and Commonwealth Office,DEPARTMENT OF HEALTH,279000.0,1,0
Ministry of Justice,LIVERPOOL CITY COUNCIL RC31620117,278883.15,1,0
"Ministry of Housing, Communities and Local Government",WEST YORKSHIRE COMBINED AUTHORITY,278345.71,13,0
Department of Health and Social Care,WYCHAVON DISTRICT COUNCIL,278039.25,2,0
Ministry of Defence,READING BOROUGH COUNCIL,278036.5,9,0
Department of Health and Social Care,CENTRAL LONDON COMMUNITY HEALTHCARE NHS TRUST,277544.24,3,0
Cabinet Office,ROYAL BOROUGH OF KINGSTON UPON THAMES,277214.49,4,0
"Department for Environment, Food and Rural Affairs",NATURAL ENVIRON RESEARCH COUNCIL,276938.71,7,0
Portsmouth Hospital NHS Trust,NHS PROPERTY SERVICES,276882.72,7,0
Department for Education,KETTERING BOROUGH COUNCIL,276728.44,28,0
Department of Health and Social Care,NORTH HERTFORDSHIRE DISTRICT COUNCIL,276495.2,2,0
Department of Health and Social Care,BROXBOURNE BOROUGH COUNCIL,276478.65,2,0
Cabinet Office,CITY OF YORK COUNCIL,275986.2,4,0
Cabinet Office,KINGSTON UPON HULL CITY COUNCIL,275883.11,3,0
"Department for Digital, Culture, Media and Sport",BRISTOL CITY COUNCIL,274908.0,1,0
North Yorkshire Council,MALTON TOWN COUNCIL,274836.72,6,0
Pennine Care NHS Foundation Trust,LIVERPOOL UNIVERSITY HOSPITALS NHS FOUNDATION TRUST,274803.9,8,0
Department for Education,CROYDON COUNCIL,274701.19,2,0
"Department for Environment, Food and Rural Affairs",WARWICK DISTRICT COUNCIL,274244.04,9,0
Department of Health and Social Care,SUSSEX COMMUNITY NHS,274000.0,1,0
Department for Work and Pensions,ISLE OF WIGHT NHS TRUST,273918.0,6,0
Department for Work and Pensions,NORTH EAST AMBULANCE SERVICE NHS TRUST,273421.0,10,0
Home Office,PETERBOROUGH CITY COUNCIL,273372.92,1,0
Bristol City Council,GLOUCESTERSHIRE COUNTY COUNCIL,273003.06,62,0
Cabinet Office,SHROPSHIRE COUNCIL,272584.84,4,0
Ministry of Justice,LEEDS CITY COUNCIL RC38000001,272148.93,1,0
Ministry of Defence,LONDON BOROUGH OF MERTON,271956.66,5,0
Department of Health and Social Care,HORSHAM DISTRICT COUNCIL,271475.85,2,0
Department of Health and Social Care,NHS GREATER MANCHESTER CSU,271446.35,1,0
Transport for Greater Manchester,WARRINGTON BOROUGH COUNCIL,271123.28,19,0
Rushmoor Borough Council,GUILDFORD BOROUGH COUNCIL,270826.39,11,0
Home Office,LINCOLNSHIRE PCT,270538.02,2,0
Cabinet Office,CHESHIRE EAST BOROUGH COUNCIL,270524.96,4,0
South Gloucestershire Council,NORTH BRISTOL NHS TRUST,270459.9,43,0
Home Office,BEDFORDSHIRE POLICE,270432.01,8,0
Home Office,NHS BIRMINGHAM CROSS CITY CCG G,270390.0,4,0
NHS Thames Valley ICB,KENT MEDWAY NHS SOCIALCARE PARTNERSHIP TRUST,269875.44,3,0
Maidstone and Tunbridge Wells NHS Trust,WESTERN SUSSEX HOSPITALS NHS TRUST,269840.42,1,0
Ministry of Defence,EAST OF ENGLAND AMBULANCE SERVICE NHS TRUST,269579.0,4,0
"Department for Environment, Food and Rural Affairs",TORBAY COUNCIL,269448.25,2,0
"Department for Environment, Food and Rural Affairs",LANCASTER CITY COUNCIL,269397.77,3,0
HM Revenue and Customs,CITY OF EDINBURGH POLAR,269381.5,4,0
East Sussex Healthcare NHS Trust,NHS WEST SUSSEX CCG,269337.01,3,0
Children and Family Court Advisory and Support Service,HM REVENUE CUSTOMS 774 1613 27,269090.87,3,0
Home Office,WOKINGHAM DISTRICT COUNCIL 1 G,268743.08,7,0
Department of Health and Social Care,LONDON BOROUGH OF HAVERING PPE ONLY,268605.29,4,0
The National Archives,CABINET OFFICE,268397.37,9,0
Department for Energy Security and Net Zero,LONDON BOROUGH OF TOWER HAMLETS,268130.0,3,0
Home Office,WREXHAM COUNTY BOROUGH COUNCIL G,267554.25,7,0
Foreign and Commonwealth Office,DFID DEPARTMENT FOR INTERNATIONAL DEVELOPMENT,266811.05,4,0
National Offender Management Service,TORFAEN COUNTY BOROUGH COUNCIL,266436.0,5,0
Ministry of Defence,BRISTOL CITY COUNCIL,266128.17,7,0
Ministry of Justice,THAMES VALLEY POLICE,265468.06,4,0
Department of Health and Social Care,SURREY HEATH BOROUGH COUNCIL,265263.74,2,0
Home Office,SOUTH TYNESIDE MBC G,265203.33,4,0
Ministry of Defence,LONDON BOROUGH OF REDBRIDGE,265144.0,5,0
Ministry of Defence,LONDON BOROUGH OF BARNET,265114.0,9,0
Cabinet Office,LONDON BOROUGH OF WALTHAM FOREST,264798.63,3,0
Department for Work and Pensions,HIGHLAND PRIMARY CARE NHS,264222.0,6,0
Department of Health and Social Care,LONDON BOROUGH OF REDBRIDGE PPE ONLY,264207.0,5,0
Department for Education,COUNCIL OF EUROPE,264180.45,2,0
Home Office,POLICE DEPENDANTS TRUST G,264009.85,5,0
Bristol City Council,ROYAL BOROUGH OF KENSINGTON CHELSEA,263770.0,4,0
"Department for Environment, Food and Rural Affairs",WYRE FOREST DISTRICT COUNCIL,263588.48,8,0
Cabinet Office,LONDON BOROUGH OF REDBRIDGE,263012.0,3,0
Department of Health and Social Care,SOUTH HOLLAND DISTRICT COUNCIL,262575.93,2,0
Department of Health and Social Care,CHERWELL DISTRICT COUNCIL,261875.02,2,0
"Department for Environment, Food and Rural Affairs",CHELMSFORD BOROUGH COUNCIL,261433.83,8,0
Department of Health and Social Care,NORTH KESTEVEN DISTRICT COUNCIL,261315.76,2,0
Bristol City Council,HMRC STAMP DUTY LAND TAX ONLY,261265.64,19,0
"Department for Environment, Food and Rural Affairs",LONDON BOROUGH OF GREENWICH,261021.0,9,0
North Yorkshire Council,RYEDALE DISTRICT COUNCIL,260921.28,19,0
Department of Health and Social Care,SOUTH KESTEVEN DISTRICT COUNCIL,260615.14,2,0
Department for Energy Security and Net Zero,CITY OF WOLVERHAMPTON COUNCIL,260451.6,1,0
Home Office,CENTRAL SCOTLAND JOINT POLICE BOARD G,260420.0,1,0
National Offender Management Service,VALUATION OFFICE AGENCY,260414.8,6,0
HM Revenue and Customs,BEDFORD BOROUGH COUNCIL,260165.0,11,0
Department of Health and Social Care,EAST SUFFOLK COUNCIL,259811.35,2,0
Department for Education,EXETER CITY COUNCIL,259743.0,4,0
Department for Work and Pensions,EAST DEVON COUNCIL,259364.0,5,0
HM Revenue and Customs,WATFORD BOROUGH COUNCIL,259285.06,12,0
Department of Health and Social Care,NORTH YORKSHIRE POLICE,258896.0,3,0
Department for Education,SUNDERLAND CITY METROPOLITAN BOROUGH COUNCIL,258573.75,7,0
National Offender Management Service,KINGSTON UPON T A HULL CITY COUNCIL,258082.51,8,0
Ministry of Justice,LONDON BOROUGH OF EALING RC31620092,257906.22,1,0
Home Office,NORTHAMPTONSHIRE POLICE,257428.75,8,0
Department of Health and Social Care,SOUTH RIBBLE BOROUGH COUNCIL,257291.78,2,0
East Sussex Healthcare NHS Trust,ROTHER DISTRICT COUNCIL,256580.94,2,0
North Yorkshire Council,NHS BUSINESS SERVICES AUTHORITY,256177.79,10,0
"Department for Digital, Culture, Media and Sport",CABINET OFFICE CITI TR,255729.14,4,0
Home Office,NHS EAST LANCASHIRE CLINICAL COMMISSIONING GROUP G,255400.0,3,0
United Lincolnshire Hospitals NHS Trust,SHEFFIELD TEACHING HOSPITALS NHS TRUST,254863.8,7,0
"Ministry of Housing, Communities and Local Government",ARTS COUNCIL ENGLAND,254101.8,5,0
Scotland Office,SCOTTISH GOVERNMENT,254096.68,5,0
Department of Health and Social Care,VALE OF WHITE HORSE DISTRICT COUNCIL,254055.26,2,0
National Offender Management Service,NORFOLK PENSION FUND NEW FIRE PENSION SCHEME NORWICH NR2 1AD,253982.39,1,0
East Sussex Healthcare NHS Trust,FRIMLEY HEALTH NHS FOUNDATION TRUST,253528.0,2,0
"Ministry of Housing, Communities and Local Government",LEICESTERSHIRE FIRE RESCUE SERVIC,253449.0,26,0
Department of Health and Social Care,NORTH EAST AMBULANCE SERVICE NHS TRUST,253000.0,2,0
Transport for Greater Manchester,DEPARTMENT FOR TRANSPORT CENTRAL,252895.26,6,0
Coventry and Warwickshire Partnership NHS Trust,SOLIHULL MBC,252820.5,4,0
Department of Health and Social Care,SEDGEMOOR DISTRICT COUNCIL,252715.81,2,0
National Offender Management Service,NATIONAL PROBATION SERVICE,252504.96,7,0
Cabinet Office,SEFTON METROPOLITAN BOROUGH COUNCIL,252434.41,3,0
Department of Health and Social Care,UNIVERSITY HOSPITALS OF MORECAMBE BAY NHS TRUST,252375.0,6,0
Home Office,TORBAY BOROUGH COUNCIL G,252351.0,5,0
Department for Work and Pensions,WIRRAL COUNCIL,252280.0,4,0
Home Office,TORBAY PCT G,252193.15,5,0
Whittington Hospital NHS Trust,NORTH MIDDLESEX HOSPITAL NHS TRUST,251929.53,6,0
Ministry of Justice,LONDON BOROUGH OF CROYDON RC38000001,251921.84,1,0
Department of Health and Social Care,WAVERLEY BOROUGH COUNCIL,251874.55,2,0
"Department for Environment, Food and Rural Affairs",ISLE OF WIGHT COUNCIL,251563.0,3,0
Department for Energy Security and Net Zero,HULL TEACHING HOSPITALS NHS TRUST,251380.51,1,0
The Pennine Acute Hospitals NHS Trust,CALDERSTONES PARTNERSHIP NHS FOUNDATION,250703.5,6,0
Milton Keynes Hospital NHS Foundation Trust,NHS PENSIONS AGENCY,250678.95,5,0
Ministry of Defence,INVERCLYDE COUNCIL,250562.6,4,0
Foreign and Commonwealth Office,THAMES VALLEY POLICE AUTH INCOME,250510.18,10,0
Shropshire Community Health NHS Trust,NHS TELFORD WREKIN CCG 05X,250463.19,19,0
National Offender Management Service,LEICESTER CITY COUNCIL,250385.43,4,0
Ministry of Justice,LONDON BOROUGH OF ENFIELD RC31620094,250102.08,1,0
Coventry and Warwickshire Partnership NHS Trust,SOLIHULL METROPOLITAN BOROUGH COUNCIL,250084.36,13,0
Transport for Greater Manchester,ENVIRONMENT AGENCY,250000.0,1,0
"Foreign, Commonwealth and Development Office (FCDO)",MINISTRY OF JUSTICE OFFICE OF THE DIRECTOR OF PUBLIC PROSECUTIONS,250000.0,2,0
National Offender Management Service,NORTH WALES POLICE CHAPS,250000.0,2,0
Department of Health and Social Care,PENNINE CARE NHS FOU,250000.0,1,0
Coventry and Warwickshire Partnership NHS Trust,SOUTH WARWICKSHIRE GENERAL HOSP NHS TRUST,249898.52,26,0
"Department for Science, Innovation and Technology",MINISTRY OF JUSTICE,249777.72,7,0
"Department for Environment, Food and Rural Affairs",ALLERDALE BOROUGH COUNCIL,249735.78,3,0
"Department for Science, Innovation and Technology",LEEDS TEACHING HOSPITAL NHS TRUST,249709.0,2,0
Ministry of Defence,VETERANS COUNCIL,249666.0,1,0
Ministry of Defence,WIGAN BOROUGH VETERANS COUNCIL,249666.0,1,0
Department of Health and Social Care,CHELTENHAM BOROUGH COUNCIL,249484.03,2,0
HM Revenue and Customs,TELFORD WREKIN COUNCIL,249429.68,5,0
Department of Health and Social Care,NUNEATON BEDWORTH BOROUGH COUNCIL,249142.75,2,0
Department for Work and Pensions,HARINGEY COUNCIL,248939.0,7,0
Home Office,DEPARTMENT FOR WORK PENSIONS,248658.0,2,0
HM Revenue and Customs,NORTH AYRSHIRE COUNCIL,248642.0,10,0
HM Revenue and Customs,STAFFORD BOROUGH COUNCIL,248642.0,6,0
Department for Education,WIRRAL COUNCIL,248591.0,5,0
East Sussex Healthcare NHS Trust,NHS EASTBOURNE HAILSHAM SEAFORD CCG,248398.0,1,0
Cabinet Office,DERBY CITY COUNCIL,248063.88,4,0
Home Office,BEDFORDSHIRE POLICE AUTHORITY,247948.0,5,0
Department of Health and Social Care,VALE OF YORK CCG 03Q,247860.0,5,0
NHS Norfolk and Suffolk ICB - 25k Expenditure Report,NHS CENTRAL EAST ICB,247800.0,1,0
HM Revenue and Customs,STEVENAGE BOROUGH COUNCIL,247621.0,8,0
Department of Health and Social Care,DUDLEY INTEGRATED HEALTH CARE NHS TRUST,247000.0,1,0
Foreign and Commonwealth Office,MINISTRY OF JUSTICE,246891.6,10,0
Ministry of Defence,SOUTH NORTHAMPTONSHIRE DISTRICT COUNCIL,246864.0,4,0
Ministry of Justice,NORTH YORKSHIRE COUNTY COUNCIL,246730.17,6,0
"Department for Digital, Culture, Media and Sport",HEREFORDSHIRE COUNTY COUNCIL,246606.09,2,0
North Yorkshire Council,THIRSK TOWN COUNCIL,246350.0,2,0
Department for Work and Pensions,CITY OF BRADFORD METROPOLITAN COUNCIL,246154.8,7,0
"Department for Environment, Food and Rural Affairs",PLYMOUTH CITY COUNCIL,246075.34,6,0
Government Legal Department,CITY OF WESTMINSTER,245500.0,1,0
Ministry of Justice,GREATER MANCHESTER POLICE,245226.0,2,0
Home Office,DEPARTMENT FOR SOCIAL DEVELOPMENT G,244725.81,4,0
Ministry of Justice,LONDON BOROUGH OF BARKING DAGENHAM RC31620061,244545.96,1,0
Cabinet Office,OXFORD CITY COUNCIL,244286.73,3,0
HM Revenue and Customs,WEST DUNBARTONSHIRE COUNCIL,244178.0,4,0
Department for Education,NORWICH CITY COUNCIL,244084.07,5,0
Home Office,DEPARTMENT OF HEALTH,244061.86,8,0
Cabinet Office,BARNSLEY METROPOLITAN BOROUGH COUNCIL,244031.52,4,0
Department of Health and Social Care,NHS BRADFORD DISTRICTS CCG,243761.0,5,0
Department for Energy Security and Net Zero,SWANSEA COUNCIL CITY COUNTY OF SWANSEA,243690.0,2,0
Department of Health and Social Care,WYRE FOREST DISTRICT COUNCIL,243616.89,2,0
Home Office,WOKING BOROUGH COUNCIL 1 G,243340.7,4,0
Cabinet Office,SALFORD CITY COUNCIL,243334.57,3,0
National Offender Management Service,SURREY COUNTY COUNCIL,243334.0,5,0
Home Office,MOD MINISTRY OF DEFENCE,243078.95,1,0
HM Revenue and Customs,LONDON BOROUGH OF BARNET,242980.97,5,0
Department for Education,HAMPSHIRE CONSTABULARY,242892.38,8,0
"Department for Environment, Food and Rural Affairs",SOUTH HAMS DISTRICT COUNCIL,242857.0,3,0
Royal Borough of Greenwich,LONDON BOROUGH OF LAMBETH,242678.98,10,0
"Department for Environment, Food and Rural Affairs",BEDFORD BOROUGH COUNCIL,242485.5,8,0
"Department for Environment, Food and Rural Affairs",BRAINTREE DISTRICT COUNCIL,242485.5,8,0
Department for Education,UNITED BRISTOL HEALTHCARE NHS TRUST,242260.72,3,0
Ministry of Justice,SOUTHEND ON SEA BOROUGH COUNCIL,242220.96,5,0
Ministry of Defence,LAND REGISTRY,241435.53,4,0
Department for International Development,SOUTH LONDON MAUDSLEY NHS FOUNDATION TRUST,241324.0,4,0
"Ministry of Housing, Communities and Local Government",COUNCIL MORTGAGE LENDERS,240511.0,14,0
Department of Health and Social Care,HAMPSHIRE PARTNERSHIP NHS FOUNDATION TRUST,240496.0,3,0
Department for Energy Security and Net Zero,SUFFOLK COUNTY COUNCIL,240072.35,2,0
Ministry of Justice,DEVON COUNTY COUNCIL,239919.6,7,0
Department of Health and Social Care,ARUN DISTRICT COUNCIL,239656.5,2,0
Home Office,LONDON BOROUGH OF BROMLEY 1 G,239600.42,4,0
Department for Work and Pensions,KNOWSLEY MET BOROUGH COUNCIL PAN MERSEYSIDE,239562.0,1,0
Department of Health and Social Care,NHS BIRMINGHAM SOUTH CENTRAL CCG,239055.0,6,0
Shropshire Community Health NHS Trust,BLACK COUNTRY HEALTH CARE NHS FT,238978.12,26,0
National Offender Management Service,NORFOLK COUNTY COUNCIL,238974.34,4,0
East Sussex Healthcare NHS Trust,GUY S ST THOMAS NHS FOUNDATION TRUST,238841.94,7,0
Milton Keynes Hospital NHS Foundation Trust,KETTERING GENERAL HOSPITAL NHS FOUNDATION TRUST,238782.0,4,0
Department of Health and Social Care,GUILDFORD BOROUGH COUNCIL,238155.12,2,0
Department of Health and Social Care,WINCHESTER CITY COUNCIL,237840.01,2,0
Ministry of Justice,WEST YORKSHIRE POLICE AUTHORITY,237734.0,3,0
Department of Health and Social Care,SOUTH DERBYSHIRE DISTRICT COUNCIL,237611.23,2,0
Department for International Development,SCOTTISH POLICE AUTHORITY,237074.0,7,0
National Offender Management Service,MINISTRY OF DEFENCE,236945.47,5,0
Department of Health and Social Care,NHS SOUTH NORFOLK CLINICAL COMMISSIONING GROUP,236661.0,9,0
"Department for Environment, Food and Rural Affairs",STOCKTON ON TEES BOROUGH COUNCIL,236442.18,7,0
Shropshire Community Health NHS Trust,NHS MIDLANDS LANCASHIRE CSU,235866.2,66,0
Cabinet Office,NORTHUMBERLAND COUNTY COUNCIL,235729.35,4,0
Cabinet Office,CITY COUNCIL OF SWANSEA,235531.0,3,0
Home Office,DEPARTMENT FOR EDUCATION,235462.34,9,0
"Foreign, Commonwealth and Development Office (FCDO)",MINISTRY OF JUSTICE,235399.07,7,0
Natural History Museum,WANDSWORTH BOROUGH COUNCIL,235360.0,30,0
UK Trade and Investment,BRITISH COUNCIL,235081.0,10,0
Home Office,SCOTTISH GOVERNMENT,234923.24,6,0
The Pennine Acute Hospitals NHS Trust,ROCHDALE MBC,234559.52,3,0
Cabinet Office,MILTON KEYNES BOROUGH COUNCIL,234533.0,3,0
Ministry of Defence,SHETLAND ISLANDS COUNCIL,234153.86,8,0
Cabinet Office,PORTSMOUTH CITY COUNCIL,234097.7,3,0
Department of Health and Social Care,TEST VALLEY BOROUGH COUNCIL,234070.81,2,0
Tate,GREATER LONDON AUTHORITY,233541.0,1,0
Home Office,CAMBRIDGE CITY COUNCIL G,233356.0,6,0
Scotland Office,CABINET OFFICE,233273.0,1,0
NHS Thames Valley ICB,OXFORD CITY COUNCIL,233071.0,2,0
Ministry of Defence,SUPPORT COMMAND MINISTRY OF DEFENCE,232535.45,6,1
"Ministry of Housing, Communities and Local Government",DEPARTMENT FOR WORK PENSIONS,232405.42,24,0
Department for Energy Security and Net Zero,HM REVENUE CUSTOMS,232237.61,4,0
Cabinet Office,LUTON BOROUGH COUNCIL,232176.39,4,0
Department for International Development,CROWN PROSECUTION SERVICE,232165.19,3,0
Home Office,DEPARTMENT FOR INTERNATIONAL DEVELOPMENT 001,232003.9,3,0
Northern Ireland Office,HM TREASURY,231907.33,1,0
Blaby District Council,BRAUNSTONE TOWN COUNCIL,231531.34,26,0
Cabinet Office,BEDFORD BOROUGH COUNCIL,231018.44,5,0
"Department for Digital, Culture, Media and Sport",HM REVENUES CUSTOMS,230700.0,1,0
Ministry of Justice,NORTH WALES POLICE,230666.08,3,0
Home Office,DEVON CORNWALL POLICE AUTHOR,230474.54,5,0
Home Office,NHS ENGLAND G,230424.0,4,0
Ministry of Defence,WARRINGTON BOROUGH COUNCIL,230297.86,1,0
National Offender Management Service,NHS ISLINGTON PROVIDER SERVICES,230250.0,3,0
Department for Energy Security and Net Zero,COLCHESTER CITY COUNCIL,230249.18,3,0
Ministry of Justice,LB OF ISLINGTON RC31620106,229989.89,1,0
Department of Health and Social Care,SOUTH NORFOLK DISTRICT COUNCIL,229922.25,2,0
Cabinet Office,FIFE COUNCIL,229701.0,2,0
North Yorkshire Council,EASINGWOLD TOWN COUNCIL,229670.42,9,0
HM Revenue and Customs,COMPANIES HOUSE,229532.0,5,0
Cabinet Office,SANDWELL MBC,229454.98,4,0
Foreign and Commonwealth Office,VALUATION OFFICE AGENCY,228858.0,9,0
East Sussex Healthcare NHS Trust,QUEEN VICTORIA HOSP NHS FOUNDATION TRUST,228462.9,2,0
Ministry of Justice,SHEFFIELD CITY COUNCIL RC31620143,228339.09,1,0
Ministry of Justice,WEST MIDLANDS POLICE,228144.0,2,0
Ministry of Defence,CITY OF BRADFORD METROPOLITAN DISTRICT COUNCIL,228076.0,4,0
Department for Work and Pensions,NHS KENSINGTON CHELSEA,228000.0,1,0
"Department for Environment, Food and Rural Affairs",CARMARTHENSHIRE COUNTY COUNCIL,227936.0,8,0
Eden District Council,KIRKBY STEPHEN TOWN COUNCIL,227738.09,14,0
Cabinet Office,LONDON BOROUGH OF BROMLEY,227736.72,3,0
Cabinet Office,DONCASTER METROPOLITAN BOROUGH COUNCIL,227711.35,3,0
NHS Norfolk and Suffolk ICB - 25k Expenditure Report,NHS NORTH OF ENGLAND CSU,227659.0,1,0
Cabinet Office,LONDON BOROUGH OF HARROW,227417.37,3,0
Department of Health and Social Care,STAFFORD BOROUGH COUNCIL,227336.32,2,0
Department for Energy Security and Net Zero,DEVON COUNTY COUNCIL,226505.1,1,0
North Yorkshire Council,KNARESBOROUGH TOWN COUNCIL,226323.5,5,0
Ministry of Justice,HMRC NI10000002,226299.76,1,0
Government Legal Department,HM TREASURY,226000.0,1,0
Ministry of Justice,LONDON BOROUGH OF WANDSWORTH RC38000001,225811.24,1,0
Salisbury NHS Foundation Trust,SOUTHAMPTON UNIV HOSPITAL NHS TRUST,225493.91,8,0
Ministry of Defence,BRITISH COUNCIL VIETNAM,225457.15,4,0
Department of Health and Social Care,CHICHESTER DISTRICT COUNCIL,225322.6,2,0
Portsmouth Hospital NHS Trust,FAREHAM BOROUGH COUNCIL,225241.82,3,0
National Offender Management Service,NORTHAMPTONSHIRE COUNTY COUNCIL,225128.88,3,0
Department of Health and Social Care,IPSWICH BOROUGH COUNCIL,225108.16,1,0
Department for Work and Pensions,LEGAL AID AGENCY,225028.0,2,0
Ministry of Defence,DENBIGHSHIRE COUNTY COUNCIL,225000.0,1,0
HM Revenue and Customs,SLOUGH BOROUGH COUNCIL,224818.0,4,0
Home Office,LONDON BOROUGH OF CAMDEN,224719.44,6,0
Home Office,SHROPSHIRE COUNTY PCT G,224669.54,3,0
South Central Ambulance Service NHS Foundation Trust,ROYAL BERKSHIRE NHS FOUNDATION TRUST,224493.39,4,0
National Institute for Health and Care Excellence,NHS PROPERTY SERVICES,224356.96,12,0
Cabinet Office,DEPARTMENT FOR TRANSPORT,224182.33,6,0
Home Office,SCOTTISH BORDERS COUNCIL G,224094.4,5,0
Home Office,BOROUGH OF BROXBOURNE G,224030.56,3,0
"Foreign, Commonwealth and Development Office (FCDO)",COUNCIL FOR SCIENTIFIC INDUSTRIAL RESEARCH,223097.0,1,0
Department of Health and Social Care,SCARBOROUGH BOROUGH COUNCIL,223047.86,2,0
NHS Thames Valley ICB,WOKINGHAM BOROUGH COUNCIL,223032.21,5,0
Ministry of Justice,WILTSHIRE COUNCIL,222787.19,8,0
Home Office,CHARNWOOD BOROUGH COUNCIL G,222104.0,5,0
Department of Health and Social Care,WEST OXFORDSHIRE DISTRICT COUNCIL,222089.07,2,0
Ministry of Justice,BEDFORDSHIRE POLICE AUTHORITY,221426.61,5,0
Cabinet Office,CANTERBURY CITY COUNCIL,220974.66,4,0
Department for Work and Pensions,NORTHERN DEVON HEALTHCARE NHS TRUST,220962.0,6,0
NHS Thames Valley ICB,CHERWELL DISTRICT COUNCIL,220745.0,3,0
Whittington Hospital NHS Trust,DEPARTMENT OF ENERGY CLIMATE CONTROL,220344.0,2,0
Cabinet Office,BOURNEMOUTH BOROUGH COUNCIL,220184.16,3,0
Home Office,ENFIELD COUNCIL G,220076.43,6,0
Department of Health and Social Care,WEST YORKSHIRE POLICE,220000.0,2,0
Department of Health and Social Care,NHS COVENTRY WARWICKSHIRE CCG,219435.0,5,0
"Department for Environment, Food and Rural Affairs",DERBYSHIRE COUNTY COUNCIL,219419.06,3,0
Ministry of Justice,SUFFOLK COUNTY COUNCIL,219138.8,6,0
Home Office,INDEPENDENT POLICE COMPLAINTS COMMISSION,219061.5,4,0
HM Revenue and Customs,HASTINGS BOROUGH COUNCIL,218917.0,10,0
Department of Health and Social Care,WATFORD BOROUGH COUNCIL,218856.92,2,0
Coventry and Warwickshire Partnership NHS Trust,COVENTRY CITY COUNCIL RATES,218680.0,2,0
North Yorkshire Council,FILEY TOWN COUNCIL,218515.4,6,0
Department of Health and Social Care,EAST HAMPSHIRE DISTRICT COUNCIL,218511.26,2,0
Department of Health and Social Care,STRATFORD ON AVON DISTRICT COUNCIL,218118.77,2,0
Ministry of Justice,LONDON BOROUGH OF BARKING DAGENHAM RC38000001,218050.18,1,0
Home Office,HILLINGDON PRIMARY CARE TRUST G,218044.32,4,0
Cabinet Office,WOLVERHAMPTON CITY COUNCIL,217917.55,3,0
"Department for Digital, Culture, Media and Sport",DESIGN COUNCIL CABE,217795.81,3,0
Department for International Development,MINISTRY OF DEFENCE POLICE,217688.0,1,0
Ministry of Justice,BASILDON BOROUGH COUNCIL,217638.3,6,0
Department for Work and Pensions,STAFFORDSHIRE STOKE ON TRENT PARTNERSHIP NHS TRUST,217151.0,6,0
Department of Health and Social Care,BRENTWOOD BOROUGH COUNCIL,217021.03,2,0
Ministry of Defence,DEPARTMENT OF FOREIGN AFFAIRS INTERNATIONAL TRADE CANADA,217000.0,2,0
"Ministry of Housing, Communities and Local Government",IPSWICH BOROUGH COUNCIL,216963.0,1,0
Department of Health and Social Care,LEEDS PARTNERSHIPS NHS FOUNDATION TRUST,216803.0,7,0
East Sussex Healthcare NHS Trust,SURREY SUSSEX HEALTHCARE NHS TRUST,216710.0,2,0
Department of Health and Social Care,BOSTON BOROUGH COUNCIL,216627.58,2,0
Department for Energy Security and Net Zero,DURHAM COUNTY COUNCIL,216500.0,3,0
Department of Health and Social Care,ASHFORD BOROUGH COUNCIL,216327.69,2,0
Department of Health and Social Care,HERTSMERE BOROUGH COUNCIL,215985.36,2,0
Ministry of Justice,LANCASHIRE COUNTY COUNCIL RC31620112,215978.54,1,0
Home Office,LEEDS SOUTH EAST CLINICAL COMMISSIONING GROUP G,215800.0,2,0
Ministry of Justice,LONDON BOROUGH OF WALTHAM FOREST RC31620167,215595.41,1,0
Shropshire Community Health NHS Trust,SHROPSHIRE CCG,215525.3,16,0
Department for Education,TEES ESK WEAR VALLEYS NHS FOUNDATION TRUST,215473.39,7,0
National Offender Management Service,CHESHIRE EAST BOUROUGH COUNCIL,215236.0,2,0
Milton Keynes Hospital NHS Foundation Trust,NHS BUSINESS SERVICES AUTHORITY,215124.51,8,0
Ministry of Justice,CROWN PROSECUTION SERVICE CPS,215000.0,1,0
National Offender Management Service,TAVISTOCK PORTMAN NHS TRUST,214380.0,6,0
Department of Health and Social Care,STROUD DISTRICT COUNCIL,214230.4,2,0
Department of Health and Social Care,REDDITCH BOROUGH COUNCIL,213964.89,3,0
Home Office,DERBY CITY COUNCIL COMMUNITY SAFET,213685.36,2,0
"Department for Environment, Food and Rural Affairs",REDCAR CLEVELAND BOROUGH COUNCIL,213606.28,3,0
Portsmouth Hospital NHS Trust,OXFORD HEALTH NHS FOUNDATION TRUST,213560.56,5,0
Department for Energy Security and Net Zero,SOUTH TYNESIDE COUNCIL,213515.0,3,0
Department for Energy Security and Net Zero,ROCHDALE BOROUGH COUNCIL,213400.0,1,0
Ministry of Justice,HUNTINGDONSHIRE DISTRICT COUNCIL,212905.6,7,0
"Department for Digital, Culture, Media and Sport",UK FILM COUNCIL IN LIQUIDATION,212524.28,3,0
Home Office,SOUTH LANARKSHIRE COUNCIL,212170.0,1,0
Department for Energy Security and Net Zero,SHEFFIELD CITY COUNCIL,212126.76,2,0
Department for Work and Pensions,NHS NORTH WEST,211908.0,1,0
Department for Work and Pensions,NHS NORTH WEST FFWS,211908.0,1,0
Cabinet Office,METROPOLITAN BOROUGH OF WIRRAL,211671.16,3,0
Coventry and Warwickshire Partnership NHS Trust,STRATFORD ON AVON DISTRICT COUNCIL RATES,211455.0,6,0
Department for Energy Security and Net Zero,CHESHIRE EAST BOROUGH COUNCIL,211313.85,3,0
Department of Health and Social Care,SEVENOAKS DISTRICT COUNCIL,211252.66,2,0
Department for Education,DEPT OF HEALTH SOCIAL SERVICES PUBLIC SAFETY,210800.0,2,0
Rushmoor Borough Council,BASINGSTOKE DEANE BOROUGH COUNCIL,210707.59,66,0
Isle of Wight NHS Trust,NHS ENGLAND,210583.0,1,0
Royal Borough of Greenwich,SURREY COUNTY COUNCIL,210321.0,18,0
Department of Health and Social Care,TEWKESBURY BOROUGH COUNCIL,210289.67,2,0
UK Trade and Investment,CRAFTS COUNCIL,210240.0,15,0
Ministry of Justice,BUCKINGHAMSHIRE COUNTY COUNCIL,210084.55,7,0
Whittington Hospital NHS Trust,NHS NORTH EAST LONDON CSU,210063.0,3,0
Ministry of Defence,GREENWICH LOCAL BOROUGH COUNCIL,209442.8,8,0
Department for Energy Security and Net Zero,TRAFFORD COUNCIL,209400.0,1,0
Home Office,BRADFORD COUNCIL G PLEASE USE SUPPLIER 110328,209250.0,1,0
Department of Health and Social Care,CARLISLE CITY COUNCIL,209248.95,2,0
Department for Education,ISLINGTON PCT,209144.17,4,0
Ministry of Defence,WESTERN ISLES COUNCIL,209093.73,5,0
Department for International Development,HM REVENUE CUSTOMS ACC NO 11963228,209055.18,24,0
Foreign and Commonwealth Office,DEPARTMENT FOR EDUCATION,209014.55,4,0
UK Shared Business Services,DEPARTMENT FOR BUSINESS ENERGY INDUSTRIAL STRATEGY,208828.24,6,0
NHS Thames Valley ICB,GLOUCESTERSHIRE HOSPITALS NHS FOUNDATION TRUST,208749.99,3,0
Department of Health and Social Care,SELBY DISTRICT COUNCIL,208666.89,2,0
"Ministry of Housing, Communities and Local Government",DEPT OF ENERGY CLIMATE CHANGE,208368.8,5,0
United Lincolnshire Hospitals NHS Trust,DEPARTMENT OF ENERGY CLIMATE CHANGE,207492.0,3,0
Department of Health and Social Care,BROMSGROVE DISTRICT COUNCIL,207393.93,2,0
Ministry of Justice,BRADFORD METROPOLITAN DISTRICT COUNCIL RC31620071,207378.43,1,0
Department for Work and Pensions,LONDON AMBULANCE SERVICE,207345.0,2,0
Department of Health and Social Care,EAST CAMBRIDGESHIRE DISTRICT COUNCIL,207332.63,2,0
NHS Business Services Authority,CALDERDALE HUDDERSFILED NHS FT,207130.61,4,0
Royal Borough of Greenwich,MEDWAY COUNCIL,207119.22,14,0
Ministry of Justice,CAMBRIDGE CITY COUNCIL,206692.05,8,0
Home Office,DUDLEY METROPOLITAN BOROUGH COUNCIL G,206599.71,5,0
Salisbury NHS Foundation Trust,LEEDS YORK PARTNERSHIP NHS FT,206500.0,6,0
"Department for Science, Innovation and Technology",ALDER HEY CHILDREN S NHS FOUNDATION TRUST,206374.0,4,0
Home Office,LONDON BOROUGH OF ENFIELD,206117.47,2,0
Cabinet Office,NORTHAMPTON BOROUGH COUNCIL,206083.63,3,0
Charity Commission for England and Wales,OFFICE FOR NATIONAL STATISTICS,206038.0,8,0
Blaby District Council,CHARNWOOD BOROUGH COUNCIL,205565.29,18,0
Ministry of Justice,LONDON BOROUGH OF ENFIELD RC38000001,205419.89,1,0
Milton Keynes Hospital NHS Foundation Trust,LUTON DUNSTABLE HOSPITAL NHS TRUST,205353.68,2,0
Department for Education,HAMPSHIRE HOSPITALS NHS FOUNDATION TRUST,205309.14,5,0
"Department for Environment, Food and Rural Affairs",EAST CAMBRIDGESHIRE DISTRICT COUNCIL,205247.48,8,0
Home Office,DENBIGHSHIRE COUNTY COUNCIL G,205216.0,5,0
"Department for Environment, Food and Rural Affairs",SALFORD CITY COUNCIL,205000.0,1,0
Ministry of Justice,LONDON BOROUGH OF GREENWICH RC31620096,204819.23,1,0
United Lincolnshire Hospitals NHS Trust,NHS SUPPLY CHAIN PRODUCT SALE DO NOT USE,204655.9,1,0
Department of Health and Social Care,RUNNYMEDE BOROUGH COUNCIL,204481.24,2,0
Cabinet Office,SUNDERLAND CITY COUNCIL,203637.1,3,0
Department for Work and Pensions,WESTMORLAND FURNESS COUNCIL,203586.0,4,0
Home Office,CUMBRIA POLICE AUTHORITY MAIN,203561.88,6,0
Department for Education,ENFIELD COUNCIL,203462.0,8,0
Department of Health and Social Care,EPSOM EWELL BOROUGH COUNCIL,203365.1,2,0
Department of Health and Social Care,HARLOW DISTRICT COUNCIL,203284.67,2,0
Department of Health and Social Care,NORTH EAST DERBYSHIRE DISTRICT COUNCIL,203227.08,2,0
Ministry of Justice,DERBY CITY COUNCIL RC31620087,202988.27,1,0
"Foreign, Commonwealth and Development Office (FCDO)",BRITISH AMERICAN SECURITY INFORMATION COUNCIL,202946.0,5,0
Department of Health and Social Care,STAFFORDSHIRE MOORLANDS DISTRICT COUNCIL,202849.64,2,0
National Institute for Health and Care Excellence,NHS SOUTH CENTRAL WEST COMMISSIONING SUPPORT UNIT,202835.47,3,0
National Offender Management Service,DERBY CITY COUNCIL,202682.0,3,0
Ministry of Justice,LEICESTERSHIRE POLICE AUTHORITY,202484.0,2,0
Shropshire Community Health NHS Trust,BIRMINGHAM SOLIHULL MENTAL HEALTH NHS FOUNDATION TRUST,202394.8,3,0
"Department for Environment, Food and Rural Affairs",HEREFORDSHIRE COUNCIL,202145.37,6,0
UK Sport,BRITISH MOUNTAINEERING COUNCIL,202004.0,5,0
Department for Energy Security and Net Zero,FOREIGN COMMONWEALTH DEVELOPMENT OFFICE,201624.52,3,0
Cabinet Office,TAMESIDE METROPOLITAN BOROUGH COUNCIL,201038.0,4,0
"Department for Environment, Food and Rural Affairs",COUNCIL OF THE ISLES OF SCILLY,200669.36,3,0
Department of Health and Social Care,BLABY DISTRICT COUNCIL,200448.45,2,0
Department of Health and Social Care,WEST LINDSEY DISTRICT COUNCIL,200417.21,2,0
HM Revenue and Customs,LONDON BOROUGH OF HOUNSLOW,200183.5,7,0
National Offender Management Service,CENTRAL LONDON COMMUNITY HEALTHCARE NHS TRUST,200000.0,1,0
Cabinet Office,DYFED POWYS POLICE,200000.0,1,0
HM Revenue and Customs,GLOUCESTERSHIRE NHS,200000.0,1,0
HM Revenue and Customs,GLOUCESTERSHIRE NHS FOUNDATION,200000.0,1,0
"Department for Digital, Culture, Media and Sport",LIVERPOOL CITY COUNCIL,200000.0,1,0
"Department for Digital, Culture, Media and Sport",SOUTHAMPTON CITY COUNCIL,200000.0,1,0
Department of Health and Social Care,THAMES VALLEY POLICE,200000.0,2,0
Department for International Development,COUNCIL FOR GEOSCIENCE,199967.3,4,0
Department for Work and Pensions,EAST SUFFOLK COUNCIL,199926.0,3,0
Department of Health and Social Care,CASTLE POINT BOROUGH COUNCIL,199913.59,2,0
UK Trade and Investment,LONDON BOROUGH OF HACKNEY,199716.0,1,0
Portsmouth Hospital NHS Trust,SUSSEX COMMUNITY NHS FOUNDATION TRUST,199628.01,6,0
North Yorkshire Council,HAMBLETON DISTRICT COUNCIL,199612.18,33,0
Home Office,RUTLAND COUNTY COUNCIL DC G,199432.12,6,0
Department for Work and Pensions,SHROPSHIRE COUNCIL COUNTY TRAINING,199336.62,5,0
Blaby District Council,GLENFIELD PARISH COUNCIL,199272.81,26,0
"Department for Science, Innovation and Technology",DEPARTMENT FOR EDUCATION,199055.0,4,0
Ministry of Justice,NORTHAMPTONSHIRE POLICE,199044.0,2,0
Ministry of Justice,GLOUCESTERSHIRE POLICE AUTHORITY,198312.0,3,0
Home Office,SCIENCE TECHNOLOGY FACILITIES COUNCIL,198290.6,5,0
Pennine Care NHS Foundation Trust,SALFORD ROYAL NHS FOUNDATION TRUST,198055.5,3,0
Department of Health and Social Care,FAREHAM BOROUGH COUNCIL,198028.06,2,0
Salisbury NHS Foundation Trust,NHS BATH NORTH EAST SOMERSET,198000.0,3,0
Home Office,NHS OXFORDSHIRE CCG G,198000.0,4,0
National Institute for Health and Care Excellence,CUMBRIA NORTHUMBERLAND TYNE WEAR NHS FOUNDATION TRUST,197806.9,4,0
Department of Health and Social Care,NHS LEICESTER CITY CCG,197577.0,3,0
Ministry of Justice,GREENWICH COUNCIL RC38000001,197418.99,1,0
Scotland Office,MINISTRY OF JUSTICE,197263.86,5,0
Ministry of Defence,WARWICKSHIRE COUNTY COUNCIL,197150.16,5,0
Cheltenham Borough Council,PRESTBURY PARISH COUNCIL,197099.3,3,0
Cabinet Office,MEDWAY COUNCIL,197006.89,3,0
Department of Health and Social Care,BROADLAND DISTRICT COUNCIL,196893.52,2,0
Department for Work and Pensions,LIVERPOOL COMMUNITY HEALTH NHS TRUST,196770.0,7,0
Cabinet Office,BUCKINGHAMSHIRE COUNTY COUNCIL,196712.65,5,0
Home Office,FALKIRK COUNCIL G,196016.0,4,0
Department of Health and Social Care,EASTLEIGH BOROUGH COUNCIL,195981.87,2,0
Maidstone and Tunbridge Wells NHS Trust,QUEEN VICTORIA HOSPITAL NHS TRUST,195894.41,4,0
North Yorkshire Council,SPOFFORTH WITH STOCKELD PARISH COUNCIL,195722.79,13,0
Ministry of Justice,LONDON BOROUGH OF EALING RC38000001,195412.42,1,0
Department for Education,HIGHWAYS AGENCY,195332.0,3,0
Cabinet Office,CALDERDALE METROPOLITAN BOROUGH COUNCIL,195088.17,4,0
Blaby District Council,BLABY PARISH COUNCIL,195057.16,13,0
Home Office,ROTHERHAM MBC 2 G,194849.75,3,0
HM Revenue and Customs,CHESHIRE EAST COUNCIL POLAR,194775.0,1,0
National Offender Management Service,MERSEYSIDE POLICE AUTHORITY,194744.0,4,0
Ministry of Justice,NOTTINGHAM CITY COUNCIL RC38000001,194533.11,1,0
Cabinet Office,CAMBRIDGE CITY COUNCIL,194425.0,2,0
Former council of North Yorkshire,HUMBER TEACHING NHS FOUNDATION TRUST,194097.81,91,0
NHS Thames Valley ICB,RUSHMOOR BOROUGH COUNCIL,193911.12,4,0
Home Office,SUNDERLAND CITY COUNCIL,193875.16,5,0
Ministry of Justice,GWENT POLICE AUTHORITY,193500.0,2,0
Foreign and Commonwealth Office,DEPARTMENT FOR WORK PENSIONS DWP,193489.26,4,0
Department of Health and Social Care,HOUNSLOW RICHMOND COMMUNITY HEALTHCARE NHS TRUST RY9,193352.33,14,0
Home Office,OLDHAM MBC 1 G,193246.17,4,0
North Yorkshire Council,BARLBY OSGODBY TOWN COUNCIL,193231.5,8,0
Ministry of Defence,HOME OFFICE SCIENTIFIC DEV BRANCH,193170.7,4,0
North Yorkshire Council,SHERBURN IN ELMET TOWN COUNCIL,192986.13,3,0
Ministry of Justice,LONDON BOROUGH OF WALTHAM FOREST RC38000001,192750.57,1,0
Shropshire Community Health NHS Trust,BIRMINGHAM COMMUNITY HEALTHCARE NHS TRUST,192672.15,85,0
Cabinet Office,READING BOROUGH COUNCIL,192543.0,2,0
Shropshire Community Health NHS Trust,WYE VALLEY NHS TRUST,192255.67,273,0
Ministry of Justice,HAMPSHIRE COUNTY COUNCIL RC31620100,192164.53,1,0
Home Office,SCOTTISH POLICE SERVICES AUTH,191883.5,4,0
Department of Health and Social Care,HAVANT BOROUGH COUNCIL,191808.66,1,0
Home Office,MANSFIELD DISTRICT COUNCIL G,191795.4,5,0
Department of Health and Social Care,SOUTH LAKELAND DISTRICT COUNCIL,191657.77,2,0
Sea Fish Industry Authority,SCOTTISH GOVERNMENT,191529.0,1,0
Department of Health and Social Care,SUSSEX POLICE AUTHORITY,191245.0,2,0
Department of Health and Social Care,HINCKLEY BOSWORTH BOROUGH COUNCIL,191152.81,2,0
Coventry and Warwickshire Partnership NHS Trust,LANCASHIRE TEACHING HOSPITALS NHS FT,191124.0,1,0
Wales Office,MINISTRY OF JUSTICE,191027.02,14,0
Department for International Development,MARINE STEWARDSHIP COUNCIL,191000.0,1,0
Ministry of Justice,DEVON CORNWALL POLICE AUTHORITY,190977.0,2,0
Cabinet Office,TRAFFORD METROPOLITAN BOROUGH COUNCIL,190502.52,3,0
"Ministry of Housing, Communities and Local Government",DURHAM CITY COUNCIL,190427.0,6,0
Home Office,LONDON BOROUGH OF SOUTHWARK,190080.0,6,0
Home Office,NHS LIVERPOOL CCG G,190000.0,3,0
North Yorkshire Council,SCARBOROUGH TOWN COUNCIL,190000.0,1,0
Ministry of Justice,CHESHIRE POLICE AUTHORITY,189913.0,2,0
"Ministry of Housing, Communities and Local Government",NAT COUNCIL GRAD ENTREPRENEURSHIP,189731.36,3,0
Ministry of Justice,HUMBERSIDE POLICE AUTHORITY,189451.0,2,0
The Pennine Acute Hospitals NHS Trust,LIVERPOOL UNIVERSITY HOSPITALS NHS FT,189165.14,6,0
Foreign and Commonwealth Office,UNIVERSITY HOSPITALS BIRMINGHAM NHS FOUNDATION TRUST,189090.0,1,0
HM Revenue and Customs,HARROGATE BOROUGH COUNCIL,189038.0,7,0
National Offender Management Service,NORFOLK COUNTY COUNCIL CASHIERS,188716.48,3,0
Home Office,GWYNEDD COUNCIL G,188618.0,4,0
Department of Health and Social Care,BRECKLAND COUNCIL,188611.43,1,0
Ministry of Defence,LB OF HAMMERSMITH FULHAM,188173.5,4,0
Department for Work and Pensions,SHEFFIELD CHILDRENS HOSPTL NHS TRUST,188134.0,4,0
Uttlesford District Council,THURROCK COUNCIL,188031.34,68,0
Whittington Hospital NHS Trust,NHS CAMDEN,187947.01,2,0
Department for Work and Pensions,MILTON KEYNES COUNCIL,187900.0,5,0
Home Office,ACPO ASSOCIATION OF CHIEF POLICE OFFICERS G,187333.0,1,0
North Yorkshire Council,STOKESLEY TOWN COUNCIL,187325.0,2,0
Ministry of Justice,WIGAN COUNCIL,187268.52,6,0
United Lincolnshire Hospitals NHS Trust,ENVIRONMENT AGENCY,187254.56,2,0
Ministry of Justice,LONDON BOROUGH OF TOWER HAMLETS RC38000001,186762.44,1,0
Department of Health and Social Care,LEWES DISTRICT COUNCIL,186658.48,2,0
Home Office,POLICE CRIME COMMISSIONER FOR LINCOLNSHIRE THE,186621.04,6,0
Home Office,NHS CAMDEN CLINICAL COMMISSIONING GROUP G,186600.0,3,0
Department of Health and Social Care,HAMBLETON DISTRICT COUNCIL,186300.31,2,0
North Yorkshire Council,NORTON ON DERWENT TOWN COUNCIL,186177.5,2,0
The Pennine Acute Hospitals NHS Trust,BOLTON NHS FT,186119.44,5,0
Natural History Museum,DEPARTMENT OF ENERGY CLIMATE CHANG,186108.0,2,0
Home Office,SUNDERLAND PCT,186100.62,1,0
Shropshire Community Health NHS Trust,NORTHUMBRIA HEALTHCARE NHS FOUNDATION TRUST,185840.18,67,0
Ministry of Defence,HIGHLAND REGIONAL COUNCIL,185716.58,7,0
Ministry of Justice,BRISTOL CITY COUNCIL RC31620075,185385.91,1,0
Department for Work and Pensions,NEWARK SHERWOOD DISTRICT COUNCIL,185371.0,7,0
Royal Borough of Greenwich,BARTS HEALTH NHS TRUST,185233.05,8,0
Ministry of Justice,LINCOLNSHIRE COUNTY COUNCIL,185086.49,6,0
Ministry of Justice,HM REVENUE CUSTOMS,184968.81,1,0
"Department for Digital, Culture, Media and Sport",SOUTH GLOUCESTERSHIRE COUNCIL,184858.0,1,0
"Department for Environment, Food and Rural Affairs",WYRE BOROUGH COUNCIL,184717.43,5,0
Ministry of Justice,SURREY POLICE AUTHORITY,184672.0,2,0
Home Office,REDCAR CLEVELAND BOROUGH COUNCIL DAT G,184596.73,3,0
HM Revenue and Customs,NORTH EAST LINCOLNSHIRE COUNCIL,184596.06,11,0
Home Office,WEST MERCIA POLICE,184545.63,5,0
Ministry of Justice,KENT COUNTY COUNCIL RC38000001,184525.78,1,0
Home Office,HAMPSHIRE FIRE RESCUE SERVICE,184409.03,5,0
Ministry of Justice,CLEVELAND POLICE AUTHORITY,184400.0,2,0
Cabinet Office,BATH NORTH EAST SOMERSET COUNCIL,184323.32,3,0
Cabinet Office,BLACKBURN WITH DARWEN BOROUGH COUNCIL,183905.0,3,0
North Yorkshire Council,SETTLE TOWN COUNCIL,183883.56,5,0
Department of Health and Social Care,THREE RIVERS DISTRICT COUNCIL,183795.2,2,0
Ministry of Justice,LEICESTER CITY COUNCIL RC38000001,183793.21,1,0
Department for Energy Security and Net Zero,GATESHEAD COUNCIL,183547.0,1,0
Department of Health and Social Care,NHS LAMBETH CCG,183430.0,7,0
Department of Health and Social Care,TUNBRIDGE WELLS BOROUGH COUNCIL,183173.97,2,0
Ministry of Justice,LEICESTER CITY COUNCIL RC31620113,183166.59,1,0
Cabinet Office,DEPARTMENT FOR EDUCATION,183000.0,3,0
"Ministry of Housing, Communities and Local Government",TREE COUNCIL,182994.0,9,0
Department for Education,HASTINGS BOROUGH COUNCIL,182820.0,4,0
Cabinet Office,LONDON BOROUGH OF MERTON,182782.0,2,0
Ministry of Justice,STAFFORDSHIRE POLICE AUTHORITY,182721.0,2,0
Ministry of Defence,BRIGHTON HOVE CITY COUNCIL,182619.25,5,0
Home Office,EAST RENFREWSHIRE COUNCIL G,182593.8,4,0
Cabinet Office,SLOUGH BOROUGH COUNCIL,182582.0,3,0
"Department for Environment, Food and Rural Affairs",ORDNANCE SURVEY,182424.28,8,0
"Department for Environment, Food and Rural Affairs",GREENWICH COUNCIL,182332.5,7,0
East Sussex Healthcare NHS Trust,HM REVENUE CUSTOMS,182075.0,2,0
"Ministry of Housing, Communities and Local Government",OADBY WIGSTON BOROUGH COUNCIL,182030.0,9,0
Home Office,OFFICE OF THE POLICE CRIME COMMISSIONER FOR SUFFOLK,181984.71,5,0
"Foreign, Commonwealth and Development Office (FCDO)",OFFICE FOR NATIONAL STATISTICS HMPG,181845.75,7,0
Rushmoor Borough Council,RUNNYMEDE BOROUGH COUNCIL,181715.69,14,0
"Department for Environment, Food and Rural Affairs",MIDDLESBROUGH COUNCIL,181689.81,5,0
Department for Work and Pensions,ROYAL BOROUGH OF KENSINGTON CHELSEA,181400.0,5,0
Department for Work and Pensions,DEPARTMENT OF HEALTH SOCIAL CARE,181380.0,2,0
Department of Health and Social Care,MOLE VALLEY DISTRICT COUNCIL,181261.4,2,0
Cabinet Office,COLCHESTER BOROUGH COUNCIL,181159.02,3,0
Cabinet Office,EAST RIDING OF YORKSHIRE BOROUGH COUNCIL,181131.0,2,0
Ministry of Justice,WEST BERKSHIRE DISTRICT COUNCIL,181002.7,2,0
Ministry of Justice,HEREFORDSHIRE COUNCIL,180934.83,3,0
Ministry of Defence,LONDON BOROUGH OF EALING,180933.0,3,0
Ministry of Justice,DURHAM CONSTABULARY,180786.0,2,0
"Ministry of Housing, Communities and Local Government",SUFI MUSLIM COUNCIL,180500.0,2,0
Department of Health and Social Care,RUGBY BOROUGH COUNCIL,180499.53,2,0
Ministry of Justice,SUFFOLK POLICE AUTHORITY,180470.0,2,0
"Department for Digital, Culture, Media and Sport",HM TREASURY 15811,180417.97,6,0
Ministry of Justice,LIVERPOOL CITY COUNCIL RC38000001,180376.82,1,0
Ministry of Defence,BROMLEY LOCAL BOROUGH COUNCIL,180233.33,5,0
Cabinet Office,OXFORDSHIRE COUNTY COUNCIL,180097.0,4,0
Ministry of Defence,WEST LOTHIAN COUNCIL,180078.6,6,0
"Ministry of Housing, Communities and Local Government",HAMBLETON DISTRICT COUNCIL,180028.24,2,0
Department for Work and Pensions,NORTH WARWICKSHIRE BOROUGH COUNCIL,180000.0,1,0
Home Office,HUMBERSIDE POLICE AUTHORITY 1,179916.0,1,0
Department of Health and Social Care,SALFORD ROYAL NHS FO,179765.0,3,0
Department of Health and Social Care,ST HELENS KNOWSLEY HOSPITALS NHS TRUST,179481.0,4,0
Foreign and Commonwealth Office,ZENITH COUNCIL DEUTSCHER LEVANTE,179425.92,4,0
National Offender Management Service,BUCKINGHAMSHIRE COUNTY COUNCIL,179423.0,3,0
Royal Borough of Greenwich,NETWORK RAIL,179311.45,14,0
Ministry of Justice,POWYS COUNTY COUNCIL,179291.67,1,0
Blaby District Council,OFFICE OF THE POLICE CRIME COMMISSIONER,179199.72,7,0
Ministry of Defence,LANCASHIRE TEACHING HOSPITALS NHS FOUNDATION TRUST,179051.48,1,0
Ministry of Justice,CUMBRIA POLICE AUTHORITY,179000.0,2,0
Ministry of Justice,DERBYSHIRE POLICE AUTHORITY,179000.0,2,0
Ministry of Justice,LINCOLNSHIRE POLICE AUTHORITY,179000.0,2,0
Department for Education,UNIVERSITY HOSPITALS BRISTOL NHS FOUNDATION TRUST,178947.56,6,0
Home Office,EAST DUNBARTONSHIRE COUNCIL G,178920.0,6,0
Cabinet Office,LONDON BOROUGH OF RICHMOND UPON THAMES,178600.0,2,0
Ministry of Justice,SOUTH WALES POLICE AUTHORITY,178588.0,2,0
Ministry of Justice,SALFORD CITY COUNCIL RC31620140,178569.6,1,0
Ministry of Justice,DORSET POLICE AUTHORITY,178452.0,2,0
Ministry of Defence,WEYMOUTH PORTLAND BOROUGH COUNCIL,178384.77,6,0
Ministry of Justice,SUSSEX POLICE AUTHORITY,178343.0,2,0
Home Office,BRISTOL CITY COUNCIL 4 G,178324.31,2,0
Ministry of Defence,NEWPORT CITY COUNCIL,178303.0,3,0
Ministry of Justice,MERSEYSIDE POLICE AUTHORITY,178273.0,2,0
Department of Health and Social Care,FOLKESTONE HYTHE DISTRICT COUNCIL,178077.52,1,0
Department of Health and Social Care,POLICE CRIME COMMISSIONER FOR MERSEYSIDE,177851.0,2,0
Home Office,ROYAL BOROUGH OF KENSINGTON CHELSEA G,177824.92,2,0
Department of Health and Social Care,WOKING BOROUGH COUNCIL,177758.38,2,0
Foreign and Commonwealth Office,GABORONE CITY COUNCIL,177673.37,6,0
Ministry of Justice,NORTH YORKSHIRE POLICE AUTHORITY,177529.0,2,0
"Ministry of Housing, Communities and Local Government",IVYBRIDGE TOWN COUNCIL ERME,177462.25,6,0
South Central Ambulance Service NHS Foundation Trust,WINCHESTER CITY COUNCIL RATES ONLY,177152.0,2,0
Department of Health and Social Care,BRAINTREE DISTRICT COUNCIL,176994.33,1,0
Department for Education,LAND REGISTRY,176818.89,3,0
Ministry of Justice,KIRKLEES MET COUNCIL RC31620109,175867.78,1,0
Department of Health and Social Care,RUSHMOOR BOROUGH COUNCIL,175641.02,2,0
Ministry of Defence,VALE OF WHITE HORSE COUNCIL,175405.5,4,0
Home Office,CENTRAL NORTH WEST LONDON NHS FOUNDATION TRUST,175245.0,2,0
Department for Energy Security and Net Zero,WORTHING BOROUGH COUNCIL,175020.0,1,0
Foreign and Commonwealth Office,FRANCO BRITISH COUNCIL,175000.0,6,0
Department for Energy Security and Net Zero,INTERNATIONAL COUNCIL ON CLEAN TRANSPORTATION ICCT,175000.0,1,0
Department for Energy Security and Net Zero,OLDHAM COUNCIL,175000.0,1,0
Ministry of Justice,CITY OF WESTMINSTER RC31620170,174846.91,1,0
Department for Education,OXFORD CITY COUNCIL,174825.95,3,0
Cabinet Office,WYCOMBE DISTRICT COUNCIL,174658.0,3,0
Department for Energy Security and Net Zero,UKRI NATURAL ENVIRONMENT RESEARCH COUNCIL,174645.2,2,0
Ministry of Justice,WEST MERCIA POLICE AUTHORITY,174612.0,2,0
Department for Work and Pensions,WEST LONDON ALLIANCE C O LONDON BOROUGH OF EALING,174569.0,1,0
Department of Health and Social Care,HARBOROUGH DISTRICT COUNCIL,174490.21,2,0
Department for Energy Security and Net Zero,SWINDON BOROUGH COUNCIL,174231.4,3,0
Ministry of Justice,LONDON BOROUGH OF REDBRIDGE RC31620136,174216.75,1,0
"Ministry of Housing, Communities and Local Government",MUSLIM COUNCIL OF GREAT BRITAIN,174000.0,2,0
Home Office,LINCOLNSHIRE POLICE AUTHORITY,173781.37,5,0
"Foreign, Commonwealth and Development Office (FCDO)",HM TREASURY VOTES CASH ACCOUNT,173422.95,3,0
Department for Education,ST HELENS COUNCIL,172997.12,2,0
South Gloucestershire Council,DEVON COUNTY COUNCIL,172934.5,12,0
Department of Health and Social Care,COTSWOLD DISTRICT COUNCIL,172809.03,2,0
"Department for Digital, Culture, Media and Sport",EAST SUSSEX COUNTY COUNCIL,172769.0,1,0
Royal United Hospital Bath NHS Foundation Trust,SOMERSET PCT,172681.28,4,0
Department of Health and Social Care,ROTHER DISTRICT COUNCIL,172571.59,2,0
Cabinet Office,CAMBRIDGESHIRE COUNTY COUNCIL,172000.0,2,0
Department for Energy Security and Net Zero,WARRINGTON BOROUGH COUNCIL,171980.0,1,0
Home Office,GLOUCESTERSHIRE PCT,171948.64,2,0
Coventry and Warwickshire Partnership NHS Trust,BIRMINGHAM EAST NORTH PCT,171846.92,1,0
Home Office,DARLINGTON PRIMARY CARE TRUST G,171732.32,5,0
North Yorkshire Council,COLBURN TOWN COUNCIL,171500.0,2,0
Cabinet Office,GWYNEDD COUNCIL,171406.12,3,0
Department of Health and Social Care,SOUTH WESTERN AMBULANCE SERVICE,171397.86,1,0
Cabinet Office,PETERBOROUGH CITY COUNCIL,171213.0,3,0
Department of Health and Social Care,ALLERDALE BOROUGH COUNCIL,171145.0,2,0
South Central Ambulance Service NHS Foundation Trust,NHS PROPERTY SERVICES,171063.47,6,0
Cabinet Office,NORWICH CITY COUNCIL,170945.0,3,0
Home Office,ROTHERAM PCT,170864.22,1,0
Department of Health and Social Care,ROSSENDALE BOROUGH COUNCIL,170433.95,2,0
Department for Work and Pensions,FOLKESTONE HYTHE DISTRICT COUNCIL,170376.0,5,0
Department for Education,HARLOW DISTRICT COUNCIL,170373.0,4,0
Home Office,CLEVELAND POLICE AUTHORITY G,170299.5,1,0
Maidstone and Tunbridge Wells NHS Trust,UNIVERSITY HOSPITALS SUSSEX NHS TRUST,170182.0,1,0
Ministry of Defence,CHELMSFORD BOROUGH COUNCIL,170040.0,6,0
United Lincolnshire Hospitals NHS Trust,LEEDS YORK PARTNERSHIP NHS FT,170000.0,4,0
Ministry of Justice,ROYAL BOROUGH OF KENSINGTON CHELSEA RC31620107,169980.78,1,0
Ministry of Defence,ISLINGTON COUNCIL,169925.0,2,0
Department of Health and Social Care,AMBER VALLEY BOROUGH COUNCIL,169779.95,1,0
Department of Health and Social Care,HERTFORDSHIRE CONSTABULARY,169000.0,1,0
Bristol City Council,MANCHESTER CITY COUNCIL,168750.0,6,0
"Department for Environment, Food and Rural Affairs",INLAND REVENUE,168535.8,3,0
Ministry of Defence,GLOUCESTERSHIRE COUNTY COUNCIL,168377.0,2,0
Royal Borough of Greenwich,LONDON BOROUGH OF REDBRIDGE,167810.07,11,0
Cabinet Office,CABINET OFFICE VOTES CASH ACCOMMODATION,167724.27,2,1
Department of Health and Social Care,CRAWLEY BOROUGH COUNCIL,167553.74,1,0
Home Office,NHS NEW DEVON CLINICAL COMMISSIONING GROUP G,167200.0,3,0
Department for Work and Pensions,NORTHUMBERLAND COUNTY COUNCIL,167090.0,4,0
Foreign and Commonwealth Office,MET OFFICE GOVERNMENT SERVICES,167022.0,3,0
Department for Work and Pensions,SOMERSET PARTNERSHIP NHS,166943.0,5,0
Ministry of Justice,WILTSHIRE POLICE AUTHORITY,166848.0,2,0
Cabinet Office,SOUTHEND ON SEA BOROUGH COUNCIL,166815.0,3,0
Royal Borough of Greenwich,DESIGN COUNCIL,166800.0,19,0
Ministry of Defence,SUFFOLK COUNTY COUNCIL,166790.0,4,0
North Yorkshire Council,TADCASTER TOWN COUNCIL,166558.85,5,0
HM Revenue and Customs,THAMES VALLEY POLICE,166545.0,5,0
"Department for Environment, Food and Rural Affairs",LONDON BOROUGH OF REDBRIDGE,166520.0,3,0
Ministry of Defence,BRITISH COUNCIL CRANFIELD UNIVERSITY,166471.43,1,0
Department of Health and Social Care,NHS SUPPLY CHAIN VITAMINS ONLY,165904.55,6,0
Department of Health and Social Care,NORTH WEST LEICESTERSHIRE DISTRICT COUNCIL,165887.05,2,0
Cabinet Office,ROTHERHAM METROPOLITAN BOROUGH COUNCIL,165740.0,3,0
Department of Health and Social Care,BABERGH DISTRICT COUNCIL,165726.62,2,0
Home Office,MET OFFICE,165642.81,5,0
Cabinet Office,CAERPHILLY COUNTY BOROUGH COUNCIL,165489.6,3,0
Department of Health and Social Care,LICHFIELD DISTRICT COUNCIL,165414.65,2,0
North Yorkshire Council,HUNMANBY PARISH COUNCIL,165295.36,10,0
"Department for Science, Innovation and Technology",WESTMINSTER CITY COUNCIL,165000.0,1,0
HM Revenue and Customs,MIDDLESBROUGH COUNCIL,164880.0,2,0
Ministry of Justice,NORFOLK POLICE AUTHORITY,164880.0,2,0
Uttlesford District Council,HMRC VAT,164860.25,3,0
Cabinet Office,LONDON BOROUGH OF SUTTON,164810.2,3,0
Department of Health and Social Care,ROCHFORD DISTRICT COUNCIL,164644.41,2,0
Ministry of Justice,LONDON BOROUGH OF CAMDEN RC31620080,164455.02,1,0
Department of Health and Social Care,DARTFORD BOROUGH COUNCIL,164248.26,1,0
Department of Health and Social Care,NHS CENTRAL LONDON WESTMINSTER CCG,163868.57,1,0
Department of Health and Social Care,MID DEVON DISTRICT COUNCIL,163712.62,2,0
Department for Education,IPSWICH BOROUGH COUNCIL,163663.0,4,0
Cabinet Office,OLDHAM MBC,163512.0,3,0
Ministry of Defence,WREXHAM COUNTY BOROUGH COUNCIL,163400.0,3,0
Department for Work and Pensions,SOUTH TYNESIDE FOUNDATION TRUST,163241.0,6,0
Cabinet Office,HOME OFFICE 12511,163143.7,2,0
North Yorkshire Council,BENTHAM TOWN COUNCIL,163069.5,3,0
Portsmouth Hospital NHS Trust,ROYAL MARSDEN NHS FOUNDATION TRUST THE,162849.0,2,0
Cabinet Office,MAIDSTONE BOROUGH COUNCIL,162793.23,4,0
Cabinet Office,CHELMSFORD BOROUGH COUNCIL,162301.0,3,0
NHS Norfolk and Suffolk ICB - 25k Expenditure Report,SOUTH NORFOLK DISTRICT COUNCIL,161087.0,1,0
Department of Health and Social Care,SOUTH WEST AMBULANCE SERVICE NHS TRUST,161000.0,1,0
Ministry of Justice,LANCASHIRE COUNTY COUNCIL RC38000001,160915.62,1,0
Department of Health and Social Care,DEPARTMENT FOR WORK,160808.4,3,0
Department for Work and Pensions,LONDON BOROUGH OF BARKING DAGENHAM MEMORANDUM ACCOUNT CAMDEN COUNCIL,160800.0,3,0
Home Office,THANET DISTRICT COUNCIL,160670.96,5,0
Maidstone and Tunbridge Wells NHS Trust,KENT MEDWAY NHS SCPT,160464.19,14,0
Home Office,EAST LINDSEY DISTRICT COUNCIL G,160418.19,3,0
Ministry of Defence,NORFOLK COUNTY COUNCIL,160318.74,4,0
Department of Health and Social Care,TORRIDGE DISTRICT COUNCIL,160254.48,2,0
Department of Health and Social Care,NORTH WARWICKSHIRE BOROUGH COUNCIL,160190.47,2,0
"Department for Science, Innovation and Technology",ARGYLL BUTE COUNCIL,160000.0,4,0
Department of Health and Social Care,BARNSLEY MBC,160000.0,1,0
Department of Health and Social Care,MERSEYSIDE POLICE,160000.0,1,0
Department of Health and Social Care,MK PCT SOLUTIONS FOR PUBLIC HEALTH,160000.0,3,0
Cabinet Office,NORTHERN IRELAND OFFICE,160000.0,1,0
"Ministry of Housing, Communities and Local Government",CITY OF BRADFORD MDC,159964.66,4,0
Foreign and Commonwealth Office,ROYAL CAYMAN ISLANDS POLICE SERVICE,159511.12,1,0
Cabinet Office,WALSALL METROPOLITAN BOROUGH COUNCIL,159343.75,3,0
Home Office,NOTTINGHAMSHIRE POLICE AUTHORITY,159330.19,4,0
Department for Work and Pensions,QUEEN VICTORIA HOSPITAL NHS TRUST,158926.0,5,0
Department for Energy Security and Net Zero,DORSET COUNCIL,158658.75,3,0
Department for Education,DEPARTMENT OF ENERGY CLIMATE CHANGE,158454.4,2,0
Ministry of Justice,DERBYSHIRE COUNTY COUNCIL,158177.55,2,0
Department for Education,LONDON BOROUGH OF BEXLEY COUNCIL DCSF,158175.0,4,0
NHS Business Services Authority,DEPARTMENT FOR WORK PENSIONS,158112.0,2,0
Home Office,NHS HALTON CLINICAL COMMISSIONING GROUP G,158000.0,3,0
"Ministry of Housing, Communities and Local Government",POLICE CRIME COMMISSIONER FOR K,157905.0,2,0
Department for Education,E SKILLS UK SECTOR SKILLS COUNCIL,157501.0,2,0
Children and Family Court Advisory and Support Service,COVENTRY CITY COUNCIL RATES,157440.0,1,0
Department of Health and Social Care,GRAVESHAM BOROUGH COUNCIL,157234.57,1,0
Shropshire Community Health NHS Trust,NHS PROVIDERS,157198.82,93,0
Foreign and Commonwealth Office,CITY OF LONDON POLICE,157031.16,5,0
Former council of North Yorkshire,EAST RIDING OF YORKSHIRE COUNCIL,156950.86,19,0
Bristol City Council,NHS PENSION AGENCY,156792.14,10,0
Children and Family Court Advisory and Support Service,MANCHESTER CITY COUNCIL RATES,156736.0,2,0
United Lincolnshire Hospitals NHS Trust,SHEFFIELD TEACHING HOSPITAL NHS FT,156642.37,4,0
NHS Business Services Authority,NHS PROPERTY SERVICES,156258.02,6,0
"Department for Environment, Food and Rural Affairs",DEPARTMENT OF ENERGY CLIMATE CHANGE,156166.44,4,0
Milton Keynes Hospital NHS Foundation Trust,OXFORD RADCLIFFE HOSPITAL NHS TRUST,155944.0,6,0
The Pennine Acute Hospitals NHS Trust,GREATER MANCHESTER MENTAL HEALTH NHS FT,155943.85,3,0
Home Office,SEFTON COUNCIL G,155871.0,4,0
Ministry of Justice,CAMBRIDGESHIRE POLICE AUTHORITY,155675.0,2,0
Cabinet Office,GATESHEAD METROPOLITAN BOROUGH COUNCIL,155566.5,3,0
"Department for Science, Innovation and Technology",ROYAL BOROUGH OF KINGSTON UPON THAMES,155420.0,1,0
Home Office,STOCKPORT METROPOLITAN BOROUGH COUNCIL G,155250.0,3,0
Ministry of Defence,HMRC VAT RETURNS,155057.98,1,0
Home Office,DEPARTMENT OF AGRICULTURE RURAL DEVELOPMENT DARD,155054.97,4,0
"Department for Environment, Food and Rural Affairs",BARNSLEY METROPOLITAN BOROUGH COUNCIL,155000.0,3,0
North Yorkshire Council,GREAT AYTON PARISH COUNCIL,155000.0,2,0
National Offender Management Service,GREATER MANCHESTER WEST MENTAL HEALTH NHS FOUNDATION TRUST,155000.0,3,0
"Department for Environment, Food and Rural Affairs",NORTHAMPTONSHIRE COUNTY COUNCIL,154977.61,2,0
Department for Education,SOUTHWARK COUNCIL,154760.0,1,0
Department for Work and Pensions,TROWBRIDGE TOWN COUNCIL,154550.0,4,0
Department of Health and Social Care,EASTBOURNE BOROUGH COUNCIL,154399.49,1,0
Cabinet Office,MID SUSSEX DISTRICT COUNCIL,154390.0,2,0
Cabinet Office,STOCKPORT MBC,154368.0,2,0
Coventry and Warwickshire Partnership NHS Trust,NHS BLACK COUNTRY ICB,154223.22,4,0
"Ministry of Housing, Communities and Local Government",ROYAL CORNWALL HOSPITALS NHS TRUST,154010.02,5,0
Ministry of Defence,SOUTHWARK COUNCIL,153760.0,4,0
Department for Education,BOLTON COUNCIL,153340.52,3,0
Cabinet Office,WIGAN METROPOLITAN BOROUGH COUNCIL,153316.0,2,0
Ministry of Justice,LONDON BOROUGH OF BARNET,153217.5,6,0
Cabinet Office,STOKE ON TRENT CITY COUNCIL,152912.0,2,0
Ministry of Defence,CARDIFF COUNTY COUNCIL,152772.11,3,0
Department of Health and Social Care,NHS SOUTH WARWICKSHIRE CCG,152694.0,3,0
"Ministry of Housing, Communities and Local Government",SEDGEMOOR DISTRICT COUNCIL,152594.0,2,0
Ministry of Defence,RICHMOND UPON THAMES LOCAL BOROUGH COUNCIL,152564.0,2,0
The National Archives,BIRMINGHAM CITY COUNCIL CORONERS COURT,152186.19,2,0
Department of Health and Social Care,MID SUFFOLK DISTRICT COUNCIL,152095.35,2,0
Cabinet Office,CEREDIGION COUNTY COUNCIL,151574.2,3,0
National Offender Management Service,TEIGNBRIDGE DISTRICT COUNCIL,151385.61,4,0
South Central Ambulance Service NHS Foundation Trust,OXFORDSHIRE COUNTY COUNCIL,151321.5,5,0
Home Office,DORSET POLICE AUTHORITY,151321.11,4,0
HM Revenue and Customs,LONDON BOROUGH OF BARNET POLAR,151195.0,3,0
National Offender Management Service,SOMERSET COUNTY COUNCIL,151029.0,3,0
Cabinet Office,DUNDEE CITY COUNCIL,150998.0,2,0
Home Office,CIVIL NUCLEAR POLICE AUTHORITY G,150994.0,2,0
Home Office,ASSOCIATION OF POLICE AUTHORITIES G,150943.0,1,0
Government Legal Department,CROWN PROSECUTION SERVICE,150817.18,2,0
Home Office,OLDHAM METROPOLITAN BOROUGH COUNCIL G,150750.0,3,0
Uttlesford District Council,NEWPORT PARISH COUNCIL,150669.23,14,0
NHS Thames Valley ICB,HAMPSHIRE ISLE OF WIGHT HEALTHCARE NHS FOUNDATION TRUST,150666.66,2,0
NHS Norfolk and Suffolk ICB - 25k Expenditure Report,MOORFIELDS EYE HOSPITAL NHS FOUNDATION TRUST,150537.0,3,0
Ministry of Justice,CITY OF COVENTRY,150251.52,1,0
Department for Work and Pensions,NORTH OF TYNE COMBINED AUTHORITY,150236.0,3,0
Whittington Hospital NHS Trust,ISLINGTON PCT,150223.15,1,0
NHS Thames Valley ICB,VALE OF WHITE HORSE DISTRICT COUNCIL,150185.0,4,0
North Yorkshire Council,NORTH YORKSHIRE COUNCIL CRAVEN,150166.68,13,1
"Ministry of Housing, Communities and Local Government",KIRKLEES METROPOLITAN COUNCIL,150148.0,2,0
Department of Health and Social Care,COPELAND BOROUGH COUNCIL,150109.24,2,0
The Pennine Acute Hospitals NHS Trust,UNI HOSP OF S MANCHESTER NHS FOUND TRUST,150040.7,9,0
National Offender Management Service,BOLTON COUNCIL,150000.0,3,0
Department for Work and Pensions,CITY OF BRADFORD COUNCIL,150000.0,4,0
Ministry of Defence,DEVON CORNWALL CONSTABULARY,150000.0,3,0
HM Revenue and Customs,ECONOMIC SOCIAL RESEARCH COUNCIL,150000.0,1,0
"Department for Science, Innovation and Technology",LIVERPOOL CITY REGION COMBINED AUTHORITY,150000.0,2,0
Ministry of Defence,POLICE CRIME COMMISSIONER FOR DEVON CORNWALL,150000.0,3,0
Department for Work and Pensions,REDCAR CLEVELAND COUNCIL,150000.0,2,0
East Sussex Healthcare NHS Trust,ROYAL FREE LONDON NHS FOUND TRUST,150000.0,1,0
Department for Education,SHEFFIELD CITY COUNCIL ALDINE HOUSE,150000.0,2,0
Department for Work and Pensions,ARCHBISHOPS COUNCIL,150000.0,1,0
Department of Health and Social Care,TRAFFORD MBC,150000.0,1,0
Cabinet Office,CITY OF WESTMINSTER,149981.33,4,0
National Offender Management Service,LEICESTERSHIRE COUNTY COUNCIL,149858.01,5,0
Department of Health and Social Care,NORTH NORFOLK DISTRICT COUNCIL,149846.16,1,0
HM Revenue and Customs,HM TREASURY CFER PAYMENTS ONLY,149802.12,2,0
Home Office,BUCKINGHAMSHIRE COUNTY COUNCIL 1,149664.28,1,0
Ministry of Justice,LONDON BOROUGH OF ISLINGTON RC38000001,149619.13,1,0
East Sussex Healthcare NHS Trust,ENVIRONMENT AGENCY,149261.72,2,0
Cabinet Office,SWINDON BOROUGH COUNCIL,149204.2,3,0
Home Office,GATESHEAD PCT,149154.82,1,0
Home Office,POLICE SERVICE OF NTHN IRELAND,149023.8,5,0
Ministry of Justice,LONDON BOROUGH OF BARNET RC31620062,148885.64,1,0
Department for Work and Pensions,CORNWALL COUNCIL CONVERGENCE PARTNERSHIP OFFICE,148690.0,1,0
Ministry of Justice,LONDON BOROUGH OF HILLINGDON,148667.93,1,0
Ministry of Justice,CITY OF WESTMINSTER RC38000001,148556.95,1,0
"Ministry of Housing, Communities and Local Government",HAVERHILL TOWN COUNCIL,148500.0,3,0
North Yorkshire Council,HELMSLEY TOWN COUNCIL,148500.0,2,0
HM Revenue and Customs,MERTHYR TYDFIL BOROUGH COUNCIL,148495.0,8,0
Department for Energy Security and Net Zero,LICHFIELD DISTRICT COUNCIL,148328.0,1,0
Department for Work and Pensions,EALING COUNCIL,148280.0,4,0
Home Office,NHS HEREFORDSHIRE CLINICAL COMMISSIONING GROUP G,148200.0,2,0
North Yorkshire Council,TOCKWITH WITH WILSTROP PARISH COUNCIL,147947.07,6,0
Home Office,HAMPSHIRE PCT,147870.0,1,0
Home Office,NEWPORT COUNTY BOROUGH COUNCIL 1,147550.5,3,0
Ministry of Defence,WEST MIDLANDS AMBULANCE SERVICE NHS FOUNDATION TRUST,147500.0,4,0
Ministry of Justice,NORFOLK COUNTY COUNCIL,147448.96,2,0
NHS East and North Hertfordshire CCG,NHS ARDEN GEM CSU,147445.66,7,0
HM Revenue and Customs,HM COURTS SERVICE LIBERATA UK,147196.0,3,0
Department for Energy Security and Net Zero,HOME OFFICE,147018.1,3,0
HM Revenue and Customs,CAMBRIDGE CITY COUNCIL POLAR,147000.0,1,0
Home Office,NHS IC,147000.0,7,0
"Department for Environment, Food and Rural Affairs",MID SUSSEX DISTRICT COUNCIL,146892.0,2,0
Home Office,HERTFORDSHIRE COUNTY COUNCIL,146880.0,5,0
Ministry of Justice,SANDWELL MET BOROUGH COUNCIL RC31620141,146845.49,1,0
Maidstone and Tunbridge Wells NHS Trust,MAIDSTONE BOROUGH COUNCIL,146832.5,3,0
Ministry of Justice,NORTHAMPTONSHIRE COUNTY COUNCIL RC31620129,146591.96,1,0
Department for Education,BIRMINGHAM COMMUNITY HEALTH CARE NHS TRUST,146460.71,2,0
Cabinet Office,CARMARTHENSHIRE COUNTY COUNCIL,146404.0,3,0
Uttlesford District Council,HARLOW COUNCIL,146343.25,10,0
HM Revenue and Customs,LONDON BOROUGH OF ISLINGTON POLAR,146270.0,4,0
Home Office,ISLE OF ANGLESEY COUNTY COUNCIL 1 G,146139.5,5,0
HM Treasury,FOREIGN COMMONWEALTH OFFICE,146052.08,4,0
Ministry of Defence,WORCESTERSHIRE COUNTY COUNCIL,145998.0,2,0
Department for International Development,MINISTRY OF JUSTICE 2,145789.88,9,0
Home Office,NHS BLACKPOOL CLINICAL COMMISSIONING GROUP G,145600.0,2,0
Home Office,GUERNSEY POLICE FORCE,145513.54,4,0
Ministry of Justice,HARTLEPOOL BOROUGH COUNCIL,145407.67,2,0
HM Revenue and Customs,ISLE OF ANGLESEY COUNTY COUNCIL,145362.5,2,0
Foreign and Commonwealth Office,SURREY POLICE AUTHORITY,145227.05,7,0
Department for Work and Pensions,LANARKSHIRE PRIMARY CARE NHS TRUST,145083.0,3,0
Department of Health and Social Care,GREATER MANCHESTER POLICE,145000.0,2,0
NHS East and North Hertfordshire CCG,ST GEORGES UNIVERSITY HOSPITALS NHS FOUNDATION TRUST,144933.44,5,0
Queen Elizabeth II Conference Centre,CITY OF WESTMINSTER,144914.0,3,0
Uttlesford District Council,UK HEALTH SECURITY AGENCY,144800.53,2,0
Blaby District Council,MELTON BOROUGH COUNCIL,144554.61,13,0
Ministry of Justice,OXFORDSHIRE COUNTY COUNCIL RC31620132,144375.67,1,0
Home Office,LONDON BOROUGH OF TOWER HAMLETS,144169.33,4,0
"Department for Digital, Culture, Media and Sport",CAMBRIDGESHIRE COUNTY COUNCIL,144025.0,1,0
"Department for Science, Innovation and Technology",LANCASHIRE COUNTY COUNCIL,144000.0,3,0
Department for Education,PUBLIC HEALTH ENGLAND,144000.0,2,0
Department of Health and Social Care,HART DISTRICT COUNCIL,143561.36,2,0
Rushmoor Borough Council,HART DISTRICT COUNCIL,143439.56,63,0
Department for Work and Pensions,WEST SUFFOLK COUNCIL,143436.0,4,0
Department of Health and Social Care,CRAVEN DISTRICT COUNCIL,143375.65,2,0
Department for Work and Pensions,KNOWSLEY COUNCIL,143185.5,1,0
Department for Work and Pensions,KNOWSLEY MBC,143185.5,1,0
Ministry of Defence,HERTFORDSHIRE COUNTY COUNCIL,142435.0,3,0
Ministry of Justice,DERBY CITY COUNCIL RC38000001,142405.22,1,0
Home Office,HIGHLAND COUNCIL THE,142200.0,9,0
"Department for Environment, Food and Rural Affairs",HART DISTRICT COUNCIL,142000.0,2,0
Department of Health and Social Care,WORTHING BOROUGH COUNCIL,141829.44,1,0
Pennine Care NHS Foundation Trust,NHS GREATER MANCHESTER ICB,141757.0,4,0
Bristol City Council,PUBLIC HEALTH WALES NHS TRUST,141543.31,9,0
HM Revenue and Customs,HULL CITY COUNCIL,141522.0,3,0
NHS Thames Valley ICB,HAMPSHIRE COUNTY COUNCIL,141337.02,6,0
Department of Health and Social Care,SUFFOLK CONSTABULARY,141144.0,3,0
United Lincolnshire Hospitals NHS Trust,NHS BUSINESS SERVICES AUTHORITY,141090.15,7,0
Cabinet Office,FAREHAM BOROUGH COUNCIL,141012.85,3,0
Cabinet Office,HEREFORDSHIRE COUNCIL,140958.27,3,0
"Ministry of Housing, Communities and Local Government",SOUTH YORKSHIRE POLICE AUTHORITY,140489.0,1,0
Eden District Council,ALSTON MOOR PARISH COUNCIL,140334.06,4,0
Portsmouth Hospital NHS Trust,HM REVENUE CUSTOMS,140151.72,2,0
Home Office,NHS COUNTER FRAUD SECURITY MANAGEMENT SERVICE G,140045.4,3,0
"Department for Environment, Food and Rural Affairs",BLACKPOOL BOROUGH COUNCIL,140000.0,2,0
Department of Health and Social Care,CHESHIRE POLICE AUTHORITY,140000.0,2,0
Home Office,DEVON CORNWALL CONSTABULARY G,140000.0,4,0
Home Office,LEICESTERSHIRE CONSTABULARY 1 G,140000.0,4,0
Ministry of Justice,HAMPSHIRE COUNTY COUNCIL RC38000001,139973.72,1,0
Ministry of Defence,ROYAL BOROUGH OF KENSINGTON CHELSEA,139839.34,5,0
"Department for Environment, Food and Rural Affairs",NORTH LINCOLNSHIRE COUNCIL,139793.62,4,0
Children and Family Court Advisory and Support Service,MINISTRY OF JUSTICE,139565.39,12,0
Cabinet Office,LONDON BOROUGH OF BARKING DAGENHAM,139556.0,2,0
Department of Health and Social Care,CANNOCK CHASE DISTRICT COUNCIL,139510.27,1,0
Home Office,BURY PRIMARY CARE TRUST G,139370.62,4,0
National Offender Management Service,MIDDLESBROUGH BOROUGH COUNCIL,139346.0,2,0
Department for Energy Security and Net Zero,BOLSOVER DISTRICT COUNCIL,139000.0,1,0
Home Office,EAST AYRSHIRE COUNCIL G,138832.0,4,0
"Department for Digital, Culture, Media and Sport",ISLE OF WIGHT COUNCIL,138662.0,1,0
Ministry of Justice,SHEFFIELD CITY COUNCIL RC38000001,138619.92,1,0
Rushmoor Borough Council,WOKINGHAM BOROUGH COUNCIL,138531.0,16,0
Cabinet Office,BEXLEY COUNCIL,138523.0,2,0
Ministry of Justice,SOUTHAMPTON CITY COUNCIL RC31620151,137795.22,1,0
Cabinet Office,ROCHDALE METROPOLITAN BOROUGH COUNCIL,137776.0,2,0
Cabinet Office,ARUN DISTRICT COUNCIL,137661.79,3,0
Home Office,BRIDGEND COUNTY BOROUGH COUNCIL 1 G,137654.75,4,0
Bristol City Council,ROYAL UNITED HOSPITAL BATH NHS TRUST,137643.25,44,0
Ministry of Defence,BEXLEY COUNCIL,137598.0,2,0
"Department for Environment, Food and Rural Affairs",LONDON BOROUGH OF LEWISHAM,137472.85,3,0
Home Office,CHESHIRE EAST BOROUGH COUNCIL G,137423.25,3,0
Ministry of Justice,BRISTOL CITY COUNCIL RC38000001,136959.23,1,0
Department for Education,GLOUCESTER CITY COUNCIL,136850.0,1,0
NHS Thames Valley ICB,READING BOROUGH COUNCIL,136793.0,2,0
Department for Energy Security and Net Zero,DEPARTMENT FOR EDUCATION,136520.0,2,0
Cabinet Office,RHONDDA CYNON TAFF COUNCIL,136509.53,2,0
"Department for Digital, Culture, Media and Sport",NEWCASTLE CITY COUNCIL,136447.21,5,0
Home Office,NEWPORT CITY COUNCIL G,136419.0,4,0
Shropshire Community Health NHS Trust,UK HEALTH SECURITY AGENCY,136345.97,105,0
NHS East and North Hertfordshire CCG,BUCKINGHAMSHIRE HEALTHCARE NHS TRUST,136191.14,4,0
Department of Health and Social Care,TAMWORTH BOROUGH COUNCIL,136161.78,2,0
Home Office,SUNDERLAND CITY COUNCIL G,136070.93,4,0
Department for Work and Pensions,CENTRAL LONDON COMMUNITY HEALTHCARE NHS TRUST,136054.0,5,0
Ministry of Defence,LONDON BOROUGH OF HARROW,135904.0,4,0
Department of Health and Social Care,CENTRAL MANCHESTER CCG,135732.0,3,0
Home Office,EAST LOTHIAN COUNCIL G,135672.0,2,0
Home Office,PORTSMOUTH CITY COUNCIL,135510.0,4,0
South Central Ambulance Service NHS Foundation Trust,CHERWELL D COUNCIL RATES ONLY,135424.0,2,0
Home Office,HEREFORD CITY COUNCIL G,135322.84,4,0
Home Office,NORTH HERTFORDSHIRE DISTRICT COUNCIL G,135312.0,4,0
Home Office,FIFE NHS BOARD G,135200.0,3,0
Home Office,NHS HARTLEPOOL STOCKTON ON TEES CLINICAL COMMISSIONING GROUP G,135200.0,2,0
United Lincolnshire Hospitals NHS Trust,NOTTINGHAM CITY PRIMARY CARE TRUST,135163.83,4,0
Cabinet Office,CHARNWOOD BOROUGH COUNCIL,135105.0,2,0
Department for Education,STAFFORDSHIRE COMBINED FIRE RESCUE AUTHORITY,134993.95,7,0
"Department for Environment, Food and Rural Affairs",DERBY CITY COUNCIL,134774.69,3,0
North Yorkshire Council,BOROUGHBRIDGE TOWN COUNCIL,134686.02,5,0
Shropshire Community Health NHS Trust,UNIVERSITY HOSPITALS BIRMINGHAM NHS FOUNDATION TRUST,134386.31,200,0
Ministry of Justice,HAMPSHIRE POLICE AUTHORITY,134277.0,2,0
Isle of Wight NHS Trust,NHS TRUST DEVELOPMENT AUTHORITY,134223.56,1,0
Home Office,HORSHAM DISTRICT COUNCIL,134045.0,3,0
HM Revenue and Customs,LONDON BOROUGH OF HARINGEY POLAR,133875.0,2,0
Department for Education,NHS CONFEDERATION,133759.2,5,0
The Pennine Acute Hospitals NHS Trust,NHS OLDHAM CCG L129,133750.0,2,0
Department of Health and Social Care,MINISTRY OF JUSTICE,133725.4,3,0
Department for Education,FIFE COUNCIL,133690.75,2,0
Ministry of Justice,KIRKLEES MET COUNCIL RC38000001,133525.75,1,0
Milton Keynes Hospital NHS Foundation Trust,DEPARTMENT OF ENERGY CLIMATE CHANGE,133296.0,1,0
Foreign and Commonwealth Office,SAUDI BRITISH JOINT BUSINESS COUNCIL SBJBC,132703.49,3,0
National Offender Management Service,CHESHIRE WEST CHESTER COUNCIL,132396.0,1,0
Department for Work and Pensions,MINISTRY OF HOUSING COMMUNITIES LOCAL GOVERNMENT,132142.0,1,0
Department for Education,WEST YORKSHIRE POLICE,132001.16,4,0
HM Revenue and Customs,WEST MERCIA POLICE AUTHORITY,131919.15,5,0
Ministry of Justice,LONDON BOROUGH OF BARNET RC38000001,131731.23,1,0
Cabinet Office,PRESTON CITY COUNCIL,131594.0,2,0
Home Office,POLICE CRIME COMMISSIONER FOR GLOUCESTERSHIRE,131547.13,4,0
"Ministry of Housing, Communities and Local Government",SEFTON COUNCIL FOR VOL SERVICE,131533.94,7,0
HM Revenue and Customs,ROYAL BOROUGH OF KINGSTON UPON,131426.67,2,0
Maidstone and Tunbridge Wells NHS Trust,NHS PROVIDERS,131382.41,4,0
Ministry of Defence,RB OF KENSINGTON CHELSEA,131378.0,2,0
Home Office,DEPARTMENT OF JUSTICE THE,130826.79,1,0
Foreign and Commonwealth Office,DUBLIN CITY COUNCIL,130770.53,4,0
Department for Education,NORTH TYNESIDE COUNCIL,130600.0,2,0
HM Revenue and Customs,STOKE ON TRENT CITY COUNCIL,130530.0,2,0
Ministry of Defence,EPSOM EWELL BOROUGH COUNCIL,130424.0,4,0
Ministry of Justice,LINCOLNSHIRE COUNTY COUNCIL RC31620116,130183.08,1,0
National Offender Management Service,WEST GLAMORGAN COUNCIL ON ALCOHOL DRUG ABUSE,130115.6,5,0
"Ministry of Housing, Communities and Local Government",NHS LIVERPOOL CCG,129696.59,3,0
Northern Ireland Office,MINISTRY OF DEFENCE,129624.0,1,0
Wales Office,WESTMINSTER CITY COUNCIL,129564.96,15,0
Department for Work and Pensions,MERSEY CARE NHS TRUST,129514.0,2,0
Department of Health and Social Care,CROYDON COUNCIL PPE ONLY,129366.7,3,0
The National Archives,INTERNATIONAL COUNCIL ON ARCHIVES,129068.51,8,0
Bristol City Council,NOTTINGHAMSHIRE COUNTY COUNCIL,128935.2,69,0
North Yorkshire Council,GRASSINGTON PARISH COUNCIL,128865.0,4,0
Department of Health and Social Care,DERBYSHIRE DALES DISTRICT COUNCIL,128769.36,2,0
Government Legal Department,CABINET OFFICE,128586.2,3,0
National Institute for Health and Care Excellence,DERBY HOSPITALS NHS FOUNDATION TRUST,128520.0,1,0
Royal Borough of Greenwich,DEPARTMENT OF WORKS PENSIONS,128470.06,68,0
Department of Health and Social Care,BOLSOVER DISTRICT COUNCIL,128288.57,1,0
"Department for Science, Innovation and Technology",CYNGOR SIR CEREDIGION COUNTY COUNCIL,128229.0,1,0
Ministry of Defence,DEPARTMENT OF STATE OF THE UNITED STATES OF AMERICA,128205.0,1,0
Department of Health and Social Care,NHS NORWICH CCG,128067.0,3,0
Ministry of Defence,LONDON BOROUGH OF WALTHAM FOREST,127968.0,4,0
Cabinet Office,EXETER CITY COUNCIL,127930.0,2,0
North Yorkshire Council,EAST RIDING OF YORKSHIRE COUNCIL,127779.73,23,0
The National Archives,MINISTRY OF JUSTICE,127574.1,3,0
North Yorkshire Council,SOWERBY PARISH COUNCIL,127212.19,4,0
Department for Education,FIELD STUDIES COUNCIL,127120.0,1,0
Home Office,SOUTH BUCKS DISTRICT COUNCIL G,127076.26,3,0
Coventry and Warwickshire Partnership NHS Trust,WORCESTERSHIRE HEALTH CARE NHS TRUST,127017.52,1,0
Department of Health and Social Care,EALING COUNCIL PPE ONLY,126750.0,3,0
Department for Work and Pensions,DEPARTMENT FOR EDUCATION SKILLS,126647.25,2,0
Cheltenham Borough Council,GLOUCESTERSHIRE COUNTY COUNCIL,126606.11,20,0
Ministry of Justice,WARRINGTON BOROUGH COUNCIL 10257035740,126455.53,1,0
Cabinet Office,NEWPORT CITY COUNCIL,126380.0,2,0
Home Office,MORAY COUNCIL THE G,126086.0,2,0
Uttlesford District Council,EPPING FOREST DISTRICT COUNCIL,126042.31,57,0
"Ministry of Housing, Communities and Local Government",UNIV HOSP BIRMINGHAM NHS FOUND TRU,125995.24,1,0
Ministry of Defence,CORNWALL COUNTY COUNCIL,125940.0,1,0
Tate,LIVERPOOL CITY COUNCIL REVENUES,125801.64,2,0
Cabinet Office,ROYAL BOROUGH OF WINDSOR MAIDENHEAD,125750.0,2,0
Home Office,NORTHERN IRELAND OFFICE,125694.56,1,0
Cabinet Office,POOLE BOROUGH COUNCIL,125505.0,2,0
Ministry of Defence,CARMARTHENSHIRE COUNTY COUNCIL,125415.0,4,0
Department of Health and Social Care,DEPARTMENT FOR EDUCATION POLICY LAB,125400.0,1,0
North Yorkshire Council,NEWBY SCALBY TOWN COUNCIL,125352.23,8,0
North Yorkshire Council,BROMPTON PARISH COUNCIL,125348.0,5,0
Cabinet Office,GUILDFORD BOROUGH COUNCIL,125330.0,2,0
Children and Family Court Advisory and Support Service,CAMDEN COUNCIL NNDR,125188.47,2,0
East Sussex Healthcare NHS Trust,NHS MIDLANDS LANCASHIRE CSU,125160.0,5,0
Department for Work and Pensions,WAKEFIELD METROPOLITAN BOROUGH COUNCIL,125142.35,2,0
Cabinet Office,BRITISH COUNCIL CHINA,125000.0,1,0
National Offender Management Service,MIDDLESBROUGH COUNCIL,125000.0,1,0
Department for International Development,MINISTRY OF JUSTICE OFFICE OF THE DIRECTOR OF PUBLIC PROSECUTIONS,125000.0,2,0
Ministry of Justice,LONDON BOROUGH OF CAMDEN YOT RC38000001,124884.26,1,0
Home Office,ROYAL MILITARY POLICE,124790.51,4,0
Pennine Care NHS Foundation Trust,OLDHAM METROPOLITAN BOROUGH COUNCIL 002,124550.03,3,0
United Lincolnshire Hospitals NHS Trust,NHS NOTTINGHAM NOTTINGHAMSHIRE CCG,124528.22,3,0
Department for Education,WALSALL HEALTHCARE NHS TRUST,124503.76,3,0
Ministry of Justice,POLICE CRIME COMMISSIONER NORTHUMBRIA,124434.0,1,0
Department of Health and Social Care,CAMBRIDGESHIRE COUNTY COUNCIL PENSIONS INCOME ONLY,124388.97,1,0
Cabinet Office,STAFFORD BOROUGH COUNCIL,124330.0,2,0
Department for Energy Security and Net Zero,SOMERSET COUNTY COUNCIL,124310.0,2,0
Cabinet Office,SOUTH NORFOLK DISTRICT COUNCIL,124241.84,3,0
Shropshire Community Health NHS Trust,LIVERPOOL UNIVERSITY HOSPITALS NHS FOUNDATION TRUST,124233.51,34,0
Cabinet Office,SOUTH GLOUCESTERSHIRE DISTRICT COUNCIL,124138.0,2,0
HM Revenue and Customs,LONDON BOROUGH OF HAMMERSMITH,124125.0,3,0
Home Office,NHS EAST RIDING OF YORKSHIRE CLINICAL COMMISSIONING GROUP G,124000.0,3,0
Home Office,NHS WALES G,124000.0,2,0
Cabinet Office,TORBAY BOROUGH COUNCIL,123919.63,3,0
Blaby District Council,LEICESTERSHIRE PARTNERSHIP NHS TRUST,123850.48,21,0
Cabinet Office,LINCOLN CITY COUNCIL,123817.44,3,0
Shropshire Community Health NHS Trust,BLACK COUNTRY PARTNERSHIP NHS FT,123719.47,3,0
Department for International Development,BRITISH COUNCIL RWANDA,123508.3,6,0
The Pennine Acute Hospitals NHS Trust,TAMESIDE GLOSSOP INTEGRATED CARE NHS FT,123277.8,2,0
Department for Education,GREAT YARMOUTH BOROUGH COUNCIL,123196.0,4,0
Department of Health and Social Care,CAMDEN PCT PROVIDER SERVICES,123168.0,3,0
Cabinet Office,WARRINGTON BOROUGH COUNCIL,122896.0,3,0
Department for Work and Pensions,DEPARTMENT FOR BUSINESS TRADE,122848.0,1,0
National Offender Management Service,NORTH YORKSHIRE COUNTY COUNCIL,122654.0,4,0
Isle of Wight NHS Trust,GUYS ST THOMAS NHS FOUNDATION TRUST,122450.21,2,0
Cabinet Office,DUDLEY MBC,122434.0,2,0
Royal Borough of Greenwich,LONDON BOROUGH OF MERTON,122099.91,58,0
Home Office,METROPOLITAN BOROUGH OF WIRRAL G,122087.0,4,0
Department for Energy Security and Net Zero,WOKINGHAM BOROUGH COUNCIL,122002.51,3,0
Ministry of Justice,MIDDLESBROUGH COUNCIL RC31620150,121927.42,1,0
HM Revenue and Customs,NEWPORT COUNTY BOROUGH COUNCIL,121920.0,6,0
Department for Work and Pensions,NORFOLK COMMUNITY HEALTH CARE NHS TRUST,121688.0,3,0
Royal Borough of Greenwich,ROYAL BOROUGH OF KINGSTON UPON THAMES,121675.74,31,0
Cabinet Office,ELMBRIDGE BOROUGH COUNCIL,121403.0,3,0
Ministry of Defence,LANCASHIRE COUNTY COUNCIL,121350.0,2,0
Ministry of Justice,NOTTINGHAMSHIRE OFFICE OF THE POLICE CRIME COMMISSIONER,121332.0,3,0
Tate,CORNWALL COUNCIL RATES,121268.0,1,0
Ministry of Justice,COVENTRY CITY COUNCIL RC38000001,121135.12,1,0
Animal and Plant Health Agency,SCOTTISH GOVERNMENT,121082.09,2,0
Cabinet Office,EAST DEVON DISTRICT COUNCIL,120992.45,3,0
Ministry of Defence,SEFTON METROPOLITAN BOUROUGH COUNCIL,120914.0,2,0
Isle of Wight NHS Trust,EAST MIDLANDS AMBULANCE SERVICE NHS TRUST,120843.04,1,0
"Department for Digital, Culture, Media and Sport",MINISTRY OF DEFENCE,120788.68,3,0
Department for Work and Pensions,BRADFORD COUNCIL,120581.0,3,0
Home Office,LEICESTERSHIRE POLICE AUTHORITY,120554.18,2,0
Isle of Wight NHS Trust,SOUTHERN HEALTH NHS FOUNDATION TRUST,120551.36,4,0
Cabinet Office,DOVER DISTRICT COUNCIL,120542.0,3,0
Ministry of Justice,LINCOLNSHIRE COUNTY COUNCIL RC38000001,120454.41,1,0
Department for Education,WORCESTERSHIRE COUNTY COUNCIL COUNTY FUND,120380.0,3,0
North Yorkshire Council,LEYBURN TOWN COUNCIL,120308.49,7,0
United Lincolnshire Hospitals NHS Trust,LEEDS PARTNERSHIP NHS FOUNDATION TRUST,120000.0,3,0
Isle of Wight NHS Trust,NHS SOUTH EASTERN HAMPSHIRE CCG,120000.0,3,0
Home Office,NHS ST HELENS CLINICAL COMMISSIONING GROUP G,120000.0,3,0
Ministry of Defence,SURREY COUNTY COUNCIL,120000.0,1,0
Department for International Development,NATIONAL COUNCIL OF APPLIED ECONOMIC RESEARCH,119953.0,7,0
Royal Borough of Greenwich,LONDON BOROUGH OF TOWER HAMLETS,119922.45,8,0
Department for Education,DEPARTMENT FOR INTERNATIONAL TRADE,119823.6,1,0
NHS Thames Valley ICB,WEST OXFORDSHIRE DISTRICT COUNCIL,119686.68,3,0
Cabinet Office,MIDDLESBROUGH BOROUGH COUNCIL,119665.0,2,0
Home Office,NHS SANDWELL WEST BIRMINGHAM CLINICAL COMMISSIONING GROUP G,119600.0,2,0
"Department for Environment, Food and Rural Affairs",WEST OXFORDSHIRE DISTRICT COUNCIL,119500.0,3,0
National Offender Management Service,BEDFORDSHIRE PENSION FUND,119413.53,1,0
Department for Education,NORTH WARWICKSHIRE BOROUGH COUNCIL,119247.0,2,0
Cabinet Office,STOCKTON ON TEES BOROUGH COUNCIL,119095.0,2,0
Ministry of Justice,HERTFORDSHIRE COUNTY COUNCIL RC38000001,119078.72,1,0
Home Office,HOME OFFICE PAY PENSIONS SER,118913.67,3,1
South Central Ambulance Service NHS Foundation Trust,NHS PROVIDERS,118813.36,4,0
Ministry of Justice,KINGSTON UPON HULL CITY COUNCIL RC38000001,118741.07,1,0
East Sussex Healthcare NHS Trust,NHS PROVIDERS,118730.25,4,0
Natural History Museum,GUY S ST THOMAS NHS TRUST,118642.48,102,0
Ministry of Defence,NHS CONFEDERATION EMPLOYERS COMPANY,118500.0,1,0
NHS East and North Hertfordshire CCG,NHS BUSINESS SERVICES AUTHORITY,118461.77,2,0
National Offender Management Service,MERSEYCARE NHS TRUST,118396.54,3,0
The Pennine Acute Hospitals NHS Trust,ROYAL LIVERPOOL BROADGREEN HSP NHS TRUST,118378.88,3,0
National Offender Management Service,DEVON PCT,118325.5,3,0
Shropshire Community Health NHS Trust,SHEFFIELD TEACHING HOSPITALS NHS FOUNDATION TRUST,118272.37,27,0
Department of Health and Social Care,WANDSWORTH CCG,117750.0,1,0
Department for Energy Security and Net Zero,MINISTRY OF JUSTICE,117663.6,2,0
Home Office,RICHMOND TWICKENHAM PCT G,117483.76,3,0
Department of Health and Social Care,ADUR DISTRICT COUNCIL,117477.71,2,0
Royal Borough of Greenwich,SOUTH GLOUCESTERSHIRE COUNCIL,117450.12,9,0
Portsmouth Hospital NHS Trust,SOMERSET NHS FOUNDATION TRUST,117388.0,6,0
Home Office,NHS TAMESIDE GLOSSOP CLINICAL COMMISSIONING GROUP G,117360.0,4,0
Department of Health and Social Care,NORTH BRISTOL NHS TR,117313.0,2,0
Department for Education,CITY OF EDINBURGH COUNCIL,117192.08,2,0
Department for Work and Pensions,OLDHAM MBC,117068.0,3,0
HM Revenue and Customs,SOUTH GLOUCESTERSHIRE COUNCIL,116790.0,1,0
Department of Health and Social Care,GOSPORT BOROUGH COUNCIL,116786.69,1,0
Whittington Hospital NHS Trust,ENFIELD PCT,116786.01,1,0
Ministry of Defence,GENERAL COUNCIL OF THE BAR IN ENGLAND WALES,116774.91,1,0
Department for Work and Pensions,DORSET HEALTHCARE NHS TRUST,116760.0,3,0
Cabinet Office,POWYS COUNTY COUNCIL,116686.0,2,0
East Sussex Healthcare NHS Trust,ROYAL SURREY COUNTY HOSP NHS FT,116679.6,1,0
Department for Work and Pensions,NHS TAYSIDE,116513.0,1,0
NHS East and North Hertfordshire CCG,EAST SUFFOLK NORTH ESSEX NHS FOUNDATION TRUST,116366.14,5,0
Cabinet Office,WEST BERKSHIRE COUNCIL,116307.0,2,0
Ministry of Defence,ROYAL BOROUGH OF GREENWICH,116250.0,2,0
South Central Ambulance Service NHS Foundation Trust,BUCKINGHAMSHIRE COUNTY COUNCIL,116191.77,2,0
Department for Work and Pensions,ROYAL BOROUGH OF GREENWICH,116045.0,3,0
Department of Health and Social Care,WIRRAL COMMUNITY NHS FOUNDATION TRUST,116000.0,1,0
North Yorkshire Council,SCARBOROUGH BOROUGH COUNCIL,115537.23,2,0
Foreign and Commonwealth Office,DEPARTMENT FOR CULTURE MEDIA SPORT,115516.0,2,0
Cabinet Office,CENTRAL BEDFORDSHIRE DISTRICT COUNCIL,115446.0,2,0
Ministry of Justice,WARWICKSHIRE COUNTY COUNCIL,115440.0,4,0
Royal Borough of Greenwich,CENTRAL NORTH WEST LONDON NHS FT,115387.21,5,0
Home Office,FLINTSHIRE COUNTY COUNCIL 1 G,115101.09,2,0
HM Revenue and Customs,LB OF HAMMERSMITH FULHAM POLAR,115000.0,3,0
South Central Ambulance Service NHS Foundation Trust,PORTSMOUTH CITY COUNCIL RATES ONLY,114688.0,2,0
NHS East and North Hertfordshire CCG,LONDON BOROUGH OF NEWHAM,114590.51,2,0
Eden District Council,SHAP PARISH COUNCIL,114571.29,21,0
Scotland Office,CITY OF EDINBURGH COUNCIL,114462.5,2,0
Home Office,NHS BARNET CLINICAL COMMISSIONING GROUP G,114400.0,2,0
Home Office,CITY OF LONDON POLICE,114152.49,4,0
Ministry of Defence,POLICE CRIME COMMISSIONERS FOR LANCASHIRE,113751.0,3,0
HM Revenue and Customs,CYNOR GWYNEDD COUNCIL,113553.0,8,0
Department of Health and Social Care,RICHMONDSHIRE DISTRICT COUNCIL,113530.64,2,0
Shropshire Community Health NHS Trust,NHS SHROPSHIRE TELFORD WREKIN CCG Y07,113504.36,44,0
Home Office,WREXHAM BOROUGH COUNCIL G,113455.0,4,0
Department for Work and Pensions,SOUTH TYNESIDE NHS FOUNDATION TRUST,113441.0,1,0
Ministry of Justice,SALFORD CITY COUNCIL RC38000001,113416.27,1,0
HM Revenue and Customs,NOTTINGHAMSHIRE POLICE,113352.68,1,0
Department of Health and Social Care,DRIVER VEHICLE LICENSING AGENCY DVLA,113188.21,3,0
Cabinet Office,NORTH TYNESIDE COUNCIL,113148.0,2,0
Home Office,WILTSHIRE POLICE AUTHORITY,112761.82,2,0
Ministry of Defence,CABINET OFFICE SHARED SERVICES,112597.8,4,0
Rushmoor Borough Council,FARNBOROUGH COVE WAR MEMORIAL HOSPITAL TRUST,112570.0,1,0
"Department for Environment, Food and Rural Affairs",LEICESTERSHIRE COUNTY COUNCIL,112522.91,2,0
Department for Education,LONDON BOROUGH OF BARNET,112115.0,2,0
Ministry of Defence,LONDON BOROUGH OF NEWHAM,112096.0,4,0
Ministry of Justice,SLOUGH BOROUGH COUNCIL RC31620146,112068.44,1,0
"Department for Environment, Food and Rural Affairs",NEATH PORT TALBOT COUNTY BOROUGH COUNCIL,112066.04,2,0
United Lincolnshire Hospitals NHS Trust,NHS SOUTH WEST LINCOLNSHIRE CCG,112000.0,4,0
Home Office,NHS VALE OF YORK CLINICAL COMMISSIONING GROUP G,112000.0,3,0
Cabinet Office,ISLE OF WIGHT COUNTY COUNCIL,111957.0,2,0
Royal United Hospital Bath NHS Foundation Trust,NORTH BRISTOL NHS TRUST,111857.02,4,0
Home Office,NHS HERTS VALLEYS CLINICAL COMMISSIONING GROUP G,111800.0,2,0
NHS Norfolk and Suffolk ICB - 25k Expenditure Report,ISLINGTON COUNCIL,111759.35,3,0
Department of Health and Social Care,MET OFFICE,111628.0,3,0
Cabinet Office,TELFORD WREKIN COUNCIL,111522.0,2,0
HM Revenue and Customs,LONDON BOROUGH OF BROMLEY,111060.5,4,0
Pennine Care NHS Foundation Trust,NHS PROVIDERS,110943.47,4,0
Department for International Development,DEPARTMENT OF ENERGY CLIMATE CHANGE DECC,110606.39,36,0
NHS Norfolk and Suffolk ICB - 25k Expenditure Report,BARKING HAVERING REDBRIDGE HOSPITALS NHS TRUST,110604.72,3,0
Department for International Development,SUSSEX POLICE,110569.8,13,0
Pennine Care NHS Foundation Trust,NHS SUPPLY CHAIN,110406.71,2,0
HM Revenue and Customs,HMRC SHIPLEY,110352.69,1,0
Cabinet Office,SOUTH LAKELAND DISTRICT COUNCIL,110164.0,3,0
Ministry of Justice,BEDFORD BOROUGH COUNCIL RC31620064,110157.23,1,0
North Yorkshire Council,RICCALL PARISH COUNCIL,110128.5,2,0
HM Revenue and Customs,CHELMSFORD CITY COUNCIL,110000.0,1,0
NHS Norfolk and Suffolk ICB - 25k Expenditure Report,NORWICH CITY COUNCIL,110000.0,1,0
Milton Keynes Hospital NHS Foundation Trust,WEST SUSSEX PCT,109946.48,3,0
Pennine Care NHS Foundation Trust,LANCASHIRE SOUTH CUMBRIA NHS FOUNDATION TRUST,109912.4,2,0
Ministry of Justice,PETERBOROUGH CITY COUNCIL RC31620133,109863.58,1,0
Department for Education,NHS INFOMATION CENTRE FOR HEALTH SOCIAL CARE,109750.0,4,0
North Yorkshire Council,HAMBLETON PARISH COUNCIL,109551.2,6,0
Cabinet Office,HUNTINGDONSHIRE DISTRICT COUNCIL,109480.0,2,0
United Lincolnshire Hospitals NHS Trust,SOMERSET NHS FOUNDATION TRUST,109307.0,3,0
Ministry of Justice,SANDWELL MET BOROUGH COUNCIL RC38000001,109286.75,1,0
Cabinet Office,LANCASTER CITY COUNCIL,109266.0,2,0
North Yorkshire Council,DARLINGTON BOROUGH COUNCIL,109228.0,4,0
"Department for Digital, Culture, Media and Sport",CABINET OFFICE,109178.0,3,0
North Yorkshire Council,EASTFIELD TOWN COUNCIL,109171.5,2,0
Cabinet Office,AYLESBURY VALE DISTRICT COUNCIL,109037.0,2,0
Ministry of Justice,DONCASTER MET BOROUGH COUNCIL RC31620089,108965.22,1,0
Home Office,BLACKPOOL BOROUGH COUNCIL G,108870.29,2,0
Eden District Council,CUMBRIA COUNTY COUNCIL LGPS,108800.0,1,0
Home Office,NORTH WALE POLICE,108755.56,1,0
National Offender Management Service,LONDON BOROUGH OF SUTTON,108600.33,4,0
Former council of North Yorkshire,DEPARTMENT FOR EDUCATION,108311.78,3,0
Salisbury NHS Foundation Trust,OXFORD UNIVERSITY HOSPITALS NHS FOUNDATION TRUST,108258.88,4,0
Ministry of Justice,CARDIFF COUNTY COUNCIL RC38000001,108256.96,1,0
Home Office,ENVIRONMENT AGENCY WALES G,108191.42,2,0
Ministry of Justice,WOLVERHAMPTON MET BOROUGH COUNCIL RC31620173,108113.91,1,0
Cabinet Office,WARWICK DISTRICT COUNCIL,108050.0,2,0
Home Office,NHS HEALTH SOCIAL CARE INFORMATION CENTRE,108000.0,1,0
Home Office,NHS LEICESTER CITY CLINICAL COMMISSIONING GROUP G,108000.0,2,0
Department for Work and Pensions,BUCKS COUNTY COUNCIL,107980.62,3,0
Cabinet Office,TONBRIDGE MALLING BOROUGH COUNCIL,107918.2,3,0
North Yorkshire Council,HUMBER TEACHING NHS FOUNDATION TRUST,107864.17,62,0
North Yorkshire Council,LEEDS CITY COUNCIL,107833.11,19,0
Ministry of Justice,CUMBRIA COUNTY COUNCIL,107758.35,5,0
Department for Education,SANDWELL WEST BIRMINGHAM HOSPITALS NHS TRUST,107655.36,3,0
Department for Work and Pensions,WANDSWORTH COUNCIL,107648.0,3,0
Blaby District Council,COUNTESTHORPE PARISH COUNCIL,107621.82,27,0
Department for Education,LONDON BOROUGH OF BEXLEY,107600.0,2,0
Ministry of Justice,CAMBRIDGESHIRE COUNTY COUNCIL,107136.0,1,0
Ministry of Justice,FLINTSHIRE COUNTY COUNCIL,107127.71,3,0
Cabinet Office,BLACKPOOL BOROUGH COUNCIL,106746.0,2,0
Home Office,MIDDLESBOROUGH COUNCIL 1 G,106737.0,4,0
National Offender Management Service,SOMERSET COUNTY COUNCIL PENSION FUND,106666.68,2,0
Cabinet Office,HASTINGS BOROUGH COUNCIL,106640.0,2,0
Home Office,DERBYSHIRE CONSTABULARY,106589.57,4,0
Home Office,WILTSHIRE POLICE AUTHORITY INC,106565.44,2,0
Cabinet Office,LONDON BOROUGH OF HAVERING,106485.0,2,0
Department for Energy Security and Net Zero,LONDON BOROUGH OF ENFIELD,106176.44,1,0
Ministry of Justice,LONDON BOROUGH OF REDBRIDGE RC38000001,106096.19,1,0
Uttlesford District Council,HMRC,105941.69,1,0
Home Office,NHS CAMBRIDGESHIRE PETERBOROUGH CCG G,105900.0,3,0
The National Archives,OXFORDSHIRE COUNTY COUNCIL,105804.27,3,0
Home Office,CUMBRIA POLICE AUTHORITY,105643.01,3,0
Cabinet Office,NORTH SOMERSET COUNCIL,105561.0,2,0
Foreign and Commonwealth Office,BRITISH COUNCIL MYANMAR,105550.0,2,0
National Offender Management Service,CAERPHILLY COUNTY BOROUGH COUNCIL,105550.0,2,0
Ministry of Justice,NORTH YORKSHIRE COUNTY COUNCIL RC38000001,105495.22,1,0
Ministry of Justice,ROCHDALE METROPOLITAN BOROUGH COUNCIL,105449.04,1,0
Home Office,EAST MIDLANDS COUNCIL G,105370.52,4,0
"Department for Digital, Culture, Media and Sport",ESSEX COUNTY COUNCIL,105298.0,1,0
Ministry of Justice,NORTH EAST LINCOLNSHIRE COUNCIL RC31620126,105060.78,1,0
HM Revenue and Customs,WANDSWORTH BOROUGH COUNCIL POLAR,105060.0,2,0
National Offender Management Service,CAMBRIDGESHIRE PCT,105000.0,2,0
Home Office,HUMBERSIDE POLICE AUTHORITY G,105000.0,3,0
South Central Ambulance Service NHS Foundation Trust,LONDON AMBULANCE NHS TRUST,105000.0,2,0
United Lincolnshire Hospitals NHS Trust,NOTTINGHAMSHIRE HEALTHCARE NHS FOUND TR,105000.0,3,0
The National Archives,GLOUCESTERSHIRE COUNTY COUNCIL,104995.4,4,0
Department for Education,DEPT FOR WORK PENSIONS,104896.81,3,0
Plymouth City Council,SHEFFIELD CITY COUNCIL,104865.0,5,0
National Offender Management Service,HASTINGS ROTHER PCT,104850.0,3,0
Cabinet Office,CHERWELL DISTRICT COUNCIL,104713.0,2,0
Coventry and Warwickshire Partnership NHS Trust,UNIVERSITY HOSPITAL COV WARWICK NHS TRUST,104697.0,8,0
United Lincolnshire Hospitals NHS Trust,NHS ARDEN GEM CSU,104628.78,1,0
National Institute for Health and Care Excellence,ROYAL DEVON EXETER NHS FOUNDATION TRUST,104402.21,5,0
Cabinet Office,BASINGSTOKE DEANE BOROUGH COUNCIL,104274.0,2,0
Department for Energy Security and Net Zero,WILTSHIRE COUNCIL,104170.0,2,0
Isle of Wight NHS Trust,DEPARTMENT FOR BUSINESS ENERGY INDUSTRIAL STRATEGY,104060.0,1,0
Department for Education,HMRC INLAND REVENUE,103995.02,3,0
Cabinet Office,EPPING FOREST DISTRICT COUNCIL,103960.4,3,0
Home Office,HAVANT BOROUGH COUNCIL G,103798.92,2,0
Home Office,LONDON BOROUGH OF LAMBETH,103740.0,3,0
Ministry of Justice,SURREY COUNTY COUNCIL RC31620159,103552.61,1,0
Cabinet Office,IPSWICH BOROUGH COUNCIL,103521.0,2,0
Cabinet Office,BURY METROPOLITAN BOROUGH COUNCIL,103519.0,2,0
NHS East and North Hertfordshire CCG,NHS ENGLAND,103421.65,5,0
Department for Work and Pensions,DEVON SOMERSET FIRE RESCUE AUTHORITY,103238.0,3,0
HM Revenue and Customs,TRANSPORT FOR LONDON,103202.0,1,0
Department of Health and Social Care,SHEFFIELD CITY COUNCIL PPE ONLY,103052.78,2,0
"Ministry of Housing, Communities and Local Government",KNOWSLEY BOROUGH COUNCIL KMBC,103000.0,2,0
Ministry of Justice,WEST SUSSEX COUNTY COUNCIL,102956.45,1,0
Ministry of Defence,WIGAN COUNCIL,102930.0,1,0
Maidstone and Tunbridge Wells NHS Trust,MEDWAY NHS FOUNDATION TRUST,102563.63,8,0
Department for Work and Pensions,CABINET OFFICE SSCL ACCOUNTS RECEIVABLE,102394.0,2,0
Ministry of Defence,SALFORD CITY COUNCIL,102375.0,4,0
Ministry of Justice,NORTH LINCOLNSHIRE COUNCIL RC31620127,102211.34,1,0
Cabinet Office,VALE OF GLAMORGAN COUNCIL,102124.0,2,0
Transport for Greater Manchester,GREATER MANCHESTER POLICE AUTHORITY,102050.0,1,0
Department for International Development,SCIENCE TECHNOLOGY FACILITIES COUNCIL,101633.0,1,0
Ministry of Justice,ROYAL BOROUGH OF KENSINGTON CHELSEA RC38000001,101509.05,1,0
Ministry of Justice,LONDON BOROUGH OF HILLINGDON RC38000001,101462.26,1,0
Home Office,CEREDIGION COUNTY COUNCIL G,101398.5,3,0
"Ministry of Housing, Communities and Local Government",ST ALBANS CITY DISTRICT COUNCIL,101350.0,5,0
Department for Work and Pensions,GUYS ST THOMAS NHS FOUNDATION TRUST,101345.0,2,0
Cabinet Office,SOUTH CAMBRIDGESHIRE DISTRICT COUNCIL,101327.0,2,0
North Yorkshire Council,GLUSBURN CROSSHILLS PARISH COUNCIL,101312.5,2,0
Home Office,CABINET OFFICE RM SHARED SERVICES,101160.58,2,0
Foreign and Commonwealth Office,SALFORD ROYAL NHS FOUNDATION TRUST,100932.37,2,0
National Offender Management Service,WEST GLAMORGAN COUNCIL ON ALCOHOL DRUG ABUSE L,100867.42,3,0
UK Trade and Investment,SCIENCE TECHNOLOGY FACILITIES COUNCIL,100811.29,37,0
Department for Work and Pensions,EAST LOTHIAN COUNCIL,100684.0,3,0
Department for Education,VALUATION OFFICE AGENCY,100557.23,3,0
Department of Health and Social Care,MELTON BOROUGH COUNCIL,100494.72,2,0
Ministry of Justice,BLACKPOOL COUNCIL RC31620067,100297.72,1,0
Foreign and Commonwealth Office,DEPARTMENT OF STATE,100053.9,1,0
"Department for Digital, Culture, Media and Sport",BATH NORTH EAST SOMERSET COUNCIL,100000.0,1,0
Ministry of Defence,CHORLEY COUNCIL,100000.0,1,0
Department for Education,CORBY BOROUGH COUNCIL,100000.0,4,0
Ministry of Defence,DEPARTMENT FOR ENVIRONMENT FOOD RURAL AFFAIRS,100000.0,1,0
Ministry of Defence,EREWASH BOROUGH COUNCIL,100000.0,1,0
UK Trade and Investment,GREATER LONDON AUTHORITY,100000.0,1,0
"Department for Environment, Food and Rural Affairs",LONDON BOROUGH OF HARINGEY,100000.0,1,0
Department for Education,NHS BIRMINGHAM SOUTH CENTRAL CCG,100000.0,1,0
Department for Education,NHS CHILTERN CCG,100000.0,1,0
Department for Education,NHS HARINGEY CCG,100000.0,1,0
Department for Education,NHS SHEFFIELD CCG,100000.0,1,0
Department for Education,NHS SOUTH CHESHIRE CCG,100000.0,1,0
Ministry of Defence,ROCHDALE METROPOLITAN BOROUGH COUNCIL,100000.0,1,0
"Ministry of Housing, Communities and Local Government",STOKE ON TRENT CITY COUNCIL USE 40,100000.0,1,0
Isle of Wight NHS Trust,SUSSEX PARTNERSHIP NHS TRUST,100000.0,1,0
National Offender Management Service,TORBAY COUNCIL,100000.0,2,0
Royal Borough of Greenwich,UTC ROYAL BOROUGH OF GREENWICH BUILDINGS A C,100000.0,1,1
Department for Education,WAKEFIELD MBC,100000.0,1,0
Department for Education,WAKEFIELD METROPOLITAN BOROUGH COUNCIL,100000.0,4,0
"Ministry of Housing, Communities and Local Government",MACCLESFIELD BOROUGH COUNCIL,99967.0,3,0
Cabinet Office,CHELTENHAM BOROUGH COUNCIL,99928.0,2,0
Home Office,CITY OF LONDON POLICE FORCE,99892.95,3,0
Eden District Council,POLICE CRIME COMMISSIONER FOR CUMBRIA,99822.86,8,0
Isle of Wight NHS Trust,NHS SHARED BUSINESS SERVICES,99733.96,2,0
Cabinet Office,WELWYN HATFIELD DISTRICT COUNCIL,99702.0,2,0
Home Office,PORTSMOUTH CITY COUNCIL 1,99696.0,3,0
"Department for Science, Innovation and Technology",CAMBRIDGE UNIVERSITY HOSPITALS NHS FOUNDATION TRUST,99634.0,2,0
Whittington Hospital NHS Trust,DEPARTMENT OF ENERGY CLIMATE CHANGE,99564.0,1,0
North Yorkshire Council,SUTTON IN CRAVEN PARISH COUNCIL PRECEPTS,99500.0,2,0
Department for Education,NORTH BRISTOL NHS,99383.0,1,0
Home Office,METROPOLITAN POLICE AUTHORITY LONDO,99190.87,85,0
South Gloucestershire Council,HM REVENUE CUSTOMS,99154.4,9,0
NHS East and North Hertfordshire CCG,BARNET ENFIELD HARINGEY MENTAL HEALTH NHS TRUST,99086.71,3,0
Department for Work and Pensions,SUSSEX PARTNERSHIP NHS FOUNDATION TRUST,99012.0,2,0
Department of Health and Social Care,RYEDALE DISTRICT COUNCIL,99010.6,2,0
Home Office,CHERWELL DISTRICT COUNCIL,98867.07,1,0
Department for Work and Pensions,SOUTH STAFFORDSHIRE SHROPSHIRE NHS,98848.0,4,0
Home Office,ROTHERHAM METROPOLITAN BOROUGH COUNCIL G,98829.4,3,0
Cabinet Office,REIGATE BANSTEAD BOROUGH COUNCIL,98785.0,2,0
Ministry of Justice,DORSET COUNTY COUNCIL,98748.39,5,0
Ministry of Defence,POLICE CRIME COMMISSIONER FOR SOUTH WALES,98719.0,3,0
North Yorkshire Council,BEDALE TOWN COUNCIL,98620.78,5,0
Rushmoor Borough Council,SURREY COUNTY COUNCIL,98558.83,33,0
Cabinet Office,BRACKNELL FOREST BOROUGH COUNCIL,98462.0,3,0
Ministry of Justice,BOLTON MET BOROUGH COUNCIL RC31620068,98332.41,1,0
Transport for Greater Manchester,BRITISH TRANSPORT POLICE C DIVISION,98313.37,61,0
Ministry of Justice,CHELMSFORD CITY COUNCIL AJ10111879,98307.81,1,0
Ministry of Justice,MIDDLESBROUGH BOROUGH COUNCIL SOUTH TEES RC380000,98284.01,1,0
Department for Energy Security and Net Zero,GLASGOW CITY COUNCIL,98210.0,2,0
Cabinet Office,NEW FOREST DISTRICT COUNCIL,98146.0,2,0
Department for Education,SHROPSHIRE COUNTY COUNCIL,98100.0,3,0
National Offender Management Service,CABINET OFFICE,98000.0,1,0
Home Office,WEST CHESHIRE CLINICAL COMMISSIONING GROUP G,98000.0,3,0
Cabinet Office,EASTBOURNE BOROUGH COUNCIL,97970.0,2,0
Ministry of Justice,NEWCASTLE UPON TYNE CITY COUNCIL RC31620124,97956.55,1,0
Ministry of Defence,DEPARTMENT OF THE ARMY PEO STRI FIELD OPS DIRECTORATE,97917.62,1,0
Ministry of Justice,NORTHAMPTONSHIRE COUNTY COUNCIL RC38000001,97823.35,1,0
Salisbury NHS Foundation Trust,YEOVIL DISTRICT HOSPITAL NHS FOUNDATION TRUST,97753.11,3,0
Cabinet Office,WINCHESTER CITY COUNCIL,97655.0,2,0
Ministry of Justice,TRAFFORD MET BOROUGH COUNCIL RC31620164,97652.42,1,0
East Sussex Healthcare NHS Trust,SOMERSET NHS FOUNDATION TRUST,97634.0,3,0
Department for Education,ISLE OF WIGHT COUNTY COUNCIL,97611.0,3,0
Ministry of Justice,SOUTHAMPTON CITY COUNCIL RC38000001,97514.06,1,0
National Offender Management Service,PLYMOUTH CITY COUNCIL,97448.0,2,0
Cabinet Office,HARROGATE BOROUGH COUNCIL,97423.0,2,0
Bristol City Council,BRISTOL CITY OF SANCTUARY,97400.57,5,0
"Department for Environment, Food and Rural Affairs",SOUTH GLOUCESTERSHIRE COUNCIL,97357.39,2,0
HM Treasury,DEPARTMENT OF ENERGY CLIMATE CHANGE,97322.59,3,0
Department for International Development,DEPARTMENT FOR INTERNATIONAL TRADE,97217.72,5,0
Cabinet Office,EAST LINDSEY DISTRICT COUNCIL,97084.0,2,0
"Department for Environment, Food and Rural Affairs",GATESHEAD COUNCIL,97000.0,2,0
Ministry of Justice,EAST SUSSEX COUNTY COUNCIL RC31620093,96893.14,1,0
Department for Energy Security and Net Zero,BLACKBURN WITH DARWEN BOROUGH COUNCIL,96880.0,1,0
United Lincolnshire Hospitals NHS Trust,FOUNDATION TRUST NETWORK T A NHS PROVIDERS,96831.4,3,0
Cabinet Office,SOUTH SOMERSET DISTRICT COUNCIL,96772.0,2,0
South Central Ambulance Service NHS Foundation Trust,NHS SUPPLY CHAIN MAINTENANCE,96696.8,20,0
Home Office,HOME OFFICE ACCOUNTING OFFICER,96672.3,5,1
Home Office,NHS OUTER NORTH EAST LONDON,96651.0,1,0
UK Trade and Investment,SCOTTISH GOVERNMENT,96561.57,6,0
Royal Borough of Greenwich,DEPARTMENT OF EDUCATION,96513.46,2,0
Department for Work and Pensions,NHS TAYSIDE FFWS,96512.0,1,0
George Eliot Hospital NHS Trust,WYE VALLEY NHS TRUST,96494.32,1,0
"Foreign, Commonwealth and Development Office (FCDO)",BRITISH COUNCIL ATHENS,96464.86,1,0
Royal Borough of Greenwich,LB GREENWICH MAYOR S ADMINISTRATION ACCOUNT,96452.4,132,0
National Offender Management Service,FLINTSHIRE COUNTY COUNCIL,96381.98,1,0
Ministry of Justice,KNOWSLEY MET BOROUGH COUNCIL RC31620110,96276.48,1,0
NHS East and North Hertfordshire CCG,OXFORD UNIVERSITY HOSPITALS NHS FOUNDATION TRUST,96132.99,4,0
Department of Health and Social Care,SCARBOROUGH NORTH EAST YORKSHIRE HEALTH CARE NHS TRUST,96070.0,2,0
Department for Energy Security and Net Zero,LEICESTER CITY COUNCIL,96000.0,1,0
Cabinet Office,PEMBROKESHIRE COUNTY COUNCIL,95676.0,2,0
United Lincolnshire Hospitals NHS Trust,NHS RUSHCLIFFE CCG,95619.28,1,0
Isle of Wight NHS Trust,NHS PROPERTY SERVICES,95467.6,3,0
Department for Education,MINISTRY OF JUSTICE TRIBUNALS SERVICE,95450.0,1,0
Ministry of Justice,ROCHDALE MET BOROUGH COUNCIL RC38000001,95167.03,1,0
Home Office,MINISTRY OF JUSTICE CJS EXCHANGE SE,95000.0,2,0
Cabinet Office,SOLIHULL METROPOLITAN BOROUGH COUNCIL,94827.0,2,0
Equality and Human Rights Commission,GLASGOW CITY COUNCIL,94806.0,1,0
Ministry of Defence,OFFICE FOR NATIONAL STATISTICS,94774.8,2,0
Portsmouth Hospital NHS Trust,NHS PROVIDERS,94673.44,5,0
Home Office,TRANSPORT FOR LONDON,94644.0,2,0
"Ministry of Housing, Communities and Local Government",NATIONAL COUNCIL OF YMCAS,94621.0,5,0
Foreign and Commonwealth Office,DEPARTMENT OF HEALTH SOCIAL SERVICES PUBLIC SAFETY,94583.0,1,0
"Department for Environment, Food and Rural Affairs",MILTON KEYNES COUNCIL,94540.0,1,0
Salisbury NHS Foundation Trust,SOUTH WESTERN AMBULANCE SERVICE NHS TRUST,94482.0,3,0
Ministry of Justice,SUFFOLK COUNTY COUNCIL RC31620157,94441.39,1,0
Cabinet Office,NORTH EAST LINCOLNSHIRE COUNCIL,94403.0,2,0
Cabinet Office,WOKING BOROUGH COUNCIL,94339.0,3,0
Home Office,SCOTTISH POLICE AUTHORITY GLASGOW,94079.91,4,0
Home Office,NHS WEST LEICESTERSHIRE CLINICAL COMMISSIONING GROUP G,94000.0,2,0
National Offender Management Service,NORTH NORFOLK DISTRICT COUNCIL,93979.06,1,0
Ministry of Justice,OXFORDSHIRE COUNTY COUNCIL RC38000001,93952.57,1,0
Ministry of Justice,LONDON BOROUGH OF HARROW RC31620102,93925.6,1,0
Ministry of Defence,HIGHWAYS ENGLAND COMPANY,93916.14,1,0
Cabinet Office,THANET DISTRICT COUNCIL,93900.0,2,0
Cabinet Office,CHICHESTER DISTRICT COUNCIL,93656.0,2,0
Cabinet Office,THURROCK BOROUGH COUNCIL,93603.0,2,0
Department for Education,BLACKPOOL COUNCIL,93558.14,4,0
Cabinet Office,MET OFFICE,93500.0,1,0
Ministry of Defence,CAMBRIDGESHIRE COUNTY COUNCIL,93214.0,1,0
Department for Energy Security and Net Zero,READING BOROUGH COUNCIL,93200.0,1,0
East Sussex Healthcare NHS Trust,ENVIRONMENT AGENCY USE 1588,93174.69,2,0
Ministry of Defence,SWANSEA COUNTY COUNCIL,93112.0,3,0
The National Archives,CITY OF LONDON,92943.0,1,0
Children and Family Court Advisory and Support Service,CROYDON COUNCIL,92610.18,2,0
Department of Health and Social Care,NHS EDUCATION FOR SCOTLAND,92599.0,1,0
Ministry of Justice,NOTTINGHAMSHIRE COUNTY COUNCIL,92532.45,1,0
"Foreign, Commonwealth and Development Office (FCDO)",COMMONWEALTH ENTERPRISE INVESTMENT COUNCIL,92500.0,2,0
United Lincolnshire Hospitals NHS Trust,WALSALL HEALTHCARE NHS TRUST,92433.67,2,0
Department for Education,GREATER MANCHESTER PENSION FUND ADMINISTERED BY TAMESIDE MBC,92420.17,1,0
"Department for Environment, Food and Rural Affairs",RYEDALE DISTRICT COUNCIL,92299.72,3,0
HM Revenue and Customs,DEPARTMENT FOR CULTURE MEDIA SPORT,92281.0,1,0
National Offender Management Service,LINCOLNSHIRE COUNTY COUNCIL,92144.82,2,0
Ministry of Defence,CHELSEA WESTMINSTER HOSPITAL NHS FOUNDATION TRUST,92126.1,2,0
"Department for Digital, Culture, Media and Sport",WILTSHIRE COUNCIL,92035.0,1,0
Home Office,NHS BRISTOL G,92000.0,2,0
South Gloucestershire Council,WILTSHIRE COUNTY COUNCIL,91960.35,15,0
UK Trade and Investment,SCOTTISH COUNCIL FOR DEVELOPMENT INDUSTRY,91800.0,32,0
Department for Work and Pensions,NORTH STAFFORDSHIRE PRIMARY CARE TRUST,91798.0,1,0
Department for Work and Pensions,NORTH STOKE PRIMARY CARE TRUST,91798.0,1,0
Ministry of Justice,WORCESTERSHIRE COUNTY COUNCIL RC31620174,91791.44,1,0
George Eliot Hospital NHS Trust,NHS MIDLANDS LANCASHIRE CSU,91766.0,2,0
Ministry of Justice,WAKEFIELD MET BOROUGH COUNCIL RC31620165,91694.84,1,0
The Pennine Acute Hospitals NHS Trust,EAST LANCASHIRE HOSPITALS NHS TRUST,91652.0,8,0
Ministry of Defence,ROCHDALE BOROUGH COUNCIL,91560.3,1,0
HM Revenue and Customs,PLYMOUTH CITY COUNCIL INCOME TEAM,91522.68,1,0
Department for Work and Pensions,ORDNANCE SURVEY,91200.0,3,0
Cabinet Office,ANGLESEY ISLE OF COUNTY COUNCIL,91177.0,2,0
Cabinet Office,WEALDON DISTRICT COUNCIL,91133.0,2,0
Home Office,DEPARTMENT FOR CULTURE MEDIA SPORT G,90916.94,1,0
United Lincolnshire Hospitals NHS Trust,HULL EAST YORKSHIRE HOSPITAL NHS TRUST,90910.57,2,0
Rushmoor Borough Council,PORTSMOUTH CITY COUNCIL PROCUREMENT,90834.0,6,0
Department of Health and Social Care,LEEDS TEACHING HOSPITALS NHS TRUST,90739.26,3,0
Ministry of Defence,LONDON BOROUGH OF HAMMERSMITH FULHAM,90581.0,2,0
HM Revenue and Customs,BOROUGH OF POOLE,90577.5,2,0
"Department for Environment, Food and Rural Affairs",DOVER DISTRICT COUNCIL,90452.76,3,0
Natural History Museum,DACORUM BOROUGH COUNCIL,90438.15,50,0
Foreign and Commonwealth Office,COUNCIL ON ENERGY ENVIRONMENT WATER,90427.26,2,0
South Central Ambulance Service NHS Foundation Trust,SMT AMBULANCE SERVICE,90340.76,3,0
Department for Energy Security and Net Zero,BUCKINGHAMSHIRE COUNCIL,90170.0,2,0
HM Revenue and Customs,SCARBOROUGH BOROUGH COUNCIL,90011.03,3,0
Cabinet Office,RUSHMOOR BOROUGH COUNCIL,90009.0,2,0
Cabinet Office,ESSEX COUNTY COUNCIL,90000.0,2,0
"Ministry of Housing, Communities and Local Government",GREATER MANCHESTER POLICE,90000.0,1,0
Home Office,NHS HARROGATE RURAL DISTRICT CCG G,90000.0,2,0
Cabinet Office,NORFOLK COUNTY COUNCIL,90000.0,2,0
Office of Rail and Road,NETWORK RAIL,90000.0,3,0
"Ministry of Housing, Communities and Local Government",READING BOROUGH COUNCIL,89849.44,6,0
Bristol City Council,DEPARTMENT OF WORK PENSIONS,89640.12,16,0
National Offender Management Service,GLOUCESTERSHIRE COUNTY COUNCIL,89530.0,1,0
Home Office,LEWES DISTRICT COUNCIL 1 G,89460.0,2,0
Portsmouth Hospital NHS Trust,UNIVERSITY HOSPITALS BIRMINGHAM NHS FOUNDATION TRUST,89367.12,3,0
Coventry and Warwickshire Partnership NHS Trust,COVENTRY WARWICKSHIRE CCG,89352.8,3,0
Coventry and Warwickshire Partnership NHS Trust,GEORGE ELIOT HOSPITAL NHS TRUST,89239.1,2,0
"Department for Environment, Food and Rural Affairs",NORTHAMPTON BOROUGH COUNCIL,89130.07,3,0
Bristol City Council,EAST RIDING OF YORKSHIRE COUNCIL,89110.39,7,0
"Ministry of Housing, Communities and Local Government",TAUNTON DEANE BOROUGH COUNCIL,89100.0,15,0
Department for Work and Pensions,CENTRAL MANCHESTER UNIVERSITY HOSPITAL NHS FOUNDATION TRUST,88988.0,1,0
Home Office,CAERPHILLY COUNTY BOROUGH COUNCIL,88933.5,1,0
Cabinet Office,WEST DORSET DISTRICT COUNCIL,88738.5,3,0
South Central Ambulance Service NHS Foundation Trust,NORTH EAST AMBULANCE SERVICE NHS FOUNDATION TRUST,88584.31,3,0
Department for Work and Pensions,WIRRAL PRIMARY CARE TRUST,88558.88,1,0
Department for Energy Security and Net Zero,WINCHESTER CITY COUNCIL,88541.68,3,0
Department for Education,LONDON BOROUGH OF ENFIELD,88432.73,2,0
Ministry of Justice,PLYMOUTH CITY COUNCIL,88424.23,1,0
Ministry of Defence,POLICE DOGS CENTRE HOLLAND,88370.77,2,0
Department for Energy Security and Net Zero,SEVENOAKS DISTRICT COUNCIL,88161.61,2,0
Ministry of Justice,ESSEX COUNTY COUNCIL RC38000001,88105.72,1,0
North Yorkshire Council,EGGBOROUGH PARISH COUNCIL,88079.52,3,0
Cabinet Office,SOUTH OXFORDSHIRE DISTRICT COUNCIL,88074.0,2,0
Ministry of Justice,STAFFORDSHIRE COUNTY COUNCIL RC31620155,88052.55,1,0
National Institute for Health and Care Excellence,ST GEORGES HEALTHCARE NHS TRUST,88016.0,2,0
Department for Education,IDEAS FOUNDATION TRUST,88000.0,2,0
Ministry of Defence,WREXHAM COUNTY BOR COUNCIL,88000.0,2,0
Blaby District Council,EAST LEICESTERSHIRE RUTLAND CCG,87944.63,7,0
Rushmoor Borough Council,DEPARTMENT FOR COMMUNITIES LOCAL GOV,87931.0,2,0
Cabinet Office,KINGS LYNN WEST NORFOLK BOROUGH COUNCIL,87896.0,2,0
Bristol City Council,UNIVERSITY HOSPITAL SOUTHAMPTON NHS FOUNDATION TRUST,87648.15,62,0
Cabinet Office,SWALE BOROUGH COUNCIL,87488.0,2,0
United Lincolnshire Hospitals NHS Trust,NHS TRUST DEVELOPMENT AUTHORITY,87438.0,2,0
Home Office,TAMESIDE GLOSSOP PCT G,87418.44,3,0
Home Office,SEFTON BOROUGH COUNCIL G,87313.48,2,0
"Ministry of Housing, Communities and Local Government",EAST OF ENGLAND FAITHS COUNCIL,87250.0,5,0
Eden District Council,RAVENSTONEDALE PARISH COUNCIL,87233.11,8,0
Ministry of Defence,GATESHEAD BOROUGH COUNCIL,87204.0,1,0
National Offender Management Service,CITY OF SUNDERLAND,87112.0,2,0
Ministry of Defence,EAST RENFREWSHIRE COUNCIL,87000.0,1,0
Pennine Care NHS Foundation Trust,NHS TAMESIDE GLOSSOP CCG,86767.5,3,0
Ministry of Justice,ISLE OF WIGHT COUNCIL,86763.59,1,0
Cabinet Office,DACORUM BOROUGH COUNCIL,86693.0,2,0
Department for Education,BLACKPOOL COUNCIL DEPARTMENTAL ACCOUNT ST NICHOLAS COFE,86666.0,2,0
Cabinet Office,TUNBRIDGE WELLS BOROUGH COUNCIL,86568.0,2,0
Cabinet Office,WREXHAM COUNTY BOROUGH COUNCIL,86495.0,2,0
Bristol City Council,WILTSHIRE COUNCIL,86432.61,31,0
Department of Health and Social Care,LONDON BOROUGH OF HILLINGDON PPE ONLY,86405.0,3,0
Milton Keynes Hospital NHS Foundation Trust,DEPARTMENT OF HEALTH,86402.64,2,0
National Offender Management Service,DONCASTER METROPOLITAN BOROUGH COUNCIL,86305.0,1,0
Department for Education,CROYDON CITY COUNCIL,86255.0,2,0
Ministry of Justice,LONDON BOROUGH OF MERTON RC31620120,86220.17,1,0
Ministry of Justice,PORTSMOUTH CITY COUNCIL RC38000001,86217.29,1,0
National Offender Management Service,NOTTINGHAMSHIRE POLICE AUTHORITY,86117.98,3,0
Department for Work and Pensions,HARROW COUNCIL,86000.0,2,0
North Yorkshire Council,CRAVEN DISTRICT COUNCIL,85987.0,40,0
Cabinet Office,NORTH HERTFORDSHIRE DISTRICT COUNCIL,85888.0,2,0
Ministry of Justice,NORFOLK CITY COUNCIL RC38000001,85868.2,1,0
"Ministry of Housing, Communities and Local Government",MILTON KEYNES GEN HOSPITAL NHS TRUS,85800.85,1,0
"Department for Science, Innovation and Technology",ST HELENS KNOWSLEY TEACHING HOSPITALS NHS TRUST,85738.0,1,0
Cabinet Office,DENBIGHSHIRE COUNTY COUNCIL,85611.8,3,0
United Lincolnshire Hospitals NHS Trust,NHS LINCOLNSHIRE WEST CCG,85454.88,3,0
Department for Work and Pensions,KENT MEDWAY NHS SCPT,85327.0,2,0
Ministry of Justice,SLOUGH BOROUGH COUNCIL RC38000001,85289.19,1,0
Blaby District Council,KIRBY MUXLOE PARISH COUNCIL,85279.86,8,0
Department for Work and Pensions,GLOUCESTERSHIRE CARE SERVICES NHS TRUST,85273.0,2,0
Department for Education,WESTMINSTER PCT COM,85202.09,2,0
Home Office,DACORUM BOROUGH COUNCIL 1 G,85200.0,3,0
Ministry of Justice,DEPARTMENT FOR BUSINESS INNOVATION SKILLS BIS,85161.22,2,0
Department of Health and Social Care,MINISTRY OF JUSTICE NOMS ONLY,85147.2,3,0
Department for Work and Pensions,ENFIELD COUNCIL,85146.0,1,0
Whittington Hospital NHS Trust,NHS PROPERTY SERVICES,85091.81,2,0
Rushmoor Borough Council,COURT SERVICE,85000.0,10,0
Ministry of Defence,LEICESTERSHIRE COUNTY COUNCIL,84962.0,1,0
"Foreign, Commonwealth and Development Office (FCDO)",UN DEPARTMENT OF ECONOMIC SOCIAL AFFAIRS,84666.76,1,0
Ministry of Justice,HARROGATE BOROUGH COUNCIL,84640.22,2,0
East Sussex Healthcare NHS Trust,WESTERN SUSSEX HOSPITALS NHS TRUST,84615.17,2,0
Shropshire Community Health NHS Trust,VALUATION OFFICE AGENCY,84582.11,99,0
Royal Borough of Greenwich,LONDON BOROUGH OF HARINGEY,84522.88,13,0
Department for Energy Security and Net Zero,MANCHESTER CITY COUNCIL,84500.0,2,0
South Central Ambulance Service NHS Foundation Trust,WELSH AMBULANCE NHS,84491.82,3,0
"Department for Environment, Food and Rural Affairs",MERTHYR TYDFIL COUNTY BOROUGH COUNCIL,84406.8,2,0
Cabinet Office,FLINTSHIRE COUNTY COUNCIL,84134.0,2,0
Home Office,NHS EAST NORTH HERTFORDSHIRE CLINICAL COMMISSIONING GROUP G,84000.0,2,0
Royal Borough of Greenwich,LONDON BOROUGH OF BARKING DAGENHAM,83932.82,5,0
North Yorkshire Council,CAYTON PARISH COUNCIL,83903.5,7,0
Cabinet Office,BRIDGEND COUNTY BOROUGH COUNCIL,83743.0,2,0
Ministry of Justice,DONCASTER MET BOROUGH COUNCIL RC38000001,83608.81,1,0
Home Office,REPATRIATION DEPARTURE SERVICE MINISTRY OF JUSTICE,83098.84,1,0
Home Office,WARWICKSHIRE COUNTY COUNCIL,83060.76,6,0
Department for Education,LEEDS PCT,83000.0,1,0
"Department for Digital, Culture, Media and Sport",KENT COUNTY COUNCIL,82994.0,1,0
Cabinet Office,BRECKLAND DISTRICT COUNCIL,82922.0,2,0
Department for Energy Security and Net Zero,BURY METROPOLITAN BOROUGH COUNCIL,82900.0,1,0
National Institute for Health and Care Excellence,UNIVERSITY HOSPITALS BIRMINGHAM NHS FOUNDATION TRUST,82835.08,2,0
Department of Health and Social Care,ENVIRONMENT AGENCY CRC PAYMENTS,82704.0,1,0
"Ministry of Housing, Communities and Local Government",HIGHWAYS AGENCY,82613.24,18,0
Department for Education,AUSTRALIN COUNCIL FOR EDUCATION RESEARCH,82437.0,2,0
Home Office,WATFORD COUNCIL 1 G,82264.0,2,0
Department for Energy Security and Net Zero,HM COURTS TRIBUNALS SERVICE HMCTS,82256.2,2,0
Department of Health and Social Care,HM COURTS TRIBUNALS SERVICE,82229.11,4,0
Home Office,NORTH YORKSHIRE POLICE,82217.81,2,0
Cabinet Office,EAST HERTFORDSHIRE DISTRICT COUNCIL,82143.0,2,0
Home Office,DEPARTMENT FOR TRANSPORT,82119.6,8,0
Department for Work and Pensions,SOLENT NHS TRUST,82109.0,2,0
London Borough of Richmond Upon Thames,RICHMOND COUNCIL FOR,82064.0,7,0
Home Office,NHS SCARBOROUGH RYEDALE CLINICAL COMMISSIONING GROUP G,82000.0,2,0
Home Office,NHS SHROPSHIRE CLINICAL COMMISSIONING GROUP G,82000.0,2,0
Home Office,WILTSHIRE CLINICAL COMMISSIONING GROUP G,82000.0,2,0
"Department for Environment, Food and Rural Affairs",LUTON COUNCIL OF FAITHS,81967.89,3,0
Department for Education,GREENWICH COUNCIL,81925.0,2,0
NHS East and North Hertfordshire CCG,ROYAL MARSDEN NHS FOUNDATION TRUST THE,81837.0,5,0
Cabinet Office,TAUNTON DEANE BOROUGH COUNCIL,81675.0,2,0
Department for Work and Pensions,WIGAN MBC,81669.8,3,0
Home Office,NHS GLOUCESTERSHIRE CLINICAL COMMISSIONING GROUP G,81600.0,2,0
Cabinet Office,NORTH LINCOLNSHIRE COUNCIL,81480.0,2,0
Ministry of Defence,WEST MERCIA POLICE CRIME COMMISSIONER,81460.0,2,0
United Lincolnshire Hospitals NHS Trust,DONCASTER BASSETLAW HOSP NHS TRUST,81336.0,2,0
Cabinet Office,NEATH PORT TALBOT COUNTY BOROUGH COUNCIL,81263.0,2,0
Ministry of Defence,TORFAEN COUNTY BOROUGH COUNCIL,81258.0,2,0
United Lincolnshire Hospitals NHS Trust,NOTTINGHAM HEALTHCARE NHS TRUST,81198.52,1,0
Uttlesford District Council,RURAL COMMUNITY COUNCIL OF ESSEX,81137.2,15,0
Home Office,CITY OF EDINBURGH G,81096.0,2,0
Ministry of Justice,BUCKINGHAMSHIRE COUNTY COUNCIL RC31620077,81084.83,1,0
HM Revenue and Customs,DEPARTMENT FOR BUSINESS,81016.97,3,0
Home Office,SURREY COUNTY COUNCIL,80960.0,3,0
Whittington Hospital NHS Trust,EALING PCT,80721.99,1,0
United Lincolnshire Hospitals NHS Trust,NORTHUMBRIA HEALTHCARE NHS FT,80664.79,3,0
Department for Work and Pensions,CALDERDALE COUNCIL,80598.0,2,0
Department of Health and Social Care,NHS KERNOW CCG,80592.0,1,0
Coventry and Warwickshire Partnership NHS Trust,NHS PROVIDERS FOUNDATION TRUST NETWORK,80502.24,3,0
United Lincolnshire Hospitals NHS Trust,LINCOLNSHIRE TEACHING PCT ARBORETUM,80447.69,1,0
Cabinet Office,RUSHCLIFFE BOROUGH COUNCIL,80408.0,2,0
Pennine Care NHS Foundation Trust,BLACKPOOL TEACHING HOSPITALS NHS FOUNDATION TRUST,80400.0,2,0
NHS East and North Hertfordshire CCG,CENTRAL NORTH WEST LONDON NHS FOUNDATION TRUST,80278.0,1,0
Ministry of Justice,OLDHAM MET BOROUGH COUNCIL RC38000001,80184.03,1,0
Home Office,IPSWICH EAST SUFFOLK CLINICAL COMMISSIONING GROUP G,80000.0,1,0
Department of Health and Social Care,LANCASHIRE CONSTABULARY,80000.0,1,0
Ministry of Defence,NATIONAL RESEARCH COUNCIL CANADA,80000.0,3,0
HM Revenue and Customs,ROYAL SURREY NHS FOUNDATION TRUST C O HEMPSONS SOLICITORS,80000.0,2,0
Department for Education,SOUTHAMPTON CITY COUNCIL DCSF,80000.0,3,0
Department for Work and Pensions,WAKEFIELD COUNCIL,80000.0,1,0
Home Office,YORKSHIRE AMBULANCE SERVICE NHS TRUST,80000.0,2,0
Royal Borough of Greenwich,ISLINGTON COUNCIL,79923.05,12,0
Shropshire Community Health NHS Trust,CITY OF STOKE ON TRENT COUNCIL,79819.95,22,0
Home Office,ORDNANCE SURVEY,79800.0,3,0
North Yorkshire Council,REDCAR CLEVELAND BOROUGH COUNCIL,79796.16,4,0
North Yorkshire Council,ROMANBY PARISH COUNCIL,79737.5,3,0
NHS Norfolk and Suffolk ICB - 25k Expenditure Report,BRECKLAND DISTRICT COUNCIL,79736.0,1,0
Cabinet Office,BASILDON DISTRICT COUNCIL,79521.0,2,0
Bristol City Council,EAST SUSSEX COUNCIL,79343.33,4,0
Cabinet Office,TEST VALLEY BOROUGH COUNCIL,79197.0,2,0
Ministry of Justice,BEDFORD BOROUGH COUNCIL RC38000001,79195.7,1,0
Cabinet Office,BROXBOURNE BOROUGH COUNCIL,79144.0,3,0
Office of Rail and Road,DEPARTMENT FOR TRANSPORT,79123.89,2,0
Cabinet Office,BRAINTREE DISTRICT COUNCIL,79110.0,2,0
Coventry and Warwickshire Partnership NHS Trust,NHS SUPPLY CHAIN DONTORDERUSINGINTEGRA,79057.06,9,0
Department of Health and Social Care,MALDON DISTRICT COUNCIL,79006.09,1,0
"Ministry of Housing, Communities and Local Government",HOME OFFICE ACCOUNTS,78924.91,13,0
Cabinet Office,EAST HAMPSHIRE DISTRICT COUNCIL,78691.0,2,0
"Department for Environment, Food and Rural Affairs",WILTSHIRE COUNTY COUNCIL,78644.0,1,0
Cabinet Office,NEWCASTLE UNDER LYME BOROUGH COUNCIL,78640.0,2,0
National Offender Management Service,HOME OFFICE ACCOUNTING OFFICER,78571.63,1,0
Home Office,BARNSLEY METROPOLITAN BOROUGH COUNCIL G,78560.69,2,0
HM Revenue and Customs,LONDON BOROUGH OF BRENT,78540.0,1,0
Department for International Development,ESSEX POLICE AUTHORITY,78532.54,8,0
HM Revenue and Customs,PEMBROKESHIRE COUNTY COUNCIL,78382.5,3,0
Whittington Hospital NHS Trust,GUY S ST THOMAS NHS FOUNDATION TRUST,78296.34,2,0
Ministry of Justice,SUFFOLK COUNTY COUNCIL RC38000001,78196.2,1,0
Cabinet Office,VALE OF WHITE HORSE DISTRICT COUNCIL,78183.0,2,0
"Ministry of Housing, Communities and Local Government",ROCHDALE METROPOLITAN COUNCIL,78174.88,3,0
Department for Education,EAST RIDING OF YORKSHIRE BOROUGH COUNCIL,78136.0,1,0
Cabinet Office,REDCAR CLEVELAND BOROUGH COUNCIL,78088.0,2,0
The Pennine Acute Hospitals NHS Trust,CCG CONSULT,78000.0,1,0
East Sussex Healthcare NHS Trust,OXFORD HEALTH NHS FOUNDATION TRUST,77573.72,2,0
United Lincolnshire Hospitals NHS Trust,NHS BUSINESS SERVICES AUTHORITY PENSIONS,77564.4,3,0
Cabinet Office,EASTLEIGH BOROUGH COUNCIL,77470.0,2,0
Plymouth City Council,ENVIRONMENT AGENCY,77330.59,5,0
Home Office,SOUTH TYNESIDE MBC 1 G,77281.0,2,0
UK Shared Business Services,UKRI SCIENCE TECHNOLOGY FACILITIES COUNCIL,77241.76,1,0
Cabinet Office,SOUTH TYNESIDE METROPOLITAN BOROUGH COUNCIL,77231.0,2,0
Cabinet Office,WEST LANCASHIRE BOROUGH COUNCIL,77185.0,2,0
Department of Health and Social Care,SOMERSET NHS FOUNDAT,77154.0,1,0
"Department for Environment, Food and Rural Affairs",BOROUGH OF PENDLE,77120.94,2,0
Cabinet Office,SEVENOAKS DISTRICT COUNCIL,77067.0,2,0
Cabinet Office,WORTHING BOROUGH COUNCIL,77030.0,2,0
National Offender Management Service,CORNWALL COUNCIL,77008.0,2,0
South Gloucestershire Council,INLAND REVENUE,76944.91,2,0
Cabinet Office,WATFORD BOROUGH COUNCIL,76908.0,2,0
National Offender Management Service,NHS BUSINESS SERVICES AUTHORITY,76795.1,2,0
Cabinet Office,STRATFORD ON AVON DISTRICT COUNCIL,76572.0,2,0
Foreign and Commonwealth Office,INTERNATIONAL GRAINS COUNCIL,76498.61,2,0
Ministry of Defence,ASHFORD BOROUGH COUNCIL,76492.5,3,0
Cabinet Office,ST ALBANS DISTRICT COUNCIL,76453.0,2,0
Cabinet Office,GLOUCESTER CITY COUNCIL,76433.0,2,0
Cabinet Office,WAVERLEY BOROUGH COUNCIL,76414.0,2,0
Department for Work and Pensions,NORTH WEST LONDON HOSPITAL NHS TRUST,76393.0,2,0
Department for Education,TAMESIDE MBC GREATER MANCHESTER PENSION FUND,76250.0,2,0
Cabinet Office,SOUTH KESTEVEN DISTRICT COUNCIL,76191.0,2,0
Ministry of Justice,WALSALL COUNCIL RC31620166,76182.14,1,0
Cabinet Office,ASHFORD BOROUGH COUNCIL,76162.0,2,0
Home Office,CONWY COUNTY BOROUGH COUNCIL,76118.32,2,0
National Offender Management Service,CORBY BOROUGH COUNCIL,76027.7,1,0
North Yorkshire Council,BRAYTON PARISH COUNCIL,76000.0,2,0
National Offender Management Service,SOUTH YORKSHIRE POLICE,75966.0,1,0
Department for Work and Pensions,BARNSLEY METROPOLITAN BOROUGH COUNCIL UC,75917.0,2,0
Home Office,PUBLIC HEALTH ENGLAND G,75894.0,2,0
South Gloucestershire Council,WORCESTERSHIRE COUNTY COUNCIL,75779.88,16,0
Cabinet Office,BROXTOWE BOROUGH COUNCIL,75771.0,2,0
Government Legal Department,DEPARTMENT FOR ENVIRONMENT FOOD RURAL AFFS,75697.2,1,0
Ministry of Justice,ROTHERHAM BOROUGH COUNCIL RC31620139,75670.27,1,0
Bristol City Council,KAINOS SOFTWARE T A DEPARTMENT FOR TRANSPORT,75625.0,5,0
Home Office,DARLINGTON BOROUGH COUNCIL,75586.5,1,0
Home Office,SOUTH YORKSHIRE POLICE AUTHORITY,75415.06,2,0
Ministry of Defence,POLICE CRIME COMMISSIONER FOR AVON SOMERSET,75340.52,2,0
North Yorkshire Council,CITY OF BRADFORD METROPOLITAN DISTRICT COUNCIL,75310.0,4,0
Ministry of Justice,DURHAM COUNTY COUNCIL RC31620091,75296.67,1,0
Cabinet Office,RUNNYMEDE BOROUGH COUNCIL,75206.0,2,0
HM Revenue and Customs,BRENT COUNCIL,75152.36,2,0
NHS Norfolk and Suffolk ICB - 25k Expenditure Report,DEPARTMENT OF HEALTH SOCIAL CARE,75134.44,1,0
National Institute for Health and Care Excellence,JAMES PAGET UNIVERSITY HOSPITALS NHS FOUNDATION TRUST,75126.0,2,0
Department for International Development,HMRC OGD SECONDMENTS,75123.38,18,0
Cabinet Office,SHEPWAY DISTRICT COUNCIL,75061.0,2,0
Ministry of Justice,MEDWAY COUNCIL RC38000001,75027.17,1,0
Cabinet Office,ST HELENS MBC,75026.0,2,0
Department for Education,BRISTOL CITY OF,75025.0,1,0
Cabinet Office,NEWARK SHERWOOD DISTRICT COUNCIL,75010.0,2,0
National Offender Management Service,PORTSMOUTH CITY COUNCIL,75009.0,3,0
Department for Work and Pensions,BARNSLEY MBC,75000.0,1,0
Department for Work and Pensions,BARNSLEY METROPOLITAN COUNCIL,75000.0,1,0
National Offender Management Service,BRADFORD METROPOLITAN DISTRICT COUNCIL,75000.0,1,0
National Offender Management Service,CAMDEN ISLINGTON NHS TRUST,75000.0,1,0
"Department for Digital, Culture, Media and Sport",DERRY CITY COUNCIL,75000.0,1,0
"Department for Environment, Food and Rural Affairs",HULL CITY COUNCIL,75000.0,1,0
Coventry and Warwickshire Partnership NHS Trust,NHS CONFEDERATION GROUP COMPANY,75000.0,1,0
Department of Health and Social Care,NHS NEWCASTLE WEST CCG,75000.0,1,0
HM Revenue and Customs,NORTHERN IRELAND OFFICE,75000.0,1,0
Ministry of Justice,OFFICE OF POLICE CRIME COMMISSIONER STAFFORDSHIRE,75000.0,2,0
"Department for Environment, Food and Rural Affairs",STROUD DISTRICT COUNCIL,75000.0,2,0
Foreign and Commonwealth Office,CARIBBEAN COUNCIL,75000.0,3,0
Department for Education,CALDERDALE COUNCIL,74950.09,1,0
Cabinet Office,MENDIP DISTRICT COUNCIL,74935.0,2,0
Foreign and Commonwealth Office,BEIS DEPARTMENT FOR BUSINESS ENERGY INDUSTRIAL STRATEGY,74910.05,2,0
Cabinet Office,ENVIRONMENT AGENCY,74907.33,2,0
Portsmouth Hospital NHS Trust,NHS SUSSEX INTEGRATED CARE BOARD,74888.85,1,0
Ministry of Justice,LONDON BOROUGH OF HARROW RC38000001,74792.55,1,0
Bristol City Council,SHROPSHIRE COUNTY COUNCIL,74778.6,8,0
Ministry of Justice,OLDHAM MET BOROUGH COUNCIL RC31620131,74723.67,1,0
Department for Work and Pensions,POLICE CRIME COMMISSIONER FOR SOUTH WALES,74700.0,2,0
Department for International Development,BRITISH COUNCIL CHINA,74659.29,4,0
North Yorkshire Council,THORPE WILLOUGHBY PARISH COUNCIL,74500.0,2,0
Department for Education,HMRC REVENUE CUSTOMS,74437.7,1,0
Ministry of Justice,NORTH EAST LINCOLNSHIRE COUNCIL RC38000001,74392.79,1,0
Ministry of Defence,LANCASHIRE CONSTABULARY,74390.0,1,0
Maidstone and Tunbridge Wells NHS Trust,FRIMLEY HEALTH NHS FOUNDATION TRUST,74357.84,2,0
Ministry of Defence,ST GEORGES HEALTHCARE NHS TRUST,74329.3,1,0
Eden District Council,ORTON PARISH COUNCIL,74298.16,4,0
"Ministry of Housing, Communities and Local Government",UK GREEN BUILDING COUNCIL,74265.88,1,0
HM Revenue and Customs,DRIVER VEHICLE AGENCY,74253.32,3,0
Rushmoor Borough Council,HMCTS,74244.0,11,0
Ministry of Justice,LONDON BOROUGH OF HAVERING,74225.23,1,0
Ministry of Justice,KNOWSLEY MET BOROUGH COUNCIL RC38000001,74131.08,1,0
Home Office,DEPARTMENT OF LABOUR,74111.28,1,0
Ministry of Justice,EAST SUSSEX COUNTY COUNCIL RC38000001,74082.44,1,0
NHS Norfolk and Suffolk ICB - 25k Expenditure Report,LONDON BOROUGH OF HOUNSLOW,74064.18,1,0
Home Office,ARTS COUNCIL OF ENGLAND THE,73990.8,2,0
Ministry of Justice,MEDWAY COUNCIL RC31620119,73984.9,1,0
Ministry of Justice,MILTON KEYNES COUNCIL RC31620121,73874.05,1,0
Ministry of Justice,LONDON BOROUGH OF MERTON RC38000001,73825.43,1,0
"Department for Digital, Culture, Media and Sport",WANDSWORTH BOROUGH COUNCIL,73824.18,10,0
NHS Norfolk and Suffolk ICB - 25k Expenditure Report,NHS PROPERTY SERVICES,73796.58,9,0
Ministry of Justice,LONDON BOROUGH OF BROMLEY RC31620076,73734.44,1,0
"Foreign, Commonwealth and Development Office (FCDO)",BRITISH COUNCIL MOZAMBIQUE,73722.17,1,0
"Department for Environment, Food and Rural Affairs",LONDON BOROUGH OF HARROW,73672.5,2,0
Home Office,DUMFRIES GALLOWAY COUNCIL,73620.53,2,0
Royal Borough of Greenwich,LONDON BOROUGH OF WALTHAM FORREST,73584.01,3,0
Uttlesford District Council,THAXTED PARISH COUNCIL,73417.0,17,0
Cabinet Office,SOUTH STAFFORDSHIRE DISTRICT COUNCIL,73363.0,2,0
Cabinet Office,TEIGNBRIDGE DISTRICT COUNCIL,73361.0,2,0
Cabinet Office,CRAWLEY BOROUGH COUNCIL,73311.0,2,0
"Department for Environment, Food and Rural Affairs",DEPARTMENT FOR ENERGY CLIMATE CHANGE,73272.0,1,0
East Sussex Healthcare NHS Trust,NHS SOUTH EAST LONDON CCG,73200.0,1,0
Home Office,DERBY CITY COUNCIL,73167.44,2,0
Children and Family Court Advisory and Support Service,COVENTRY CITY COUNCIL,73157.0,3,0
Isle of Wight NHS Trust,BERKSHIRE HEALTHCARE NHS FOUNDATION TRUST,73000.0,2,0
HM Revenue and Customs,DEPARTMENT FOR BUSINESS TRADE,72980.0,1,0
Department for Work and Pensions,NOTTINGHAMSHIRE HEALTHCARE NHS TRUST,72945.0,2,0
Ministry of Justice,BOLTON MET BOROUGH COUNCIL RC38000001,72906.44,1,0
National Offender Management Service,SCC PENSION FUND,72896.48,2,0
Isle of Wight NHS Trust,WRIGHTINGTON WIGAN LEIGH TEACHING HOSPITALS NHS FOUNDATION TRUST,72894.8,2,0
Department of Health and Social Care,WEST DEVON BOROUGH COUNCIL,72620.44,1,0
East Sussex Healthcare NHS Trust,WEST SUSSEX COUNTY COUNCIL,72597.5,2,0
Salisbury NHS Foundation Trust,OXFORD UNIVERSITY HOSPITALS NHS TRUST,72522.0,2,0
Cabinet Office,CONWY COUNTY BOROUGH COUNCIL,72449.0,2,0
North Yorkshire Council,NORTHUMBRIA HEALTHCARE NHS FOUNDATION TRUST,72346.44,17,0
Cabinet Office,SCARBOROUGH BOROUGH COUNCIL,72337.0,2,0
Department for Education,HIGHWAYS ENGLAND COMPANY,72284.01,2,0
Home Office,NORTHAMPTONSHIRE POLICE 2,72226.16,2,0
Cabinet Office,WORCESTER CITY COUNCIL,72123.0,2,0
Home Office,LEICESTERSHIRE COUNTY COUNCIL,72088.44,2,0
Former council of North Yorkshire,REDCAR CLEVELAND BOROUGH COUNCIL,72075.65,5,0
Home Office,GREATER MANCHESTER POLICE FINANCE,72000.0,1,0
Department for Work and Pensions,ST HELENS MBC,71967.0,1,0
Cabinet Office,KNOWSLEY METROPOLITIAN BOROUGH COUNCIL,71959.0,2,0
Foreign and Commonwealth Office,WEST YORKSHIRE POLICE AUTHORITY,71949.69,2,0
Ministry of Justice,CAMBRIDGESHIRE COUNTY COUNCIL RC38000001,71931.79,1,0
Ministry of Justice,MET BOROUGH OF SEFTON RC38000001,71929.15,1,0
North Yorkshire Council,COWLING PARISH COUNCIL,71900.0,3,0
Department of Health and Social Care,LONDON BOROUGH OF HA,71773.95,1,0
"Ministry of Housing, Communities and Local Government",DEPT FOR WORK PENSIONS BLACKPOOL,71750.0,3,0
National Offender Management Service,NEWCASTLE CITY COUNCIL,71722.0,2,0
"Ministry of Housing, Communities and Local Government",SOCIETY OF LOCAL COUNCIL CLERKS,71645.0,4,0
Whittington Hospital NHS Trust,NHS ISLINGTON CCG,71639.6,2,0
Ministry of Defence,HARROGATE DISTRICT NHS FOUNDATION TRUST,71581.24,2,0
Ministry of Justice,METROPOLITAN BOROUGH OF WIRRAL,71502.05,1,0
Department for Energy Security and Net Zero,CHESHIRE WEST CHESTER COUNCIL,71500.0,2,0
HM Revenue and Customs,WIGAN MBC,71475.0,4,0
Ministry of Defence,NEWPORT COUNTY COUNCIL,71416.0,1,0
"Foreign, Commonwealth and Development Office (FCDO)",DEPARTMENT FOR EDUCATION,71400.0,1,0
Ministry of Defence,LONDON BOROUGH OF BEXLEY,71284.0,1,0
Ministry of Justice,SHROPSHIRE COUNCIL,71157.4,3,0
Department for Work and Pensions,GLASGOW CITY OF COMMERCE,70939.0,1,0
The Pennine Acute Hospitals NHS Trust,ROYAL BOLTON HOSPITAL NHS FT,70890.83,2,0
Department for Work and Pensions,BLACKBURN WITH DARWEN BOROUGH COUNCIL,70884.0,2,0
South Gloucestershire Council,FILTON TOWN COUNCIL,70875.36,11,0
"Ministry of Housing, Communities and Local Government",COUNCIL OF CHRISTIANS JEWS CCJ,70870.0,6,0
Ministry of Justice,LUTON BOROUGH COUNCIL RC31620118,70835.94,1,0
Cabinet Office,WEST OXFORDSHIRE DISTRICT COUNCIL,70816.0,2,0
HM Revenue and Customs,LONDON BOROUGH OF RICHMOND,70704.0,2,0
Home Office,HARINGEY COUNCIL G,70650.0,2,0
Cheltenham Borough Council,GLOUCESTERSHIRE RURAL COMMUNITY COUNCIL,70567.6,15,0
"Department for Environment, Food and Rural Affairs",HERTSMERE BOROUGH COUNCIL,70473.37,2,0
Ministry of Justice,CUMBRIA COUNTY COUNCIL RC31620086,70441.44,1,0
Blaby District Council,RURAL COMMUNITY COUNCIL LEICS RUTLAND,70415.0,14,0
National Offender Management Service,HEART OF BHAM TEACHING PCT,70335.0,2,0
Salisbury NHS Foundation Trust,NHS WILTSHIRE CCG,70320.88,1,0
Ministry of Justice,MILTON KEYNES COUNCIL RC38000001,70136.77,1,0
HM Revenue and Customs,NORTH LINCOLNSHIRE COUNCIL,70115.24,1,0
Home Office,NOTTINGHAM POLICE,70099.38,2,0
"Foreign, Commonwealth and Development Office (FCDO)",HM PRISON PROBATION SERVICE,70093.83,1,0
Department of Health and Social Care,AVON SOMERSET POLICE AUTHORITY,70000.0,1,0
The National Archives,CORNWALL COUNCIL CORNWALL RECORD OFFICE,70000.0,1,0
Department of Health and Social Care,HAMPSHIRE POLICE AUTHORITY,70000.0,1,0
The National Archives,LINCOLNSHIRE COUNTY COUNCIL,70000.0,1,0
National Offender Management Service,LEICESTER PARTNERSHIP NHS TRUST,70000.0,1,0
Ministry of Defence,NEATH PORT TALBOT COUNTY BOROUGH COUNCIL,70000.0,1,0
Home Office,NHS NORTHUMBERLAND CLINICAL COMMISSIONING GROUP G,70000.0,2,0
United Lincolnshire Hospitals NHS Trust,NOTTINGHAMSHIRE HEALTHCARE NHS TRUST,70000.0,2,0
Department of Health and Social Care,POLICE CRIME COMMISSIONER FOR SOUTH YORKSHIRE,70000.0,1,0
Ministry of Defence,STOCKTON ON TEES BOROUGH COUNCIL,70000.0,1,0
Department of Health and Social Care,NOTTINGHAMSHIRE OFFICE OF THE POLICE CRIME COMMISSIONER,70000.0,1,0
Cabinet Office,RESEARCH COUNCIL UK SHARED SERVICE CENTRE,69855.0,2,0
National Offender Management Service,BARNSLEY MBC,69775.0,2,0
Plymouth City Council,SOMERSET COUNTY COUNCIL,69741.3,5,0
Cabinet Office,SUFFOLK COASTAL DISTRICT COUNCIL,69667.0,2,0
Home Office,BRIDGEND COUNTY BOROUGH COUNCIL 1,69529.5,1,0
Home Office,TUNBRIDGE WELLS BOROUGH COUNCIL G,69505.0,2,0
Ministry of Justice,MERTHYR TYDFIL COUNTY BOROUGH COUNCIL,69491.31,1,0
"Department for Digital, Culture, Media and Sport",STAFFORDSHIRE COUNTY COUNCIL,69474.0,1,0
Eden District Council,KIRKBY STEPHEN PARISH COUNCIL,69410.5,3,0
Home Office,BRITISH TRANSPORT POLICE AUTHORITY,69306.04,1,0
Bristol City Council,HENBURY BRENTRY COMMUNITY COUNCIL,69285.0,7,0
Cabinet Office,GREAT YARMOUTH BOROUGH COUNCIL,69204.0,2,0
Ministry of Justice,BOURNEMOUTH BOROUGH COUNCIL RC31620069,69136.0,1,0
South Gloucestershire Council,BRISTOL CITY COUNCIL GROSS COST CONTRACTS,69058.49,14,0
United Lincolnshire Hospitals NHS Trust,OXFORD HEALTH NHS FOUNDATION TRUST,69035.52,2,0
Ministry of Justice,BLACKBURN WITH DARWEN BOROUGH COUNCIL,69018.79,1,0
Children and Family Court Advisory and Support Service,NOTTINGHAM CITY COUNCIL BUSINESS RATES,69015.0,2,0
Department for Education,CITY OF BIRMINGHAM SYMPHONY ORCHESTRA,68978.0,2,0
Ministry of Justice,ESSEX POLICE AUTHORITY,68886.54,2,0
Cabinet Office,NORTH KESTEVEN DISTRICT COUNCIL,68854.0,2,0
NHS East and North Hertfordshire CCG,ROYAL BERKSHIRE NHS FOUNDATION TRUST,68813.35,1,0
Home Office,NEWRY MOURNE DISTRICT COUNCIL G,68708.09,1,0
Tate,CITY OF LIVERPOOL,68680.0,1,0
Department for Work and Pensions,ROYAL BROMPTON HAREFIELD NHS TRUST,68626.0,1,0
Cabinet Office,SCOTTISH BORDERS COUNCIL,68568.0,2,0
Ministry of Justice,WEST SUSSEX COUNTY COUNCIL RC38000001,68553.33,1,0
Royal United Hospital Bath NHS Foundation Trust,GREAT WESTERN HOSPITALS NHS FOUNDATION TRUST,68472.0,2,0
Cabinet Office,CHORLEY BOROUGH COUNCIL,68436.0,2,0
Maidstone and Tunbridge Wells NHS Trust,DARTFORD GRAVESHAM NHS TRUST,68350.0,5,0
Cabinet Office,TENDRING DISTRICT COUNCIL,68283.0,2,0
Home Office,BATH NORTH EAST SOMERSET COUNCIL,68260.78,2,0
Eden District Council,APPLEBY PARISH COUNCIL,68250.08,1,0
Department for Energy Security and Net Zero,ST HELENS METROPOLITAN BOROUGH COUNCIL,68250.0,1,0
Home Office,LONDON BOROUGH OF RICHMOND UPON TH,68163.11,1,0
Bristol City Council,SOUTH GLOUCESTERSHIRE COUNCIL ST STEPHEN S JUNIORS,68134.8,16,0
Salisbury NHS Foundation Trust,SWINDON MARLBOROUGH NHS TRUST,68120.0,1,0
Ministry of Justice,SEFTON MET BOROUGH COUNCIL RC31620142,68080.69,1,0
"Department for Digital, Culture, Media and Sport",WEST BERKSHIRE COUNCIL,68063.0,1,0
Cabinet Office,RUGBY BOROUGH COUNCIL,68043.0,2,0
Whittington Hospital NHS Trust,BARNET PCT,68002.85,1,0
National Offender Management Service,NORFOLK POLICE AUTHORITY,68000.0,2,0
Cheltenham Borough Council,WEST OXFORDSHIRE DISTRICT COUNCIL,67999.8,7,0
Rushmoor Borough Council,VALUATION OFFICE AGENCY,67954.96,33,0
Department for Education,FOLKESTONE HYTHE DISTRICT COUNCIL,67892.31,2,0
National Offender Management Service,NOTTINGHAMSHIRE CITY COUNCIL,67880.0,1,0
Home Office,NHS LEWISHAM CLINICAL COMMISSIONING GROUP G,67800.0,2,0
Department for Energy Security and Net Zero,ROTHERHAM METROPOLITAN BOROUGH COUNCIL,67760.0,1,0
Cheltenham Borough Council,HMRC CBC CIS,67733.49,6,0
Ministry of Defence,THAMES VALLEY POLICE,67638.0,2,0
Ministry of Justice,LUTON BOROUGH COUNCIL RC38000001,67621.31,1,0
Home Office,LOTHIAN BORDERS POLICE,67531.38,2,0
"Department for Environment, Food and Rural Affairs",DEPARTMENT OF ENERGY CLIMA,67512.0,2,0
Department for Work and Pensions,CUMBRIA PARTNERSHIP NHS FOUNDATION TRUST,67502.25,1,0
"Department for Digital, Culture, Media and Sport",BIRMINGHAM CITY COUNCIL,67500.0,1,0
South Central Ambulance Service NHS Foundation Trust,NHS WEST SUSSEX CCG,67500.0,1,0
Department of Health and Social Care,EDEN DISTRICT COUNCIL,67464.84,1,0
Bristol City Council,HAMPSHIRE COUNTY COUNCIL,67437.22,58,0
The National Archives,DEPARTMENT OF TRANSPORT,67326.25,2,0
Department of Health and Social Care,DEPARTMENT OF HEALTH,67265.41,106,1
Cabinet Office,HORSHAM DISTRICT COUNCIL,67257.0,2,0
"Department for Environment, Food and Rural Affairs",CRAWLEY BOROUGH COUNCIL,67158.08,2,0
Ministry of Justice,DERBYSHIRE COUNTY COUNCIL RC38000001,67099.98,1,0
South Central Ambulance Service NHS Foundation Trust,OXFORD CITY COUNCIL RATES ONLY,67072.0,1,0
Foreign and Commonwealth Office,MANCHESTER CITY COUNCIL,67034.0,2,0
Cabinet Office,LEWES DISTRICT COUNCIL,67032.0,2,0
The Pennine Acute Hospitals NHS Trust,OLDHAM COUNCIL,67009.98,1,0
Ministry of Defence,MEDICAL RESEARCH COUNCIL,67000.0,2,0
Cabinet Office,NUNEATON BEDWORTH BOROUGH COUNCIL,66985.0,2,0
National Institute for Health and Care Excellence,OXFORD UNIVERSITY HOSPITALS NHS TRUST,66892.4,2,0
Home Office,CUMBRIA PRIMARY CARE TRUST G,66847.5,1,0
Ministry of Justice,BLACKPOOL BOROUGH COUNCIL,66705.08,2,0
NHS Norfolk and Suffolk ICB - 25k Expenditure Report,NHS SHARED BUSINESS SERVICES,66685.2,4,0
Victoria & Albert Museum,DEPT OF ENERGY CLIMATE CHANGE,66648.0,1,0
Cabinet Office,DARTFORD BOROUGH COUNCIL,66605.0,2,0
Home Office,AVON SOMERSET CONSTABULARY,66601.0,8,0
Bristol City Council,SWINDON BOROUGH COUNCIL,66537.1,12,0
Department for Education,VAUXHALL NEIGHBOURHOOD COUNCIL,66534.39,2,0
London Borough of Richmond Upon Thames,KENT COUNTY COUNCIL KCS,66534.18,26,0
Ministry of Justice,PETERBOROUGH CITY COUNCIL RC38000001,66340.13,1,0
Ministry of Justice,WOLVERHAMPTON MET BOROUGH COUNCIL RC38000001,66339.82,1,0
Department for Energy Security and Net Zero,EAST RIDING OF YORKSHIRE COUNCIL,66260.0,2,0
Whittington Hospital NHS Trust,NHS BARNET,66258.19,4,0
Home Office,NORTHUMBRIA POLICE CRIME COMMISSIONER,66181.65,2,0
"Foreign, Commonwealth and Development Office (FCDO)",CRIMINAL POLICE DEPARTMENT,66166.86,2,0
South Central Ambulance Service NHS Foundation Trust,DEPT OF HEALTH,66037.27,8,0
Department for Education,METROPOLITAN BLACK POLICE ASSOCIATION,66000.0,2,0
Cabinet Office,GRAVESHAM BOROUGH COUNCIL,65955.0,2,0
Department for Education,DEPARTMENT FOR COMMUNITIES LOCAL G,65883.21,3,0
Coventry and Warwickshire Partnership NHS Trust,GUY S ST THOMAS NHS FT,65813.0,2,0
Uttlesford District Council,ESSEX HIGHWAYS ESSEX COUNTY COUNCIL,65729.23,11,0
South Central Ambulance Service NHS Foundation Trust,NHS SUPPLY CHAIN ALFRETON,65676.15,19,0
"Ministry of Housing, Communities and Local Government",NOTTS FIRE RESCUE SERVICE,65654.45,3,0
Department for Education,BEDFORDSHIRE COUNTY COUNCIL,65620.0,2,0
NHS East and North Hertfordshire CCG,ESSEX COUNTY COUNCIL,65617.93,2,0
Home Office,LONDON BOROUGH OF ISLINGTON TPS,65578.0,2,0
Cabinet Office,WYRE BOROUGH COUNCIL,65519.0,2,0
Ministry of Defence,SHROPSHIRE COUNTY COUNCIL,65509.0,1,0
Ministry of Defence,BRADFORD CITY COUNCIL,65476.0,1,0
Cabinet Office,ASHFIELD DISTRICT COUNCIL,65459.0,2,0
Cabinet Office,ST EDMUNDSBURY BOROUGH COUNCIL,65241.0,2,0
South Central Ambulance Service NHS Foundation Trust,WEST BERKSHIRE COUNCIL RATES ONLY,65238.0,2,0
Cabinet Office,MONMOUTHSHIRE COUNTY COUNCIL,65212.0,2,0
North Yorkshire Council,AISKEW LEEMING BAR PARISH COUNCIL,65155.17,4,0
Ministry of Justice,NOTTINGHAMSHIRE COUNTY COUNCIL RC38000001,65072.23,1,0
Home Office,NORFOLK PRIMARY CARE TRUST G,65070.99,2,0
Foreign and Commonwealth Office,BRITISH COUNCIL MEXICO,65000.02,1,0
Cabinet Office,HERTSMERE BOROUGH COUNCIL,64956.0,2,0
Ministry of Justice,HALTON BOROUGH COUNCIL,64876.68,2,0
Government Legal Department,BAR COUNCIL,64742.2,1,0
Maidstone and Tunbridge Wells NHS Trust,NHS CANTERBURY COASTAL CCG,64698.0,1,0
UK Shared Business Services,DEPARTMENT FOR ENERGY SECURITY NET ZERO,64500.0,1,0
North Yorkshire Council,SEAMER CROSSGATES PARISH COUNCIL,64330.0,3,0
Equality and Human Rights Commission,CARDIFF COUNTY COUNCIL,64296.0,4,0
National Fraud Authority,CABINET OFFICE,64248.0,1,0
Wales Office,CARDIFF COUNTY COUNCIL,64054.6,16,0
Home Office,NHS NORTH EAST ESSEX CLINICAL COMMISSIONING GROUP,64000.0,1,0
National Offender Management Service,BARNSLEY METROPOLITAN BOROUGH COUNCIL,63950.0,2,0
Department for Work and Pensions,HOME OFFICE SHARED SERVICES CENTRE,63945.0,1,0
Bristol City Council,FOREST OF DEAN DISTRICT COUNCIL,63892.45,12,0
NHS Thames Valley ICB,BRACKNELL FOREST BOROUGH COUNCIL,63868.1,2,0
Cabinet Office,SEDGEMOOR DISTRICT COUNCIL,63706.0,2,0
National Institute for Health and Care Excellence,NOTTINGHAM UNIVERSITY HOSPITALS NHS TRUST,63687.07,1,0
Home Office,ORKNEY ISLANDS COUNCIL G,63657.0,2,0
Department for Work and Pensions,SURREY SUSSEX NHS TRUST,63619.0,2,0
Home Office,SOUTH YORKSHIRE POLICE G,63518.13,1,0
Department for Work and Pensions,NHS NORTH OF ENGLAND CSU,63514.0,1,0
North Yorkshire Council,INGLETON PARISH COUNCIL,63432.0,2,0
Cabinet Office,REDDITCH BOROUGH COUNCIL,63397.0,2,0
Department for Work and Pensions,SOUTH RIBBLE BOROUGH COUNCIL,63324.0,1,0
Salisbury NHS Foundation Trust,SUSSEX COMMUNITY NHS TRUST,63250.25,3,0
Bristol City Council,SOUTHAMPTON CITY COUNCIL,63048.18,22,0
Milton Keynes Hospital NHS Foundation Trust,BEDFORD HOSPITALS NHS TRUST,63000.0,1,0
Uttlesford District Council,TAKELEY PARISH COUNCIL,62953.58,16,0
Ministry of Justice,HM PRISON SERVICE ABELL HOUSE,62953.32,1,0
Transport for Greater Manchester,GTR MCR PENSION FUND,62944.45,22,0
Home Office,GRAVESHAM BOROUGH COUNCIL 1 G,62834.05,1,0
Home Office,POLICE SERVICE OF N I,62756.27,2,0
National Offender Management Service,ROTHERHAM MBC,62654.0,2,0
Cabinet Office,THREE RIVERS DISTRICT COUNCIL,62489.0,2,0
The National Archives,BEDFORD BOROUGH COUNCIL,62449.3,1,0
Ministry of Justice,ROYAL BOROUGH OF KINGSTON UPON THAMES RC31620108,62228.7,1,0
Department for Work and Pensions,NHS NATIONAL SERVICES SCOTLAND,62196.0,2,0
Blaby District Council,HUNCOTE PARISH COUNCIL,62190.08,3,0
NHS Norfolk and Suffolk ICB - 25k Expenditure Report,BOROUGH COUNCIL OF KINGS LYNN WEST NORFOLK,62158.44,4,0
Foreign and Commonwealth Office,COUNCIL FOR ARAB BRITISH UNDERSTANDING,62075.0,2,0
Home Office,NHS BEDFORDSHIRE CLINICAL COMMISSIONING GROUP G,62000.0,1,0
Ministry of Defence,TORBAY COUNCIL,62000.0,1,0
United Lincolnshire Hospitals NHS Trust,NORTHUMBRIA HEALTHCARE NHS FOUNDATION TR,61917.39,2,0
Cabinet Office,AMBER VALLEY BOROUGH COUNCIL,61853.0,2,0
Home Office,GRAMPIAN JOINT POLICE BOARD,61835.78,2,0
Cabinet Office,ROTHER DISTRICT COUNCIL,61796.0,2,0
Home Office,NORTHAMPTONSHIRE COUNTY COUNCIL 1,61788.26,2,0
Home Office,DORSET WILTSHIRE FIRE RESCUE AUTHORITY,61718.74,2,0
Department for Education,LONDON BOROUGH OF WANDSWORTH,61662.67,1,0
HM Revenue and Customs,LONDON BOROUGH OF ISLINGTON,61662.0,1,0
National Offender Management Service,COPELAND BOROUGH COUNCIL,61618.83,2,0
Ministry of Justice,WAKEFIELD MET BOROUGH COUNCIL RC38000001,61561.21,1,0
Department of Health and Social Care,NHS SANDWELL WEST BIRMINGHAM CCG,61541.89,1,0
North Yorkshire Council,WEST YORKSHIRE PENSION FUND,61529.8,6,0
Cabinet Office,TANDRIDGE DISTRICT COUNCIL,61487.0,2,0
Home Office,SOUTHAMPTON UNIVERSITY HOSPITALS NHS TRUST,61447.2,1,0
Ministry of Justice,BURY MET BOROUGH COUNCIL RC31620078,61367.71,1,0
Ministry of Justice,LONDON BOROUGH OF HOUNSLOW RC38000001,61301.82,1,0
Coventry and Warwickshire Partnership NHS Trust,NHS ARDEN CSU,61219.34,4,0
Ministry of Justice,LONDON BOROUGH OF BROMLEY RC38000001,61210.18,1,0
Department of Health and Social Care,NHS DEVON CCG,61091.0,1,0
Department for International Development,DEPARTMENT OF MANAGEMENT STUDIES INDIAN INSTITUTE OF TECHNOLOGY MADRAS,61083.1,5,0
Department for Work and Pensions,TRAFFORD MBC,61070.0,2,0
Department of Health and Social Care,NHS ARDEN GREATE,61027.2,1,0
Home Office,HARROW PCT G,61022.0,2,0
Ministry of Justice,CITY OF PLYMOUTH RC38000001,60920.29,1,0
Eden District Council,LANGWATHBY PARISH COUNCIL,60910.59,7,0
Cabinet Office,EREWASH BOROUGH COUNCIL,60893.0,2,0
National Institute for Health and Care Excellence,BIRMINGHAM SOLIHULL MENTAL HEALTH NHS FOUNDATION TRUST,60763.67,1,0
Cabinet Office,WYCHAVON DISTRICT COUNCIL,60742.0,2,0
Cabinet Office,BASSETLAW DISTRICT COUNCIL,60729.0,2,0
Ministry of Defence,COMMONWEALTH DEPARTMENT OF VETERANS AFFAIRS,60725.5,6,0
National Offender Management Service,HULL CITY COUNCIL,60720.0,2,0
Ministry of Justice,GLOUCESTERSHIRE COUNTY COUNCIL RC38000001,60669.37,1,0
"Foreign, Commonwealth and Development Office (FCDO)",DEPARTMENT FOR CULTURE MEDIA SPORT,60526.38,2,0
Home Office,DEVON COUNTY COUNCIL,60518.0,1,0
United Lincolnshire Hospitals NHS Trust,NHS SUPPLY CHAIN MAINTENANCE DO NOT USE,60465.79,1,0
Bristol City Council,CHELSEA WESTMINSTER HOSPITAL NHS FOUNDATION TRUST,60427.26,23,0
Department for International Development,LOTHIAN BORDERS POLICE,60322.17,3,0
Ministry of Defence,NOTTINGHAM CITY COUNCIL,60227.0,2,0
NHS East and North Hertfordshire CCG,CAMBRIDGESHIRE COUNTY COUNCIL,60140.16,2,0
Ministry of Justice,CUMBRIA COUNTY COUNCIL RC38000001,60081.51,1,0
The National Archives,DONCASTER METROPOLITAN BOROUGH COUNCIL,60010.31,1,0
National Offender Management Service,CAMBRIDGESHIRE COUNTY COUNCIL,60000.0,2,0
Foreign and Commonwealth Office,COMMONWEALTH ENTERPRISE INVESTMENT COUNCIL,60000.0,1,0
"Department for Environment, Food and Rural Affairs",CROYDON COUNCIL,60000.0,1,0
Home Office,ECONOMIC SOCIAL RESEARCH COUNCIL,60000.0,1,0
Ministry of Justice,ECONOMIC SOCIAL RESEARCH COUNCIL ESRC,60000.0,1,0
Department of Health and Social Care,NHS BLACK COUNTRY WEST BIRMINGHAM CCG,60000.0,1,0
Home Office,NHS GREATER PRESTON CLINICAL COMMISSIONING GROUP G,60000.0,1,0
Home Office,NHS MILTON KEYNES CLINICAL COMMISSIONING GROUP G,60000.0,1,0
Department of Health and Social Care,NHS PENSIONS NHS BUSINESS SERVICES AUTHORITY,60000.0,1,0
"Ministry of Housing, Communities and Local Government",NORTHUMBRIA POLICE,60000.0,1,0
Ministry of Justice,NOTTINGHAM COUNTY COUNCIL WW00010206,60000.0,1,0
"Ministry of Housing, Communities and Local Government",REWIND SANDWELL PCT,60000.0,2,0
"Department for Environment, Food and Rural Affairs",ROCHDALE METROPOLITAN BOROUGH COUNCIL,60000.0,2,0
Home Office,ST ALBANS DISTRICT COUNCIL G,60000.0,1,0
Department of Health and Social Care,WEST MERCIA POLICE,60000.0,1,0
Ministry of Defence,SCOTTISH BORDERS COUNCIL,59995.0,2,0
"Department for Environment, Food and Rural Affairs",HM REVENUE CUSTOMS ONLY,59950.0,2,0
"Department for Environment, Food and Rural Affairs",MANCHESTER CITY COUNCIL,59928.0,1,0
Bristol City Council,ESSEX COUNTY COUNCIL,59914.0,5,0
"Department for Environment, Food and Rural Affairs",NORTHERN IRELAND ENVIRONMENT AGENCY,59900.0,2,0
"Department for Environment, Food and Rural Affairs",SHEPWAY DISTRICT COUNCIL,59809.35,2,0
Pennine Care NHS Foundation Trust,CALDERDALE HUDDERSFIELD NHS FOUNDATION TRUST,59792.51,1,0
HM Revenue and Customs,LONDON BOROUGH OF,59750.0,1,0
North Yorkshire Council,DISHFORTH PARISH COUNCIL,59749.0,5,0
Foreign and Commonwealth Office,DEPARTMENT OF FOREIGN AFFAIRS TRADE,59744.82,1,0
Department for Work and Pensions,PUBLIC HEALTH ENGLAND,59687.0,2,0
Home Office,STATES OF JERSEY POLICE,59522.35,2,0
Home Office,CARMARTHENSHIRE COUNTY COUNCIL 1,59442.5,1,0
Ministry of Defence,DEPARTMENT OF ELECTRICAL MECHANICAL SERVICES LIMASSOL,59419.73,2,0
Foreign and Commonwealth Office,STATE AGENCY OF JUDICIAL PROJECTS IMPLEMENTATION UNIT OF THE MINISTRY OF JUSTICE OF THE REPUBLIC OF,59368.0,2,0
Uttlesford District Council,ESSEX COUNTY COUNCIL TOURISM,59329.2,10,0
Home Office,DEPARTMENT FOR INTERNATIONAL DEVELOPMENT,59207.52,1,0
Ministry of Justice,METROPOLITAN BOROUGH OF WIRRAL RC38000001,58969.19,1,0
Bristol City Council,WAKEFIELD METROPOLITAN DISTRICT COUNCIL,58928.49,4,0
Bristol City Council,NEWPORT CITY COUNCIL,58917.32,8,0
The Pennine Acute Hospitals NHS Trust,TAMESIDE GLOSSOP INTEGRATED CARE NHS,58910.01,1,0
Home Office,ROYAL BOROUGH OF KINGSTON UPON THA,58883.18,2,0
"Department for Environment, Food and Rural Affairs",PEMBROKESHIRE COUNTY COUNCIL,58800.0,1,0
Ministry of Justice,RHONDDA CYNON TAFF COUNTY BOROUGH COUNCIL RC380000,58779.48,1,0
Department for International Development,POLICE SCOTLAND,58701.25,5,0
National Offender Management Service,POWYS COUNTY COUNCIL,58605.05,2,0
Cabinet Office,MANSFIELD DISTRICT COUNCIL,58588.0,2,0
Salisbury NHS Foundation Trust,PLYMOUTH HOSPITALS NHS TRUST,58460.0,2,0
National Offender Management Service,READING BOROUGH COUNCIL,58416.19,2,0
National Offender Management Service,NOTTINGHAMSHIRE POLICE,58367.06,2,0
Ministry of Justice,NEWCASTLE UPON TYNE CITY COUNCIL RC38000001,58317.31,1,0
Department for Work and Pensions,SHROPSHIRE COUNTY COUNCIL,58197.65,2,0
Ministry of Justice,NORTH LINCOLNSHIRE COUNCIL RC38000001,58138.41,1,0
Home Office,KIRKLEES METROLITAN COUNCIL 1,58016.0,1,0
Home Office,DEPARTMENT FOR ENVIRONMENT FOOD RURAL AFFAIRS,58000.0,1,0
Whittington Hospital NHS Trust,GREAT ORMOND STREET HOSPITAL NHS FT,57910.87,2,0
South Central Ambulance Service NHS Foundation Trust,YORKSHIRE AMBULANCE SERVICE NHS TRUST,57899.55,2,0
Ministry of Defence,NORTH SOMERSET COUNCIL,57889.0,1,0
"Department for Environment, Food and Rural Affairs",WARWICKSHIRE COUNTY COUNCIL,57837.6,2,0
Natural History Museum,CABINET OFFICE,57794.4,6,0
Cabinet Office,HALTON BOROUGH COUNCIL,57773.0,2,0
Department of Health and Social Care,NHS HARROW CCG,57707.15,1,0
Department of Health and Social Care,SOUTH EAST COAST AMBULANCE SERVICE,57600.0,1,0
"Department for Environment, Food and Rural Affairs",FIELD STUDIES COUNCIL,57581.54,2,0
London Borough of Richmond Upon Thames,RICHMOND TWICKENHAM PCT PROVIDER,57512.07,5,0
Cabinet Office,STROUD DISTRICT COUNCIL,57480.0,2,0
Ministry of Justice,LEICESTERSHIRE COUNTY COUNCIL RC31620114,57412.11,1,0
HM Revenue and Customs,BAR COUNCIL,57341.47,2,0
NHS Business Services Authority,NHS COUNTER FRAUD AUTHORITY,57222.36,2,0
Department for International Development,DEPARTMENT OF ENVIRONMENT MONTSERRAT,57160.0,2,0
Home Office,LINCOLN POLICE AUTH,57128.48,4,0
Home Office,POLICE CRIME COM DERBYSHIRE,57097.0,2,0
"Ministry of Housing, Communities and Local Government",MET OFFICE,57095.61,2,0
Department of Health and Social Care,BLACK COUNTRY HEALTHCARE NHS FOUNDATION TRUST,57000.0,10,0
National Offender Management Service,STOKE CITY COUNCIL,57000.0,1,0
Home Office,LEICESTER LEICS RUTLAND COMBINED FIRE AUTHORITY,56981.47,2,0
Eden District Council,CLIFTON PARISH COUNCIL,56976.38,5,0
Bristol City Council,HMRC,56915.42,3,0
Department for Work and Pensions,BOLTON COUNCIL,56882.0,2,0
Department for Work and Pensions,LONDON BOROUGH OF ISLINGTON HB,56829.09,2,0
Ministry of Justice,BUCKINGHAMSHIRE COUNTY COUNCIL RC38000001,56507.52,1,0
National Offender Management Service,WARWICKSHIRE COUNTY COUNCIL,56470.8,1,0
Cabinet Office,COTSWOLD DISTRICT COUNCIL,56430.0,2,0
Ministry of Defence,SOUTH WALES POLICE AUTHORITY,56333.0,2,0
Home Office,KNOWSLEY MBC C O KNOWSLEY DAT G,56279.97,1,0
Cabinet Office,FENLAND DISTRICT COUNCIL,56260.0,2,0
North Yorkshire Council,CABINET OFFICE,56240.0,3,0
Department for Education,CENTRAL BEDFORDSHIRE DISTRICT COUNCIL,56235.0,1,0
North Yorkshire Council,CAWOOD PARISH COUNCIL,56199.65,4,0
The National Archives,DERRY CITY STRABANE DISTRICT COUNCIL,56110.0,2,0
Department for Work and Pensions,EDINBURGH CITY COUNCIL,56079.75,2,0
Ministry of Justice,PORTSMOUTH CITY COUNCIL RC31620134,56042.25,1,0
North Yorkshire Council,HAMPSTHWAITE PARISH COUNCIL,56020.0,9,0
Home Office,NHS DURHAM DALES EASINGTON SEDGEFIELD CLINICAL COMMISSIONING GROUP G,56000.0,1,0
Home Office,NHS NORWICH CCG G,56000.0,1,0
Home Office,NHS WIRRAL CCG G,56000.0,1,0
Cabinet Office,MID SUFFOLK DISTRICT COUNCIL,55993.0,2,0
Ministry of Justice,LONDON BOROUGH OF HAVERING RC38000001,55928.57,1,0
Home Office,HALTON BOR COUNCIL,55900.53,2,0
Department for Work and Pensions,HICKLEY BOSWORTH BOROUGH COUNCIL,55750.0,1,0
Ministry of Justice,TELFORD WREKIN COUNCIL RC31620145,55714.84,1,0
Eden District Council,AINSTABLE PARISH COUNCIL,55615.82,5,0
National Offender Management Service,HOME OFFICE HOPG,55593.84,2,0
Department of Health and Social Care,ORDNANCE SURVEY,55548.0,1,0
UK Trade and Investment,COMMONWEALTH BUSINESS COUNCIL,55500.0,3,0
North Yorkshire Council,SCOTTON CENTRAL RICHMONDSHIRE PARISH COUNCIL,55500.0,2,0
Maidstone and Tunbridge Wells NHS Trust,NORTHUMBRIA HEALTHCARE NHS FOUNDATION TR,55455.6,4,0
Shropshire Community Health NHS Trust,DUDLEY METROPOLITAN BOROUGH COUNCIL,55415.8,26,0
Bristol City Council,UNIVERSITY HOSPITALS BIRMINGHAM NHS FOUNDATION TRUST,55350.0,1,0
Home Office,SCOTTISH POLICE SERVICES AUTHORITY,55163.5,3,0
National Offender Management Service,KENT COUNTY COUNCIL KCS,55124.25,2,0
"Department for Digital, Culture, Media and Sport",WEST SUSSEX COUNTY COUNCIL,55115.0,1,0
Northern Ireland Office,ARMAGH CITY BANBRIDGE CRAIGAVON BOROUGH COUNCIL,55067.86,1,0
Cabinet Office,DARLINGTON BOROUGH COUNCIL,55018.0,2,0
Department for Energy Security and Net Zero,LEWES DISTRICT COUNCIL,55004.2,1,0
National Offender Management Service,BRIGHTON HOVE CITY COUNCIL,55000.0,1,0
UK Sport,CENTRAL COUNCIL OF PHYSICAL RECREATION,55000.0,1,0
Home Office,FCO FOREIGN COMMONWEALTH OFFICE G,55000.0,1,0
Department for Energy Security and Net Zero,MID SUFFOLK DISTRICT COUNCIL,55000.0,1,0
Pennine Care NHS Foundation Trust,BRADFORD DISTRICT CARE NHS FOUNDATION TRUST,54949.26,2,0
Bristol City Council,PLYMOUTH CITY COUNCIL,54892.57,6,0
National Institute for Health and Care Excellence,LEWISHAM GREENWICH NHS TRUST,54813.0,1,0
"Foreign, Commonwealth and Development Office (FCDO)",INDIAN COUNCIL FOR RESEARCH ON INTERNATIONAL ECONOMIC RELATIONS ICRIER,54770.0,1,0
Cabinet Office,WAVENEY DISTRICT COUNCIL,54745.0,2,0
Department for Education,WAKEFIELD COUNCIL,54661.52,2,0
Pennine Care NHS Foundation Trust,MANCHESTER CITY COUNCIL 002,54576.24,2,0
HM Revenue and Customs,MID DEVON DISTRICT COUNCIL,54502.0,1,0
Ministry of Defence,ST HELENS COUNCIL,54423.0,2,0
Cabinet Office,EAST DORSET DISTRICT COUNCIL,54367.0,2,0
Cabinet Office,SURREY HEATH BOROUGH COUNCIL,54365.0,2,0
United Lincolnshire Hospitals NHS Trust,SHERWOOD FOREST HOSPITALS NHS TRUST,54300.0,1,0
NHS Thames Valley ICB,PRIORS COURT SERVICES,54299.31,2,0
"Foreign, Commonwealth and Development Office (FCDO)",MINISTRY OF DEFENCE DBS FINANCE,54294.86,1,0
"Department for Digital, Culture, Media and Sport",HM COURTS TRIBUNALS SERVICE,54286.82,1,0
Department of Health and Social Care,NHS CAMBRIDGESHIRE A,54282.0,1,0
The National Archives,WIGAN COUNCIL ARCHIVES WIGAN LEIGH,54232.08,1,0
Maidstone and Tunbridge Wells NHS Trust,ST GEORGE S UNIVERSITY HOSPITALS NHS FT,54164.85,2,0
Ministry of Justice,POLICE CRIME COMMISSIONER FOR NORTHAMPTONSHIRE,54138.8,1,0
Bristol City Council,SURREY COUNTY COUNCIL,54088.11,3,0
Ministry of Defence,MERSEY CARE NHS TRUST,53980.0,1,0
Cabinet Office,HMCTS,53951.0,1,0
National Offender Management Service,DERBYSHIRE COUNTY PCT,53926.42,2,0
"Department for Digital, Culture, Media and Sport",LINCOLNSHIRE COUNTY COUNCIL,53854.0,1,0
Cabinet Office,MOLE VALLEY DISTRICT COUNCIL,53841.0,2,0
Home Office,DEPARTMENT FOR BUSINESS INNOVATION,53835.29,1,0
North Yorkshire Council,HUTTON RUDBY PARISH COUNCIL,53680.7,4,0
Cabinet Office,HINCKLEY BOSWORTH BOROUGH COUNCIL,53679.0,2,0
Department of Health and Social Care,VALE OF YORK CCG,53658.0,2,0
"Department for Environment, Food and Rural Affairs",HOME OFFICE PAY PENSIONS SER,53623.22,2,0
East Sussex Healthcare NHS Trust,SOUTH LONDON MAUDSLEY NHS FOUND TRUST,53598.86,1,0
National Offender Management Service,LEWES DISTRICT COUNCIL,53586.0,2,0
North Yorkshire Council,WAKEFIELD METROPOLITAN DISTRICT COUNCIL,53543.54,5,0
Ministry of Justice,COUNTY BOROUGH OF BLAENAU GWENT RC38000001,53451.04,1,0
Department for Work and Pensions,EAST RIDING OF YORKSHIRE COUNCIL,53422.0,2,0
Home Office,MANCHESTER PCT,53400.0,1,0
Ministry of Justice,WALSALL MET BOROUGH COUNCIL RC38000001,53390.14,1,0
"Foreign, Commonwealth and Development Office (FCDO)",BRITISH COUNCIL AUSTRALIA,53304.7,1,0
"Department for Digital, Culture, Media and Sport",SALFORD CITY COUNCIL,53263.0,1,0
Whittington Hospital NHS Trust,CROYDON PCT,53174.18,1,0
Ministry of Justice,THURROCK COUNCIL RC31620162,53146.12,1,0
Ministry of Justice,BLACKPOOL BOROUGH COUNCIL RC38000001,53142.19,1,0
Royal United Hospital Bath NHS Foundation Trust,SALISBURY NHS FOUNDATION TRUST,53124.0,1,0
"Ministry of Housing, Communities and Local Government",NATIONAL COUNCIL FOR VOL ORGS,53104.03,14,0
National Offender Management Service,MONMOUTHSHIRE COUNTY COUNCIL,53054.0,1,0
Blaby District Council,COSBY PARISH COUNCIL,53015.5,5,0
Ministry of Justice,ROTHERHAM MET BOROUGH COUNCIL RC38000001,52995.5,1,0
National Offender Management Service,RUSHCLIFFE BOROUGH COUNCIL,52670.0,2,0
Eden District Council,BROUGH PARISH COUNCIL,52667.33,4,0
East Sussex Healthcare NHS Trust,NHS TRUST DEVELOPMENT AUTHORITY,52641.43,2,0
Department for Work and Pensions,TORFAEN COUNTY BOROUGH COUNCIL,52632.0,2,0
Ministry of Defence,SOUTHWARK LONDON BOROUGH COUNCIL,52617.0,1,0
North Yorkshire Council,GARGRAVE PARISH COUNCIL,52600.0,3,0
National Offender Management Service,DORSET POLICE,52554.0,1,0
National Offender Management Service,CENTRAL NORTH WEST LONDON NHS FOUNDATION TRUST,52528.0,2,0
National Offender Management Service,DEPT FOR BIS,52500.0,1,0
Department for International Development,AVON SOMERSET CONSTABULARY,52437.39,9,0
National Offender Management Service,COUNCIL OF THE CITY COUNTY OF CARDIFF THE,52432.0,2,0
HM Revenue and Customs,NORTHUMBERLAND COUNTY COUNCIL,52415.0,3,0
Cabinet Office,WIGAN COUNCIL,52375.2,1,0
North Yorkshire Council,KIRKBYMOORSIDE TOWN COUNCIL,52115.0,1,0
Department of Health and Social Care,NHS KENT MEDWAY CSU,51999.37,1,0
HM Revenue and Customs,ISLE OF ANGELSEY COUNTY COUNCIL,51985.0,1,0
National Offender Management Service,NORTH DORSET DISTRICT COUNCIL,51754.0,2,0
Department for International Development,METROP0LITAN POLICE,51682.05,8,0
"Department for Science, Innovation and Technology",WOKINGHAM BOROUGH COUNCIL,51675.81,1,0
Parliamentary and Health Service Ombudsman (PHSO),MANCHESTER CITY COUNCIL,51666.0,2,0
Whittington Hospital NHS Trust,NHS ENFIELD,51657.0,1,0
Home Office,ST HELENS KNOWSLEY TEACHING HOSPITALS NHS TRUST,51630.79,10,0
Ministry of Defence,TRAFFORD BOROUGH COUNCIL,51550.0,1,0
National Offender Management Service,NEWPORT COUNTY COUNCIL,51510.0,1,0
Home Office,NOTTINGHAM CITY COUNCIL,51465.9,6,0
Ministry of Justice,CALDERDALE MET BOROUGH COUNCIL RC31620079,51384.4,1,0
Ministry of Justice,WIGAN MET BOROUGH COUNCIL RC31620171,51138.74,1,0
Cabinet Office,SOUTH GLOUCESTERSHIRE COUNCIL,50985.5,2,0
Royal Borough of Greenwich,LONDON BOROUGH OF CAMDEN,50951.22,20,0
Department for Work and Pensions,CORNWALL PARTNERSHIP NHS FOUNDATION TRUST,50939.0,2,0
Ministry of Defence,DEPARTMENT OF JUSTICE,50898.71,1,0
Home Office,WEST OF SCOTLAND REGIONAL EQUALITY COUNCIL G,50875.0,1,0
Tate,CITY COUNCIL,50779.0,1,0
Cheltenham Borough Council,GLOUCESTERSHIRE COUNTY COUNCIL LGPS ONLY,50749.36,5,0
Home Office,HMRC,50722.02,1,0
Department for Education,LEEDS CITY COUNCIL EAST MOOR SECURE CC,50666.0,1,0
Department of Health and Social Care,LONDON BOROUGH OF BEXLEY PPE ONLY,50640.0,3,0
Ministry of Justice,CARMARTHENSHIRE COUNTY COUNCIL,50538.88,1,0
Eden District Council,SKELTON PARISH COUNCIL,50289.83,4,0
Coventry and Warwickshire Partnership NHS Trust,SOUTH WARWICKSHIRE GENERAL HOSP NHS TRUS,50249.0,10,0
Royal Borough of Greenwich,GREENWICH PCT NHS,50222.0,5,0
Royal Borough of Greenwich,HM COURTS TRIBUNALS SERVICES,50150.0,42,0
Coventry and Warwickshire Partnership NHS Trust,NHS LEICESTERSHIRE COUNTY RUTLAND PCT,50125.42,1,0
"Department for Environment, Food and Rural Affairs",AYLESBURY VALE DISTRICT COUNCIL,50000.0,1,0
Home Office,BATH NORTH EAST SOMERSET CLINICAL COMMISSIONING GROUP G,50000.0,1,0
Bristol City Council,BATH NORTH EAST SOMERSET COUNCIL JOINT SPATIAL PLAN,50000.0,1,0
Department for Work and Pensions,CITY OF BRADFORD MDC,50000.0,2,0
Home Office,CITY OF BRADFORD MDC 1 G,50000.0,2,0
"Department for Science, Innovation and Technology",CITY OF LONDON,50000.0,1,0
"Department for Digital, Culture, Media and Sport",COUNCIL OF EUROPE,50000.0,1,0
Department for International Development,DEPARTMENT OF HEALTH,50000.0,1,0
Department of Health and Social Care,DURHAM CONSTABULARY,50000.0,1,0
Home Office,EPPING FOREST DISTRICT COUNCIL G,50000.0,1,0
UK Sport,GLASGOW CITY COUNCIL,50000.0,1,0
"Department for Environment, Food and Rural Affairs",GUILDFORD BOROUGH COUNCIL,50000.0,1,0
Department of Health and Social Care,LINCOLNSHIRE POLICE,50000.0,1,0
Cabinet Office,LONDON BOROUGH OF BEXLEY,50000.0,1,0
National Offender Management Service,LONDON BOROUGH OF NEWHAM,50000.0,1,0
The Pennine Acute Hospitals NHS Trust,NHS NORTH WEST,50000.0,1,0
Department of Health and Social Care,NORTHAMPTONSHIRE POLICE AUTHORITY,50000.0,1,0
"Department for Environment, Food and Rural Affairs",NORTH SOMERSET COUNCIL,50000.0,1,0
Department of Health and Social Care,POLICE CRIME COMMISSIONER FOR GLOUCESTERSHIRE,50000.0,1,0
Milton Keynes Hospital NHS Foundation Trust,SALFORD ROYAL HOSPITALS NHS FOUNDATION TRUST,50000.0,1,0
Home Office,THANET DISTRICT COUNCIL G,50000.0,1,0
Home Office,TORFAEN COUNTY BOROUGH COUNCIL G,50000.0,1,0
Cabinet Office,TRAFFORD COUNCIL,50000.0,1,0
"Department for Environment, Food and Rural Affairs",TUNBRIDGE WELLS BOROUGH COUNCIL,50000.0,1,0
Department of Health and Social Care,WARWICKSHIRE POLICE,50000.0,1,0
Department of Health and Social Care,WILTSHIRE POLICE,50000.0,1,0
Cabinet Office,WORCESTERSHIRE COUNTY COUNCIL,50000.0,1,0
Department for Work and Pensions,METROPOLITAN POLICE SERVICE,49999.0,1,0
Department for Work and Pensions,NHS HARINGEY CCG,49950.0,1,0
"Foreign, Commonwealth and Development Office (FCDO)",INTER RELIGIOUS COUNCIL OF UGNADA,49942.0,1,0
Department for Work and Pensions,NHS ISLINGTON CLINICAL COMMISIONING GROUP,49900.0,1,0
Northern Ireland Office,MID ULSTER DISTRICT COUNCIL,49878.69,2,0
Bristol City Council,CORNWALL COUNTY COUNCIL,49848.68,6,0
UK Commission for Employment and Skills,ROTHERHAM MBC,49795.0,1,0
NHS Business Services Authority,DEVON PARTNERSHIP NHS TRUST,49699.18,1,0
Ministry of Justice,CHESHIRE WEST CHESTER COUNCIL,49659.73,2,0
Ministry of Defence,TORFAEN BOROUGH COUNCIL,49648.0,1,0
HM Revenue and Customs,WILTSHIRE COUNCIL,49620.15,1,0
Home Office,LB OF BARKING DAGENHAM G,49612.0,1,0
Former council of North Yorkshire,NORTHUMBRIA HEALTHCARE NHS FOUNDATION TRUST,49569.13,14,0
Whittington Hospital NHS Trust,HARINGEY COUNCIL,49554.29,1,0
Ministry of Justice,SWINDON BOROUGH COUNCIL RC38000001,49488.57,1,0
Ministry of Justice,BOLTON COUNCIL,49462.85,7,0
Ministry of Justice,STOCKTON ON TEES BOROUGH COUNCIL RC31620156,49383.21,1,0
Eden District Council,KIRKBY THORE PARISH COUNCIL,49237.55,4,0
Victoria & Albert Museum,LONDON BOROUGH OF TOWER HAMLETS,49234.0,1,0
Ministry of Justice,BLAENAU GWENT BOROUGH COUNCIL,49199.59,1,0
Department for Work and Pensions,WEST LANCASHIRE BOROUGH COUNCIL,49182.0,1,0
HM Treasury,OFFICE FOR NATIONAL STATISTICS,49102.4,5,0
HM Revenue and Customs,POLICE SCOTLAND,49049.66,1,0
Department for International Development,HM TREASURY MPE A C 3355,48982.8,1,0
Ministry of Justice,SWINDON BOROUGH COUNCIL RC31620161,48977.43,1,0
Eden District Council,KIRKOSWALD PARISH COUNCIL,48821.1,4,0
The National Archives,NEWCASTLE CITY COUNCIL,48765.8,2,0
Department for Work and Pensions,POLICE CRIME COMMISSIONER FOR CUMBRIA,48684.0,1,0
Ministry of Justice,GUILDFORD BOROUGH COUNCIL,48660.09,1,0
Ministry of Justice,SOUTHEND ON SEA BOROUGH COUNCIL RC31620152,48646.34,1,0
The Pennine Acute Hospitals NHS Trust,NHS CENTRAL MANCHESTER CCG,48635.0,1,0
North Yorkshire Council,THORNTON LE DALE PARISH COUNCIL,48602.5,3,0
North Yorkshire Council,HM PRISON PROBATION SERVICE,48544.0,5,0
"Department for Science, Innovation and Technology",EAST MIDLANDS COUNTY COMBINED AUTHORITY,48500.0,1,0
Ministry of Defence,BIRMINGHAM WOMEN S NHS FOUNDATION TRUST,48356.0,1,0
South Gloucestershire Council,STOKE GIFFORD PARISH COUNCIL,48281.2,5,0
Transport for Greater Manchester,CHESHIRE WEST CHESTER COUNCIL,48156.04,8,0
Ministry of Justice,WARWICKSHIRE COUNTY COUNCIL RC31620169,48054.99,1,0
Ministry of Justice,WORCESTERHIRE COUNTY COUNCIL RC38000001,48027.62,1,0
Ministry of Defence,CHRISTIE HOSPITAL NHS FOUNDATION TRUST,48000.0,1,0
National Offender Management Service,ESSEX POLICE,48000.0,1,0
Department of Health and Social Care,MUSLIM COUNCIL OF BRITAIN MCB,48000.0,1,0
Home Office,NHS FYLDE WYRE CCG G,48000.0,1,0
Home Office,NHS SOUTH GLOUCESTERSHIRE CCG G,48000.0,1,0
National Offender Management Service,WILTSHIRE COUNCIL,47929.0,2,0
Home Office,BARNSLEY MBC,47656.0,1,0
Department for Work and Pensions,COSTWOLD DISTRICT COUNCIL,47650.0,1,0
Transport for Greater Manchester,DEPT FOR WORK PENSIONS,47608.35,4,0
North Yorkshire Council,PATELEY BRIDGE TOWN COUNCIL,47575.75,7,0
Ministry of Justice,THURROCK COUNCIL RC38000001,47574.82,1,0
Department of Health and Social Care,NHS NOTTINGHAM NOTTINGHAMSHIRE CCG,47445.0,1,0
NHS East and North Hertfordshire CCG,WELWYN HATFIELD COUNCIL,47437.63,10,0
Former council of North Yorkshire,HULL CITY COUNCIL,47432.2,6,0
"Department for Digital, Culture, Media and Sport",LONDON BOROUGH OF CAMDEN,47379.5,1,0
"Department for Environment, Food and Rural Affairs",NORTH WALES POLICE,47340.66,1,0
Department for Education,ORDNANCE SURVEY,47260.8,3,0
Transport for Greater Manchester,NORTH WEST AMBULANCE SERVICE NHS TR,47162.0,3,0
Ministry of Justice,ROYAL BOROUGH OF KINGTSON UPON THAMES RC38000001,47107.19,1,0
Department for Work and Pensions,ISLE OF ANGLESEY COUTY COUNCIL,47043.0,1,0
Department for Work and Pensions,CITY OF SUNDERLAND,46927.0,1,0
Eden District Council,HESKET PARISH COUNCIL,46881.59,4,0
Foreign and Commonwealth Office,NOTTINGHAM CITY COUNCIL,46827.0,1,0
North Yorkshire Council,LANGTHORPE PARISH COUNCIL,46803.14,4,0
Shropshire Community Health NHS Trust,NHS BLACK COUNTRY ICB,46782.61,8,0
HM Revenue and Customs,IVERCLYDE COUNCIL,46782.0,1,0
Ministry of Justice,MERTHYR TYDFIL COUNTY BOROUGH COUNCIL RC38000001,46503.01,1,0
"Foreign, Commonwealth and Development Office (FCDO)",NOTHERN COUNCIL FOR FURTHER EDUCATION,46500.0,1,0
Ministry of Justice,READING BOROUGH COUNCIL RC31620135,46477.38,1,0
Home Office,LONDON BOROUGH OF NEWHAM,46401.92,1,0
North Yorkshire Council,BARNSLEY METROPOLITAN BOROUGH COUNCIL,46389.97,5,0
Home Office,NORTHAMPTON BOROUGH COUNCIL G,46345.64,1,0
Department for Work and Pensions,SOUTH GLOUCESTERSHIRE COUNTY COUNCIL,46305.0,1,0
Bristol City Council,NHS HEREFORDSHIRE WORCESTERSHIRE ICB,46294.86,2,0
Foreign and Commonwealth Office,WELLINGTON CITY COUNCIL,46184.88,1,0
Plymouth City Council,NOTTINGHAMSHIRE COUNTY COUNCIL,46050.0,5,0
Department for Work and Pensions,NORTHUMBERLAND TYNE WEAR NHS FOUNDATION TRUST,46046.0,1,0
North Yorkshire Council,ULLESKELF PARISH COUNCIL,46029.25,5,0
Home Office,NHS SOMERSET CLINICAL COMMISSIONING G,46000.0,1,0
Ministry of Justice,SOUTH TYNESIDE COUNCIL,45941.12,1,0
Foreign and Commonwealth Office,BAR COUNCIL,45894.27,3,0
Eden District Council,LAZONBY PARISH COUNCIL,45726.76,5,0
Ministry of Defence,UNIVERSITY HOSPITAL SOUTHAMPTON NHS FOUNDATION TRUST,45694.73,1,0
Ministry of Justice,WREXHAM COUNTY BOROUGH COUNCIL RC38000001,45579.23,1,0
Ministry of Justice,MESSRS LONDON BOROUGH OF SOUTHWARK DX 136147,45551.56,1,0
Ministry of Justice,MESSRS SOUTHWARK COUNCIL LEGAL SERVICES DX 136147,45551.56,1,0
"Department for Digital, Culture, Media and Sport",DEPARTMENT FOR INTERNATIONAL DEVELOPMENT,45406.24,1,0
Maidstone and Tunbridge Wells NHS Trust,BARTS HEALTH NHS TRUST,45341.22,1,0
Department of Health and Social Care,NHS NENE CCG,45308.81,1,0
Transport for Greater Manchester,LAND REGISTRY BDFT TEAM,45302.5,6,0
South Central Ambulance Service NHS Foundation Trust,SURREY HEATH BOROUGH COUNCIL,45291.29,1,0
"Ministry of Housing, Communities and Local Government",SOUTHEND ON SEA BOROUGH COUNCIL,45265.01,16,0
Ministry of Justice,CITY OF YORK COUNCIL RC31620177,45102.95,1,0
Department of Health and Social Care,UK REHABILITATION COUNCIL UKRC,45033.5,1,0
Former council of North Yorkshire,CABINET OFFICE,45000.0,1,0
The National Archives,CHESHIRE WEST CHESTER COUNCIL,45000.0,1,0
Foreign and Commonwealth Office,CRAWLEY BOROUGH COUNCIL,45000.0,1,0
Department of Health and Social Care,CAMDEN PCT CSL,45000.0,1,0
"Foreign, Commonwealth and Development Office (FCDO)",DEPARTMENT FOR TRANSPORT,45000.0,1,0
East Sussex Healthcare NHS Trust,SALFORD ROYAL NHS FOUNDATION TRUST,45000.0,2,0
Department of Health and Social Care,SOUTH LONDON MAUDSLEY NHS FT,45000.0,1,0
Department for Education,STOCKTON BOROUGH COUNCIL,45000.0,1,0
National Offender Management Service,TAMESIDE MBC,45000.0,1,0
Milton Keynes Hospital NHS Foundation Trust,UNIVERSITY HOSPITAL BIRMINGHAM NHS FOUNDATION TRUST,45000.0,1,0
South Gloucestershire Council,SHROPSHIRE COUNTY COUNCIL,44901.68,7,0
Ministry of Justice,EAST RIDING OF YORKSHIRE COUNCIL,44864.91,1,0
"Ministry of Housing, Communities and Local Government",GATESHEAD VOL ORGANISATIONS COUNCIL,44855.72,11,0
Home Office,NHS BUSINESS SERVICES AUTHORITY,44822.5,1,0
Foreign and Commonwealth Office,NATURAL RESOURCES DEFENSE COUNCIL,44696.0,1,0
"Foreign, Commonwealth and Development Office (FCDO)",DLR COUNTY COUNCIL,44694.73,1,0
Department for International Development,HAMPSHIRE POLICE AUTHORITY,44603.9,7,0
Ministry of Justice,ST HELENS MET BOROUGH COUNCIL RC31620154,44584.42,1,0
The National Archives,HM COURTS TRIBUNALS SERVICE,44517.0,1,0
United Lincolnshire Hospitals NHS Trust,LEICESTERSHIRE PARTNERSHIP NHS TRUST,44382.92,1,0
Department for Education,NORTH WEST AMBULANCE SERVICE NHS TRUST,44307.69,1,0
"Department for Environment, Food and Rural Affairs",DEPARTMENT FOR BUSINESS INNOVATION SKILLS,44238.0,1,0
National Offender Management Service,LONDON BOROUGH OF REDBRIDGE,44209.5,1,0
Ministry of Justice,CITY OF WAKEFIELD MDC,44184.73,1,0
National Offender Management Service,ISLE OF WIGHT PRIMARY CARE TRUST,44131.0,1,0
Ministry of Defence,VALE OF WHITE DISTRICT COUNCIL,44103.0,1,0
"Ministry of Housing, Communities and Local Government",CONSTRUCTION INDUSTRY COUNCIL,44062.0,2,0
North Yorkshire Council,PANNAL BURN BRIDGE PARISH COUNCIL,44015.5,3,0
Home Office,NHS WEST ESSEX CLINICAL COMMISSIONING GROUP G,44000.0,1,0
Home Office,NORTH TYNESIDE CCG,44000.0,1,0
"Department for Environment, Food and Rural Affairs",SCARBOROUGH BOROUGH COUNCIL,43938.76,1,0
Royal Borough of Greenwich,LEWISHAM GREENWICH NHS TRUST,43933.81,2,0
Ministry of Defence,DARLINGTON BOROUGH COUNCIL,43882.0,2,0
Department for Work and Pensions,REDDITCH BOROUGH COUNCIL,43879.6,1,0
Royal Borough of Greenwich,TAVISTOCK PORTMAN NHS TRUST,43851.5,5,0
Department for International Development,IMPACT INVESTORS COUNCIL,43743.06,9,0
Ministry of Defence,HULL TEACHING PRIMARY CARE TRUST,43653.66,1,0
Ministry of Justice,STOKE ON TRENT CITY COUNCIL RC38000001,43567.36,1,0
National Offender Management Service,CITY OF SUNDERLAND COUNCIL,43556.0,1,0
Ministry of Justice,DURHAM COUNTY COUNCIL RC38000001,43510.8,1,0
Eden District Council,TEBAY PARISH COUNCIL,43500.8,4,0
Whittington Hospital NHS Trust,UCL HOSPITALS NHS FOUNDATION TRUST,43295.83,3,0
UK Trade and Investment,LONDON BOROUGH OF TOWER HAMLETS,43268.16,10,0
Ministry of Defence,LB HAMMERSMITH FULHAM,43213.29,1,0
Ministry of Justice,DUDLEY MET BOROUGH COUNCIL RC31620090,43199.84,1,0
Royal United Hospital Bath NHS Foundation Trust,SOMERSET PARTNERSHIP NHS FOUNDATION TRUST,43170.0,1,0
The National Archives,NORTHAMPTONSHIRE COUNTY COUNCIL,43122.67,1,0
Ministry of Justice,BEXLEY COUNCIL RC31620065,42960.12,1,0
HM Revenue and Customs,NEWPORT CITY COUNCIL,42940.0,1,0
Cabinet Office,EAST CAMBRIDGE DISTRICT COUNCIL,42857.0,1,0
Bristol City Council,DORSET COUNTY COUNCIL,42800.0,4,0
HM Revenue and Customs,TORBAY COUNCIL,42747.0,1,0
Home Office,LB OF BRENT CHILDRENS DIRECTORATE,42742.86,1,0
Cabinet Office,EAST STAFFORDSHIRE BOROUGH COUNCIL,42631.0,1,0
North Yorkshire Council,KILLINGHALL PARISH COUNCIL PRECEPTS,42500.0,2,0
Home Office,GLOUCESTERSHIRE POLICE AUTHORI,42453.7,1,0
Cabinet Office,WOKINGHAM COUNCIL,42437.0,1,0
Cabinet Office,MALDON DISTRICT COUNCIL,42396.0,1,0
Ministry of Defence,DEPARTMENT FOR EDUCATION,42384.7,1,0
Veterinary Laboratories Agency,HOME OFFICE,42288.0,19,0
Department of Health and Social Care,EALING COUNCIL PPE,42250.0,1,0
"Department for Environment, Food and Rural Affairs",COTSWOLD DISTRICT COUNCIL,42206.4,1,0
Home Office,DEPARTMENT FOR ENVIRONMENT FOOD AN,42187.5,1,0
Tate,CITY OF OSLO,42136.49,1,0
Ministry of Justice,DEVON COUNTY COUNCIL RC31620088,42047.11,1,0
Department for International Development,DEPARTMENT FOR BUSINESS ENERGY INDUSTRIAL STRATEGY,42021.96,4,0
Ministry of Justice,LEICESTERSHIRE COUNTY COUNCIL,42000.0,1,0
Home Office,NHS SOUTHERN DERBYSHIRE CLINICAL COMMISSIONING GROUP G,42000.0,1,0
Home Office,NHS WEST LANCASHIRE CCG G,42000.0,1,0
Ministry of Justice,SCOTTISH GOVERNMENT,42000.0,1,0
Department for Work and Pensions,NORTH EAST ESSEX CLINICAL COMMISSIONING GROUP,41915.0,1,0
North Yorkshire Council,FYLINGDALES PARISH COUNCIL,41849.94,7,0
Sea Fish Industry Authority,NORTH EAST LINCOLNSHIRE COUNCIL,41753.7,1,0
Ministry of Justice,READING BOROUGH COUNCIL RC38000001,41720.59,1,0
"Foreign, Commonwealth and Development Office (FCDO)",DEPARTMENT OF FOREIGN AFFAIRS,41702.9,1,0
North Yorkshire Council,CARLTON PARISH COUNCIL,41685.53,6,0
Shropshire Community Health NHS Trust,DEPARTMENT FOR WORK PENSIONS,41653.48,120,0
North Yorkshire Council,SOUTH MILFORD PARISH COUNCIL,41620.5,4,0
Home Office,MILTON KEYNES COUNCIL 1,41584.55,1,0
UK Trade and Investment,UKGBC UK GREEN BUILDING COUNCIL,41500.0,2,0
Ministry of Justice,METROPOLITAN POLICE AUTHORITY,41445.36,1,0
Blaby District Council,STONEY STANTON PARISH COUNCIL,41416.41,8,0
Home Office,CAMBRIDESHIRE PETERBOROUGH FIRE AUTHORITY,41301.58,4,0
North Yorkshire Council,TOLLERTON PARISH COUNCIL,41197.02,8,0
Home Office,SCOTTISH POLICE SERVICE AUTHORITY,41165.58,2,0
Home Office,HOME OFFICE IT,41074.93,1,1
HM Treasury,DEPARTMENT FOR ENVIRONMENT FOOD RURAL AFFAIRS,41000.0,1,0
Department for Work and Pensions,HMRC FINANCE ACCOUNTS RECEIVABLE,41000.0,1,0
Ministry of Justice,HARTLEPOOL BOROUGH COUNCIL RC31620103,40989.08,1,0
"Department for Environment, Food and Rural Affairs",KIRKLEES METROPOLITAN COUNCIL,40968.6,1,0
Blaby District Council,NOTTINGHAM CITY COUNCIL,40945.48,28,0
Shropshire Community Health NHS Trust,SOUTH EAST STAFFORDSHIRE SEISDON PENINSULAR CCG 05Q,40930.0,1,0
Shropshire Community Health NHS Trust,ALDER HEY CHILDRENS NHS FOUNDATION TRUST,40922.2,37,0
Home Office,WAVERLEY BOROUGH COUNCIL G,40896.0,1,0
HM Revenue and Customs,HAMPSHIRE COUNTY COUNCIL,40891.28,1,0
Department of Health and Social Care,SOUTHERN HEALTH NHS,40849.0,1,0
Home Office,HM COURTS TRIBUNALS SERVICE,40821.0,1,0
Royal Borough of Greenwich,DORSET COUNTY COUNCIL,40738.31,5,0
Ministry of Justice,TRAFFORD MET BOROUGH COUNCIL RC38000001,40676.89,1,0
National Offender Management Service,CARDIFF CITY COUNCIL,40643.09,1,0
Department for Work and Pensions,MIDDLESBROUGH BOROUGH COUNCIL,40565.0,1,0
Ministry of Defence,WEST OXFORDSHIRE DISTRICE COUNCIL,40550.0,1,0
Department of Health and Social Care,CROYDON COUNCIL PP,40520.0,1,0
National Offender Management Service,SANDWELL MBC,40518.0,1,0
Department of Health and Social Care,HILLINGDON HOSPITAL NHS TRUST,40437.0,1,0
Cabinet Office,WOKINGHAM BOROUGH COUNCIL,40416.0,1,0
South Central Ambulance Service NHS Foundation Trust,NHS BERKSHIRE WEST CCG,40392.0,1,0
Cabinet Office,BROMSGROVE DISTRICT COUNCIL,40295.0,1,0
NHS Thames Valley ICB,SOUTH OXFORDSHIRE DISTRICT COUNCIL,40180.0,1,0
Uttlesford District Council,GREAT DUNMOW TOWN COUNCIL,40158.2,19,0
Ministry of Defence,LB LEWISHAM,40090.5,1,0
Ministry of Justice,SOLIHULL MET BOROUGH COUNCIL RC31620147,40018.53,1,0
"Department for Environment, Food and Rural Affairs",BOROUGH OF TELFORD WREKIN,40000.0,1,0
Wales Office,CABINET OFFICE,40000.0,2,0
The Pennine Acute Hospitals NHS Trust,CALDERDALE HUDDERSFIELD NHS TRUST,40000.0,1,0
Department of Health and Social Care,CAMBRIDGESHIRE PETERBOROUGH MENTAL HEALTH PARTNERSHIP NHS FOUNDATION TRUST,40000.0,1,0
National Institute for Health and Care Excellence,COUNTY DURHAM DARLINGTON NHS FOUNDATION TRUST,40000.0,1,0
"Department for Environment, Food and Rural Affairs",CAMBRIDGE CITY COUNCIL,40000.0,1,0
Coventry and Warwickshire Partnership NHS Trust,CAMDEN ISLINGTON NHS FOUNDATION TRUST,40000.0,2,0
National Offender Management Service,DEVON PARTNERSHIP NHS TRUST,40000.0,1,0
Cabinet Office,HAMPSHIRE COUNTY COUNCIL,40000.0,1,0
Foreign and Commonwealth Office,HAMPSHIRE POLICE AUTHORITY,40000.0,8,0
Cabinet Office,HULL CITY COUNCIL,40000.0,1,0
Cabinet Office,KENT COUNTY COUNCIL,40000.0,1,0
The National Archives,LEICESTERSHIRE COUNTY COUNCIL THE RECORD OFFICE,40000.0,1,0
"Department for Environment, Food and Rural Affairs",LONDON BOROUGH OF SOUTHWARK,40000.0,1,0
National Offender Management Service,MEDWAY PCT,40000.0,1,0
Department of Health and Social Care,NHS BEDFORDSHIRE LUTON MILTON KEYNES CCG,40000.0,1,0
Department of Health and Social Care,NHS CAMDEN CCG,40000.0,1,0
Department of Health and Social Care,NHS FAREHAM GOSPORT CCG,40000.0,2,0
Department of Health and Social Care,NHS NORTH EAST LONDON CCG,40000.0,1,0
Department of Health and Social Care,NHS NORTHAMPTONSHIRE CCG,40000.0,1,0
Department of Health and Social Care,NHS SOUTH EASTERN HAMPSHIRE CCG,40000.0,2,0
Department of Health and Social Care,NHS WEST LEICESTERSHIRE CCG,40000.0,2,0
South Central Ambulance Service NHS Foundation Trust,NORTH WEST AMBULANCE SERVICE NHS TRUST,40000.0,1,0
Home Office,ROTHERHAM NHS FOUNDATION TRUST THE G,40000.0,1,0
The National Archives,STAFFORDSHIRE COUNTY COUNCIL,40000.0,1,0
Cabinet Office,SURREY COUNTY COUNCIL,40000.0,1,0
"Department for Environment, Food and Rural Affairs",MERSEY FOREST C O CHESHIRE WEST CHESTER COUNCIL,40000.0,1,0
Ministry of Defence,PRIVATE AMBULANCE SERVICE,39999.92,1,0
Home Office,EAST SUSSEX FIRE AUTHORITY,39991.97,1,0
"Department for Environment, Food and Rural Affairs",LONDON BOROUGH OF LAMBETH,39886.45,1,0
Ministry of Justice,LONDON BOROUGH OF SUTTON RC38000001,39868.99,1,0
Department of Health and Social Care,BERKSHIRE HEALTHCARE NHS FT,39858.0,1,0
Home Office,NOTTINGHAM POLICE AUTHORITY,39839.01,1,0
North Yorkshire Council,EMBSAY WITH EASTBY PARISH COUNCIL,39817.0,3,0
National Offender Management Service,YOT WARWICKSHIRE COUNTY COUNCIL,39813.0,1,0
Blaby District Council,OADBY WIGSTON BOROUGH COUNCIL,39702.73,31,0
North Yorkshire Council,KIRKBYMOORSIDE TOWN COUNCIL PRECEPTS,39700.0,1,0
Uttlesford District Council,DEPARTMENT FOR LEVELLING UP HOUSING CO,39675.17,3,0
Department for Education,CABINET OFFICE CIVIL SUPERANNUATION,39659.0,1,0
"Foreign, Commonwealth and Development Office (FCDO)",DEVON CORNWALL POLICE,39640.47,1,0
Ministry of Justice,METROPOLITAN BOROUGH OF BURY RC38000001,39586.35,1,0
East Sussex Healthcare NHS Trust,NHS CONFEDERATION GROUP COMPANY,39532.0,1,0
"Ministry of Housing, Communities and Local Government",NOTTINGHAMSHIRE PROBATION SERVICE,39530.0,1,0
Department for Education,KINGSTON UPON HULL CITY OF,39507.0,1,0
Foreign and Commonwealth Office,BRITISH COUNCIL INDONESIA,39500.0,1,0
NHS Norfolk and Suffolk ICB - 25k Expenditure Report,NHS ENGLAND,39464.3,2,0
Ministry of Justice,LONDON BOROUGH OF SUTTON,39355.93,1,0
Blaby District Council,HMCTS,39347.66,29,0
Ministry of Justice,NORTHAMPTONSHIRE COUNTY COUNCIL,39294.96,1,0
Department for International Development,ABUJA MUNICIPAL COUNCIL,39210.52,23,0
HM Revenue and Customs,HUNTINGDONSHIRE DISTRICT COUNCIL,39199.03,1,0
Victoria & Albert Museum,WANDSWORTH BOROUGH COUNCIL,39137.48,1,0
HM Treasury,LEEDS CITY COUNCIL,39123.0,1,0
Department for Work and Pensions,NHS BUSINESS SERVICES AUTHORITY,39096.0,1,0
Department of Health and Social Care,NHS SHARED BUSINESS,39000.0,1,0
NHS Business Services Authority,ROYAL UNITED HOSPITALS BATH NHS FOUNDATI,38890.0,1,0
Department of Health and Social Care,NHS BARNSLEY CCG,38843.27,1,0
Government Legal Department,CROYDON COUNCIL,38789.0,1,0
Ministry of Justice,STOCKPORT MET BOROUGH COUNCIL RC38000001,38760.34,1,0
"Department for Environment, Food and Rural Affairs",SANDWELL METROPOLITAN BOROUGH COUNCIL,38750.0,1,0
National Institute for Health and Care Excellence,NHS LITIGATION AUTHORITY,38740.0,1,0
National Offender Management Service,HUMBERSIDE POLICE,38726.0,1,0
Ministry of Justice,MONMOUTHSHIRE COUNTY COUNCIL RC31620122,38637.64,1,0
Milton Keynes Hospital NHS Foundation Trust,OXFORD HEALTH NHS FOUNDATION TRUST,38517.11,1,0
Ministry of Defence,TAMESIDE METROPOLITAN BOROUGH COUNCIL,38495.0,1,0
Department for Work and Pensions,GREENWICH COUNCIL,38481.11,1,0
Department of Health and Social Care,ROYAL BOROUGH OF KENSINGTON CHELSEA PPE ONLY,38472.0,1,0
Foreign and Commonwealth Office,WILTSHIRE POLICE AUTHORITY,38471.65,1,0
Cabinet Office,BLACKPOOL COUNCIL,38458.48,1,0
"Department for Environment, Food and Rural Affairs",GREAT AYTON PARISH COUNCIL,38451.97,1,0
Eden District Council,DACRE PARISH COUNCIL,38442.93,4,0
Department of Health and Social Care,NHS DONCASTER CCG,38355.12,1,0
Cabinet Office,CARDIFF COUNTY COUNCIL,38332.51,1,0
Home Office,KENT COUNTY COUNCIL PASSENGER SERVICES,38320.18,1,0
National Institute for Health and Care Excellence,FRIMLEY PARK HOSPITAL NHS FOUNDATION TRUST,38251.5,1,0
Ministry of Justice,NHS NORFOLK WW00010123,38236.26,1,0
Shropshire Community Health NHS Trust,NHS ARDEN GREATER EAST MIDLANDS CSU,38205.0,5,0
Home Office,STOKE ON TRENT CITY COUNCIL,38200.0,1,0
Ministry of Defence,COUNTY DURHAM DARLINGTON NHS FOUNDATION TRUST,38152.0,1,0
Department for Work and Pensions,FALKIRK COUNCIL,38142.0,1,0
Cabinet Office,RICHMONDSHIRE DISTRICT COUNCIL,38124.0,1,0
South Gloucestershire Council,BRISTOL PCT,38096.42,12,0
North Yorkshire Council,CAMBLESFORTH PARISH COUNCIL,38030.12,3,0
UK Shared Business Services,CABINET OFFICE RM SHARED SERVICES,38026.45,82,0
National Offender Management Service,COV WARKS NHS TRUST,38000.0,1,0
National Offender Management Service,COV WARWICKSHIRE NHS TRUST,38000.0,1,0
"Ministry of Housing, Communities and Local Government",HUMBERSIDE POLICE AUTHORITY,37971.0,1,0
Home Office,ISLE OF ANGLESEY COUNTY COUNCIL 1,37933.0,1,0
Ministry of Defence,WOLVERHAMPTON CITY COUNCIL,37887.5,1,0
Department for International Development,NHS SUPPLY CHAIN,37866.0,1,0
Ministry of Justice,LEICESTERSHIRE COUNTY COUNCIL RC38000001,37770.65,1,0
Department for Work and Pensions,MORAY COUNCIL ADMIN EXCHEQUER,37700.0,1,0
Department for Work and Pensions,DORSET POLICE AUTHORITY,37683.12,1,0
Bristol City Council,DORSET COUNCIL,37580.0,3,0
Department for Work and Pensions,HERTFORDSHIRE COMMUNITY NHS TRUST,37576.0,1,0
Ministry of Justice,SOUTHEND ON SEA BOROUGH COUNCIL RC38000001,37540.95,1,0
Ministry of Defence,DEVON CORNWALL POLICE AUTHORITY,37491.9,1,0
Cabinet Office,COMMUNITY COUNCIL OF SHROPSHIRE,37460.94,1,0
Department for International Development,DESIGN 102 MINISTRY OF JUSTICE,37425.6,10,0
Coventry and Warwickshire Partnership NHS Trust,PUBLIC HEALTH ENGLAND,37395.01,1,0
Department of Health and Social Care,NORFOLK NORWICH UNIVERSITY HOSPITALS NHS FOUNDATION TRUST,37355.64,1,0
Department for Work and Pensions,WALSALL COUNCIL,37349.86,1,0
Department for Education,NOTTINGHAM COUNTY COUNCIL,37098.0,1,0
Bristol City Council,CABINET OFFICE,37063.98,6,0
Ministry of Justice,CONWY COUNTY BOROUGH COUNCIL RC31620084,37049.08,1,0
Department for Work and Pensions,GWYNEDD COUNTY COUNCIL,37030.0,1,0
Children and Family Court Advisory and Support Service,HM TREASURY T A GIAA,36985.2,2,0
Home Office,HM TREASURY TRAINING,36960.0,2,0
South Gloucestershire Council,YATE TOWN COUNCIL,36932.83,21,0
Department for Work and Pensions,BURY MBC,36877.0,1,0
Cabinet Office,CASTLE POINT BOROUGH COUNCIL,36857.0,1,0
"Department for Environment, Food and Rural Affairs",LONDON BOROUGH OF WALTHAM FOREST,36820.0,1,0
National Offender Management Service,SUFFOLK COASTAL DISTRICT COUNCIL,36805.0,1,0
NHS Norfolk and Suffolk ICB - 25k Expenditure Report,IPSWICH BOROUGH COUNCIL,36750.0,1,0
Eden District Council,OUSBY PARISH COUNCIL,36749.86,5,0
"Foreign, Commonwealth and Development Office (FCDO)",CITY OF LONDON POLICE,36642.52,1,0
Pennine Care NHS Foundation Trust,ROCHDALE METROPOLITAN BOROUGH COUNCIL,36582.64,1,0
South Gloucestershire Council,PATCHWAY TOWN COUNCIL,36539.0,5,0
HM Revenue and Customs,SALFORD CITY COUNCIL POLAR,36505.0,1,0
Department for Work and Pensions,SUFFOLK COUNTY COUNCIL 1,36490.38,1,0
UK Trade and Investment,INTERNATIONAL ASSOCIATION OF CHIEFS OF POLICE,36489.33,2,0
Equality and Human Rights Commission,SLOUGH RACE EQUALITY COUNCIL,36487.5,4,0
North Yorkshire Council,CATTERICK VILLAGE PARISH COUNCIL,36442.5,2,0
Ministry of Defence,OADBY WIGSTON BOROUGH COUNCIL,36411.0,1,0
Ministry of Justice,STAFFORDSHIRE COUNTY COUNCIL RC38000001,36384.83,1,0
HM Revenue and Customs,BIRMINGHAM CITY COUNCIL POLAR,36380.25,1,0
"Ministry of Housing, Communities and Local Government",LAND REGISTRY,36361.74,13,0
HM Revenue and Customs,CITY OF LONDON POLICE,36346.88,2,0
United Lincolnshire Hospitals NHS Trust,NHS SHEFFIELD,36238.03,1,0
Foreign and Commonwealth Office,ABUJA METROPOLITAN MANAGEMENT COUNCIL,36228.96,1,0
Department for Work and Pensions,EAST STAFFORDSHIRE BOROUGH COUNCIL,36220.0,1,0
Plymouth City Council,NORTHUMBERLAND COUNTY COUNCIL,36183.14,2,0
Ministry of Defence,CITY OF LINCOLN COUNCIL,36182.0,1,0
Home Office,LANCASHIRE FIRE RESCUE SERVICE,36167.42,1,0
Department for Energy Security and Net Zero,EAST SUFFOLK COUNCIL,36160.0,1,0
Department for Work and Pensions,SOUTH TYNESIDE COUNCIL,36093.0,1,0
Transport for Greater Manchester,DEPARTMENT FOR COMMUNITIES LOCA,36051.27,1,0
Home Office,DUMFRIES GALLOWAY NHS BOARD G,36000.0,1,0
"Department for Environment, Food and Rural Affairs",HERTFORDSHIRE COUNTY COUNCIL,36000.0,1,0
Ministry of Defence,LANCASHIRE COMBINED FIRE AUTHORITY,36000.0,1,0
East Sussex Healthcare NHS Trust,SOUTH EAST COAST AMB NHS FOUND TRUST,35982.8,1,0
Home Office,HAMPSHIRE COUNTY COUNCIL,35982.23,2,0
Department for Energy Security and Net Zero,FIFE COUNCIL,35940.0,1,0
Bristol City Council,MINISTRY OF JUSTICE,35899.0,5,0
"Ministry of Housing, Communities and Local Government",AULT HUCKNALL PARISH COUNCIL,35817.55,3,0
Blaby District Council,WHETSTONE PARISH COUNCIL,35799.31,6,0
Ministry of Justice,LONDON BOROUGH OF RICHMOND UPON THAMES RC31620138,35719.7,1,0
"Department for Environment, Food and Rural Affairs",BRIGHTON HOVE COUNCIL,35710.8,1,0
Foreign and Commonwealth Office,NATIONAL PROBATION SERVICE LONDON,35689.68,1,0
Eden District Council,THRELKELD PARISH COUNCIL,35685.33,4,0
National Offender Management Service,METROPOLITAN BOROUGH OF WIRRAL,35600.0,1,0
Ministry of Justice,DUDLEY MET BOROUGH COUNCIL RC38000001,35584.8,1,0
NHS East and North Hertfordshire CCG,NORTH WEST ANGLIA NHS FOUNDATION TRUST,35581.24,1,0
Department for Work and Pensions,DUNDEE CITY COUNCIL CHANGING FOR THE FUTURE,35446.22,1,0
Rushmoor Borough Council,BRACKNELL FOREST BOROUGH COUNCIL,35355.0,4,0
North Yorkshire Council,CONONLEY PARISH COUNCIL,35248.0,2,0
"Department for Environment, Food and Rural Affairs",SOUTH HOLLAND DISTRICT COUNCIL,35245.0,1,0
"Department for Environment, Food and Rural Affairs",SCIENCE TECHNOLOGY FACILITIES COUNCIL,35204.24,1,0
Ministry of Justice,NETWORK RAIL,35132.5,1,0
North Yorkshire Council,EAST AYTON PARISH COUNCIL,35111.5,4,0
Home Office,LONDON BOROUGH OF EALING,35046.58,1,0
Department for Education,BIS DEPARTMENT OF BUSINESS INNOVATION SKILLS,35000.0,1,0
East Sussex Healthcare NHS Trust,BRIGHTON HOVE CITY COUNCIL,35000.0,1,0
"Department for Environment, Food and Rural Affairs",BRIGHTON HOVE CITY COUNCIL,35000.0,1,0
"Foreign, Commonwealth and Development Office (FCDO)",BRITISH COUNCIL INDIA,35000.0,1,0
Home Office,CITY OF LONDON G,35000.0,1,0
The National Archives,DURHAM COUNTY COUNCIL RECORD OFFICE,35000.0,1,0
Cabinet Office,DVLA,35000.0,1,0
Ministry of Justice,FAMILY MEDIATION COUNCIL RG70213051,35000.0,1,0
"Department for Environment, Food and Rural Affairs",GNOSALL PARISH COUNCIL,35000.0,1,0
Home Office,HIGHER EDUCATION FUNDING COUNCIL FOR WALES G,35000.0,1,0
Home Office,REIGATE BANSTEAD BOROUGH COUNCIL G,35000.0,1,0
Department for Education,LAND REGISTRY COMMERCIAL SERVICES,34981.0,1,0
Home Office,NORFOLK COUNTY COUNCIL,34866.18,2,0
Department for Work and Pensions,CHELMSFORD CITY COUNCIL,34824.0,1,0
Home Office,BLAENAU GWENT COUNTY BOROUGH COUNCIL G,34764.0,1,0
Transport for Greater Manchester,STOCKPORT MBC RECEIPTS ACCOUNT,34724.35,3,0
Department for Energy Security and Net Zero,CARMARTHENSHIRE COUNTY COUNCIL,34720.0,1,0
Plymouth City Council,PLYMOUTH CENTRAL AMBULANCE SERVICE,34704.7,35,0
Department of Health and Social Care,NHS SOUTH CENTRAL,34682.79,1,0
North Yorkshire Council,HUBY PARISH COUNCIL,34664.6,8,0
Ministry of Justice,CEREDIGION COUNTY COUNCIL,34660.5,1,0
North Yorkshire Council,HEMINGBROUGH PARISH COUNCIL,34656.68,4,0
Department for Energy Security and Net Zero,HEREFORDSHIRE COUNCIL,34630.0,1,0
Portsmouth Hospital NHS Trust,NHS PORTSMOUTH CCG,34628.13,1,0
South Central Ambulance Service NHS Foundation Trust,SLOUGH BOROUGH COUNCIL RATES ONLY,34560.0,1,0
Department for Work and Pensions,EAST MIDLANDS POLICE LEGAL SERVICES,34433.0,1,0
Home Office,IPCC INDEPENDENT POLICE COMPLAINTS,34423.38,1,0
Department for Energy Security and Net Zero,CITY OF BRADFORD METROPOLITAN DISTRICT COUNCIL,34420.0,1,0
"Department for Environment, Food and Rural Affairs",BLACKBURN WITH DARWEN BOROUGH COUNCIL,34408.0,1,0
Cabinet Office,HM COURT SERVICE,34371.0,1,0
HM Revenue and Customs,WIGAN COUNCIL,34350.0,1,0
Home Office,DEVON CORNWALL POLICE,34277.5,1,0
National Offender Management Service,LONDON BOROUGH OF TOWER HAMLETS,34259.0,1,0
Department for Energy Security and Net Zero,LONDON BOROUGH OF SOUTHWARK,34230.0,1,0
Department for Energy Security and Net Zero,DONCASTER COUNCIL DONCASTER METROPOLITAN BOROUGH COUNCIL,34210.0,1,0
HM Revenue and Customs,DENBIGHSHIRE COUNTY COUNCIL,34181.5,1,0
Pennine Care NHS Foundation Trust,NHS SHARED BUSINESS SERVICES,34131.5,1,0
Ministry of Defence,LINCOLNSHIRE COMMUNITY HEALTH SERVICE NHS TRUST,34125.3,2,0
Uttlesford District Council,GREAT CHESTERFORD PARISH COUNCIL,34056.68,24,0
Eden District Council,CULGAITH PARISH COUNCIL,34031.58,4,0
Home Office,NHS CALDERDALE CLINICAL COMMISSIONING GROUP G,34000.0,1,0
Home Office,NHS EASTERN CHESHIRE CCG G,34000.0,1,0
Home Office,NHS NORTH LINCOLNSHIRE CLINICAL COMMISSIONING GROUP G,34000.0,1,0
Home Office,NHS REDDITCH BROMSGROVE CLINICAL COMMISSIONING GROUP G,34000.0,1,0
Ministry of Defence,SOUTH TYNESIDE METROPOLITANBOROUGH COUNCIL,34000.0,1,0
"Department for Digital, Culture, Media and Sport",SCOTTISH GOVERNMENT,34000.0,1,0
The National Archives,HM REVENUE CUSTOMS,33972.48,2,0
Department for Energy Security and Net Zero,CUMBERLAND COUNCIL,33960.0,1,0
Coventry and Warwickshire Partnership NHS Trust,WORCESTERSHIRE COUNTY COUNCIL,33947.6,1,0
Department for Education,SCOTTISH GOVERNMENT,33918.0,1,0
Department for Energy Security and Net Zero,HIGHLAND COUNCIL,33870.0,1,0
North Yorkshire Council,WARRINGTON BOROUGH COUNCIL,33844.83,1,0
Department for Energy Security and Net Zero,NORTH SOMERSET COUNCIL,33810.0,1,0
Ministry of Justice,EAST RIDING OF YORKSHIRE COUNCIL RC38000001,33783.8,1,0
Home Office,ROCHDALE METRO BOROUGH COUNCIL,33774.0,1,0
Plymouth City Council,CORNWALL COUNCIL,33733.73,8,0
Department of Health and Social Care,NHS NORTH STAFFORDSH,33585.0,1,0
Home Office,ISLE OF MAN POLICE FORCE,33580.64,1,0
NHS East and North Hertfordshire CCG,UNI HOSPITAL SOUTHAMPTON NHS FT,33562.05,1,0
National Institute for Health and Care Excellence,SALFORD PCT,33531.81,1,0
Department for Energy Security and Net Zero,ABERDEENSHIRE COUNCIL,33510.0,1,0
Cabinet Office,GREATER LONDON AUTHORITY,33500.0,1,0
"Department for Digital, Culture, Media and Sport",WOLVERHAMPTON CITY COUNCIL,33500.0,1,0
Department for Work and Pensions,MIDLANDS PARTNERSHIP NHS FOUNDATION TRUST,33451.0,1,0
Rushmoor Borough Council,MINISTRY OF HOUSING COMMUNITIES L GOV,33429.0,1,0
Department for Work and Pensions,WILTSHIRE SWINDON FIRE AUTHORITY,33332.0,1,0
Department of Health and Social Care,NHS GUILDFORD WAVERLEY CLINICAL COMMISSIONING GROUP,33310.0,1,0
Ministry of Justice,WOKING BOROUGH COUNCIL,33307.8,1,0
National Offender Management Service,HAMPSHIRE POLICE AUTHORITY,33270.0,1,0
Ministry of Justice,WORTHING BOROUGH COUNCIL,33248.04,3,0
Department for Energy Security and Net Zero,LIVERPOOL CITY COUNCIL,33210.0,1,0
Ministry of Defence,POLICE CRIME COMMISSIONER FOR WILTSHIRE,33162.04,1,0
North Yorkshire Council,KELLINGTON PARISH COUNCIL,33150.68,5,0
Department of Health and Social Care,DEPARTMENT FOR INTERNATIONAL DEVELOPMENT DFID,33131.44,1,0
The Pennine Acute Hospitals NHS Trust,NHS MANCHESTER,33126.74,1,0
Home Office,LONDON BOROUGH OF ISLINGTON,33120.0,1,0
The National Archives,BATH N E SOMERSET COUNCIL,33085.0,1,0
Salisbury NHS Foundation Trust,NHS DORSET CCG,33019.91,1,0
The Pennine Acute Hospitals NHS Trust,OXFORD HEALTH NHS FOUNDATION TRUST RNU,33002.0,1,0
Department for Energy Security and Net Zero,OFFICE FOR NATIONAL STATISTICS,33000.0,1,0
"Department for Environment, Food and Rural Affairs",OLDHAM METROPOLITAN BOROUGH COUNCIL,33000.0,1,0
North Yorkshire Council,SHERBURN PARISH COUNCIL,33000.0,2,0
United Lincolnshire Hospitals NHS Trust,BEDFORD HOSPITAL NHS TRUST,32996.1,1,0
National Offender Management Service,NHS BEDFORDSHIRE,32952.5,1,0
Uttlesford District Council,ENVIRONMENT AGENCY,32895.0,31,0
Department for Work and Pensions,SOUTH STAFFORDSHIRE COUNCIL,32894.0,1,0
HM Revenue and Customs,GENERAL COUNCIL OF THE BAR,32882.73,1,0
The Pennine Acute Hospitals NHS Trust,ROYAL LIVERPOOL BROADGREEN HSP NHS TRS,32835.0,1,0
National Offender Management Service,BIS DEPARTMENT FOR BUSINESS INNOVATION SKILLS,32760.0,1,0
Department for Energy Security and Net Zero,CITY OF EDINBURGH COUNCIL,32760.0,1,0
HM Revenue and Customs,ST EDMUNDSBURY BOROUGH COUNCIL,32734.5,2,0
Ministry of Justice,SHROPSHIRE COUNTY COUNCIL RC31620144,32721.41,1,0
Home Office,DEPARTMENT FOR CHILDREN,32705.25,3,0
Department for Energy Security and Net Zero,EAST LINDSEY DISTRCIT COUNCIL,32700.0,1,0
Ministry of Justice,SUNDERLAND CITY COUNCIL RC31620158,32698.8,1,0
Department of Health and Social Care,NHS VALE OF YORK CCG 03Q,32652.5,1,0
Department for Energy Security and Net Zero,WYCHAVON DISTRICT COUNCIL,32620.0,1,0
Children and Family Court Advisory and Support Service,BRIGHTON HOVE CITY COUNCIL,32585.0,1,0
Cabinet Office,NORTH NORFOLK DISTRICT COUNCIL,32517.0,1,0
Department for Education,GENERAL SOCIAL CARE COUNCIL,32491.57,2,0
Department of Health and Social Care,LEICESTERSHIRE POLICE AUTHORITY,32400.0,1,0
HM Revenue and Customs,LAW OFFICERS DEPT OF THE JERSEY GOV,32400.0,1,0
National Offender Management Service,SEFTON MBC,32400.0,1,0
National Offender Management Service,SOUTHWARK COUNCIL,32350.0,1,0
Department for Energy Security and Net Zero,NORTH NORTHAMPTONSHIRE COUNCIL,32340.0,1,0
Ministry of Justice,DEVON COUNTY COUNCIL RC38000001,32333.62,1,0
Foreign and Commonwealth Office,POLICE CRIME COMMISSIONER FOR AVON SOMERSET CONSTABULARY,32300.79,1,0
Ministry of Justice,WARWICKSHIRE COUNTY COUNCIL RC38000001,32295.43,1,0
Home Office,BURNLEY BOROUGH COUNCIL G,32262.0,1,0
National Offender Management Service,BOROUGH COUNCIL OF WELLINGBOROUGH,32256.59,1,0
Department of Health and Social Care,NHS TRAFFORD CCG,32239.57,1,0
The National Archives,DEPARTMENT FOR CULTURE MEDIA SPORT,32219.86,3,0
North Yorkshire Council,CLIFFE PARISH COUNCIL,32185.4,4,0
North Yorkshire Council,GREAT OUSEBURN PARISH COUNCIL,32185.06,5,0
The Pennine Acute Hospitals NHS Trust,OXFORD HEALTH NHS FT,32184.0,1,0
Ministry of Justice,NORTHUMBERLAND COUNTY COUNCIL,32155.03,1,0
Children and Family Court Advisory and Support Service,BIRMINGHAM CITY COUNCIL RATES,32095.0,1,0
Eden District Council,CROSBY RAVENSWORTH PARISH COUNCIL,32045.47,4,0
Shropshire Community Health NHS Trust,STAFFORDSHIRE STOKE ON TRENT PARTNERSHIP NHS TRUST,32018.75,2,0
Ministry of Justice,CAMBRIDGESHIRE PENSION FUND AE10410080,32000.0,1,0
Home Office,NHS HARINGEY CLINICAL COMMISSIONING GROUP G,32000.0,1,0
National Offender Management Service,DAVENTRY DISTRICT COUNCIL,31937.14,1,0
Transport for Greater Manchester,MANCHESTER CITY COUNCIL PLANNING,31911.91,10,0
Ministry of Justice,SURREY COUNTY COUNCIL RC38000001,31883.66,1,0
Ministry of Justice,SOMERSET COUNTY COUNCIL RC31620148,31873.36,1,0
Maidstone and Tunbridge Wells NHS Trust,SOUTH LONDON MAUDSLEY NHS TRUST,31840.0,1,0
Cabinet Office,ALLERDALE BOROUGH COUNCIL,31829.0,1,0
HM Revenue and Customs,DEPARTMENT OF THE ENVIRONMENT,31791.9,1,0
Department for Energy Security and Net Zero,LONDON BOROUGH OF EALING,31790.0,1,0
Ministry of Defence,WILTSHIRE FIRE RESCUE SERVICE,31787.0,1,0
Department for Education,BRITISH TRANSPORT POLICE,31775.0,1,0
Bristol City Council,AVON FIRE RESCUE,31747.3,8,0
Home Office,BRISTOL PRIMARY CARE TRUST G,31707.75,1,0
Home Office,POLICE CRIME COM NOTT SHIRE,31698.98,2,0
The Pennine Acute Hospitals NHS Trust,LEEDS TEACHING HOSPITALS NHS TRUST,31698.32,1,0
North Yorkshire Council,GOLDSBOROUGH FLAXBY GROUPED PARISH COUNCIL,31698.26,5,0
"Ministry of Housing, Communities and Local Government",PARTNERSHIP COUNCIL,31686.59,4,0
"Foreign, Commonwealth and Development Office (FCDO)",HAMPSHIRE COUNTY COUNCIL,31590.0,1,0
Foreign and Commonwealth Office,UK MINISTRY OF JUSTICE,31584.47,2,0
Cabinet Office,TORFAEN COUNTY BOROUGH COUNCIL,31576.0,1,0
Ministry of Justice,LONDON BOROUGH OF LAMBETH RC31620022,31569.0,1,0
Bristol City Council,LONDON BOROUGH OF EALING,31533.33,1,0
Blaby District Council,ENDERBY PARISH COUNCIL,31504.31,26,0
National Offender Management Service,BEDFORDSHIRE POLICE AUTHORITY,31500.0,1,0
Home Office,ROYAL CANADIAN MOUNTED POLICE,31460.39,1,0
Ministry of Justice,SALFORD CITY COUNCIL,31455.03,1,0
NHS Norfolk and Suffolk ICB - 25k Expenditure Report,NHS ARDEN GEM CSU,31438.0,1,0
"Foreign, Commonwealth and Development Office (FCDO)",HERTFORDSHIRE CONSTABULARY,31407.71,1,0
Department of Health and Social Care,COMPLEMENTARY NATURAL HEALTHCARE COUNCIL,31397.0,1,0
Ministry of Defence,WYCOMBE BOROUGH COUNCIL,31321.5,1,0
Department for Education,DEPARTMENT FOR TRANSPORT,31284.82,2,0
Shropshire Community Health NHS Trust,SHROPSHIRE COMMUNITY HEALTH NHS TRUST,31215.5,135,1
Cabinet Office,FOREST HEATH DISTRICT COUNCIL,31209.0,1,0
Foreign and Commonwealth Office,NATIONAL COUNCIL OF APPLIED ECONOMIC RESEARCH,31205.0,1,0
Ministry of Defence,UK SPECIALIST AMBULANCE SERVICES,31200.0,1,0
Pennine Care NHS Foundation Trust,NHS ARDEN GREATER EAST MIDLANDS CSU,31197.0,1,0
Cabinet Office,FYLDE BOROUGH COUNCIL,31189.0,1,0
HM Revenue and Customs,STOCKPORT MET BOROUGH COUNCIL POLAR,31115.0,1,0
Department for International Development,BRITISH COUNCIL INDIA,31106.18,4,0
North Yorkshire Council,GIGGLESWICK PARISH COUNCIL,31102.24,3,0
Bristol City Council,DVLA SWANSEA INVOICE ONLY,31086.0,21,0
Ministry of Justice,CARMARTHENSHIRE COUNTY COUNCIL RC38000001,31031.19,1,0
Bristol City Council,NORTH DEVON DISTRICT COUNCIL,31030.0,3,0
Department for Education,ROYAL COUNTY OF BERKSHIRE PENSION FUND,31024.67,3,0
Home Office,DEPARTMENT FOR INTERNATIONAL DEVELOPMENT G,31000.0,1,0
Whittington Hospital NHS Trust,GREAT ORMOND STREET HOSPITAL NHS TRUST,31000.0,1,0
Isle of Wight NHS Trust,NORTHUMBERLAND TYNE WEAR NHS FOUNDATION TRUST,31000.0,1,0
National Offender Management Service,WILTSHIRE POLICE,31000.0,1,0
Royal Borough of Greenwich,HM LAND REGISTRY NW,30999.9,19,0
Home Office,LONDON BOROUGH OF BARKING,30989.59,1,0
Eden District Council,GREAT SALKELD PARISH COUNCIL,30959.55,4,0
Bristol City Council,TORBAY COUNCIL,30958.26,9,0
Department of Health and Social Care,NHS NORTH WEST LONDON CLINICAL COMMISSIONING GROUP CENTRAL LONDON BOROUGH,30934.0,1,0
HM Revenue and Customs,TORRIDGE DISTRICT COUNCIL,30915.0,1,0
Home Office,NORTHAMPTONSHIRE COUNTY COUNCIL 1 G,30894.13,1,0
Department for Education,NOTTINGHAMSHIRE CITY OF NOTTINGHAM FIRE AUTHORITY,30853.97,1,0
Department for Energy Security and Net Zero,NEW FOREST DISTRICT COUNCIL,30850.0,1,0
Ministry of Justice,VALUATION OFFICE AGENCY AJ10100502,30842.18,1,0
George Eliot Hospital NHS Trust,NHS ARDEN GREATER EAST MIDLANDS CSU,30810.0,1,0
Natural History Museum,HM REVENUE CUSTOMS,30806.12,7,0
"Foreign, Commonwealth and Development Office (FCDO)",BRITISH COUNCIL KUWAIT,30728.92,1,0
NHS East and North Hertfordshire CCG,DARTFORD GRAVESHAM NHS TRUST,30701.63,1,0
Ministry of Justice,CHESHIRE WEST CHESTER COUNCIL RC38000001,30659.73,1,0
Department for Work and Pensions,BOROUGH OF PENDLE,30619.0,1,0
National Offender Management Service,KNOWSLEY MBC,30600.0,1,0
Foreign and Commonwealth Office,INDIAN COUNCIL FOR RESEARCH ON INTERNATIONAL ECONOMIC RELATIONS ICRIER,30575.0,1,0
North Yorkshire Council,BRAFFERTON HELPERBY PARISH COUNCIL,30551.11,5,0
National Institute for Health and Care Excellence,NHS NEL CSU,30509.0,1,0
Ministry of Justice,BRIGHTON HOVE COUNCIL RC38000001,30508.82,1,0
South Gloucestershire Council,SOUTH GLOS COUNCIL TAX,30504.62,4,0
Department for Energy Security and Net Zero,SOUTH LANARKSHIRE COUNCIL,30480.0,1,0
Ministry of Defence,LEICESTER CITY COUNCIL,30457.0,1,0
Department for International Development,BRITISH COUNCIL TSH,30451.1,3,0
Department for Work and Pensions,INCLUSION MIDLANDS PARTNERSHIP NHS FOUNDATION TRUST,30443.0,1,0
Home Office,GREATER MANCHESTER WEST NHS TRUST,30438.4,2,0
Eden District Council,DURHAM COUNTY COUNCIL,30438.0,5,0
Uttlesford District Council,FLITCH GREEN PARISH COUNCIL,30394.65,6,0
Uttlesford District Council,ESSEX FIRE AUTHORITY,30387.8,13,0
The National Archives,CONWY COUNTY BOROUGH COUNCIL,30347.81,2,0
Cabinet Office,HART DISTRICT COUNCIL,30326.0,1,0
"Ministry of Housing, Communities and Local Government",WESTMINSTER CITY COUNCIL PENSIONS,30283.2,4,0
Home Office,KIRKLEES METROPOLITAN COUNCIL 1,30259.2,1,0
North Yorkshire Council,LONG PRESTON PARISH COUNCIL,30250.0,2,0
Department for Energy Security and Net Zero,CITY OF LONDON,30227.31,1,0
"Department for Environment, Food and Rural Affairs",BOLTON METROPOLITAN DISTRICT COUNCIL,30178.16,1,0
Pennine Care NHS Foundation Trust,NHS BSA PRESCRIPTION PRICING DIVISION,30149.37,1,0
Department for Energy Security and Net Zero,MAIDSTONE BOROUGH COUNCIL,30140.0,1,0
Home Office,DYFED POWYS POLICE FUND MAIN,30133.64,1,0
North Yorkshire Council,HINDERWELL PARISH COUNCIL,30125.56,8,0
Department for Energy Security and Net Zero,SOUTH GLOUCESTERSHIRE COUNCIL,30110.0,1,0
Eden District Council,BOLTON PARISH COUNCIL,30001.67,5,0
Department for Education,AVON SOMERSET CONSTABULARY,30000.0,1,0
Department for Work and Pensions,BRECKLAND COUNCIL,30000.0,1,0
Ministry of Defence,COUNCIL OF RFCAS,30000.0,1,0
National Offender Management Service,CALDERDALE PCT,30000.0,1,0
National Offender Management Service,CHESHIRE WIRRAL PARTNERSHIP NHS FOUNDATION TRUST,30000.0,1,0
"Department for Environment, Food and Rural Affairs",COUNTRYSIDE COUNCIL FOR WALES,30000.0,1,0
"Department for Digital, Culture, Media and Sport",DEPT FOR CULTURE ARTS LEISURE,30000.0,1,0
Victoria & Albert Museum,DUNDEE CITY COUNCIL,30000.0,1,0
National Offender Management Service,GREATER MANCHESTER POLICE,30000.0,1,0
Ministry of Defence,HARINGEY COUNCIL,30000.0,1,0
National Offender Management Service,HERTFORDSHIRE POLICE AUTHORITY,30000.0,1,0
Home Office,KNOWSLEY CLINICAL COMMISSIONING GROUP G,30000.0,1,0
UK Sport,LEEDS CITY COUNCIL,30000.0,1,0
Uttlesford District Council,LONDON BOROUGH OF HARINGEY,30000.0,3,0
"Department for Environment, Food and Rural Affairs",LONDON BOROUGH OF HAVERING,30000.0,1,0
National Offender Management Service,MUSLIM COUNCIL OF WALES,30000.0,1,0
"Department for Environment, Food and Rural Affairs",MEDWAY COUNCIL,30000.0,1,0
Home Office,NHS HIGH WEALD LEWES HAVENS CLINICAL COMMISSIONING GROUP G,30000.0,1,0
Former council of North Yorkshire,NHS NORTH OF ENGLAND COMMISSIONING UNIT,30000.0,5,0
Bristol City Council,NHS SOUTH CENTRAL WEST COMMISSIONING SUPPORT UNIT,30000.0,1,0
National Offender Management Service,NORTHAMPTONSHIRE POLICE,30000.0,1,0
Department of Health and Social Care,TORBAY SOUTHERN DEVON HEALTH CARE NHS TRUST,30000.0,1,0
Home Office,WOKINGHAM DISTRICT COUNCIL G,30000.0,1,0
Department for Work and Pensions,CNWL NHS FOUNDATION TRUST,29987.0,1,0
Department for Education,MERSEY CARE NHS FOUNDATION TRUST,29978.12,1,0
Department for Work and Pensions,DEPARTMENT OF HELATH SOCIAL CARE,29889.0,1,0
"Department for Digital, Culture, Media and Sport",DACORUM BOROUGH COUNCIL,29869.18,12,0
Shropshire Community Health NHS Trust,UNIVERSITY HOSPITAL BIRMINGHAM NHS FOUNDATION TRUST,29824.14,44,0
Royal Borough of Greenwich,CITY OF WESTMINSTER,29788.66,8,0
National Offender Management Service,RHONDDA CYNON TAFF BOROUGH COUNCIL,29768.92,1,0
Department for Education,SALFORD ROYAL NHS FOUNDATION TRUST,29763.63,1,0
"Department for Environment, Food and Rural Affairs",WEST BERKSHIRE DISTRICT COUNCIL,29750.0,1,0
Ministry of Justice,CHESHIRE EAST COUNCIL AR10110220 A,29717.99,1,0
Cabinet Office,SPELTHORNE BOROUGH COUNCIL,29711.0,1,0
South Central Ambulance Service NHS Foundation Trust,EASTBOURNE BOROUGH COUNCIL RATES ONLY,29696.0,1,0
Department for International Development,DEPARTMENT OF DISASTER MANAGEMENT,29694.63,2,0
NHS East and North Hertfordshire CCG,CENTRAL LONDON COMMUNITY HEALTHCARE NHS TRUST,29664.93,1,0
Foreign and Commonwealth Office,PUBLIC HEALTH ENGLAND,29627.0,1,0
Department for International Development,GOVT EMPLOYERS HMRC,29623.76,5,0
"Foreign, Commonwealth and Development Office (FCDO)",BRITISH COUNCIL SENEGAL,29563.0,1,0
Department for Energy Security and Net Zero,TEIGNBRIDGE DISTRICT COUNCIL,29550.0,1,0
Department for Work and Pensions,ALLERDALE BOROUGH COUNCIL,29537.0,1,0
Home Office,NORTH SOMERSET DISTRICT COUNCIL 1,29529.9,1,0
Department for Education,PENNINE ACUTE HOSPITALS NHS TRUST,29484.47,1,0
Home Office,DONCASTER METROPOLITAN BOROUGH COUNCIL,29444.0,1,0
Ministry of Defence,WALSALL COUNCIL,29441.1,1,0
South Central Ambulance Service NHS Foundation Trust,BUCKINGHAMSHIRE COUNCIL RATES ONLY,29440.0,1,0
Shropshire Community Health NHS Trust,NHS CONFEDERATION,29434.6,19,0
The National Archives,HERTFORDSHIRE COUNTY COUNCIL HERTFORDSHIRE ARCHIVES LOCAL STUDIES,29432.24,1,0
Home Office,NORTHAMPTONSHIRE POLICE AUTH,29425.17,2,0
"Department for Digital, Culture, Media and Sport",ECONOMIC SOCIAL RESEARCH COUNCIL,29422.0,1,0
Department for Work and Pensions,VELINDRE NHS TRUST,29404.0,1,0
North Yorkshire Council,SNAINTON PARISH COUNCIL,29395.61,8,0
Cabinet Office,NORTH DORSET DISTRICT COUNCIL,29355.0,1,0
North Yorkshire Council,HELLIFIELD PARISH COUNCIL,29305.0,3,0
"Department for Digital, Culture, Media and Sport",EAST SUSSEX FIRE AUTHORITY,29249.0,1,0
United Lincolnshire Hospitals NHS Trust,NHS NORTHAMPTONSHIRE CCG,29200.0,1,0
Department for Work and Pensions,DTZ RE CROWN PROSECUTION SERVICES,29199.0,1,0
Former council of North Yorkshire,CITY OF BRADFORD METROPOLITAN DISTRICT COUNCIL,29187.85,1,0
Ministry of Justice,WATFORD BOROUGH COUNCIL,29113.0,1,0
Bristol City Council,BATH NORTH EAST SOMERSET COUNCIL CHILDREN SOCIAL CARE,29112.0,2,0
South Central Ambulance Service NHS Foundation Trust,MILTON KEYNES HOSPITAL NHS FOUNDATION,29101.0,1,0
Ministry of Justice,HAMPSHIRE POLICE AUTHORITY HAMPSHIRE CONSTABULARY,29091.0,3,0
Ministry of Defence,CEREDIGION COUNTY COUNCIL,29089.5,1,0
Cabinet Office,GREENWICH LONDON BOROUGH COUNCIL,29076.13,1,0
The Pennine Acute Hospitals NHS Trust,TAUNTON SOMERSET NHS TRUST,28990.0,1,0
Ministry of Justice,HEREFORDSHIRE COUNTY COUNCIL RC31620175,28986.77,1,0
Ministry of Justice,NORTH SOMERSET COUNCIL RC38000001,28915.63,1,0
Ministry of Justice,CHESHIRE WEST CHESTER COUNCIL AR10110220 B,28913.0,1,0
Office of Rail and Road,DEPARTMENT FOR DIGITAL CULTURE MEDIA SPORT,28891.25,1,0
Former council of North Yorkshire,WAKEFIELD METROPOLITAN DISTRICT COUNCIL,28887.62,6,0
Cabinet Office,NORTH DEVON DISTRICT COUNCIL,28875.0,1,0
HM Revenue and Customs,ABERDEENSHIRE COUNCIL,28854.0,1,0
Ministry of Defence,NORTHAMPTON BOROUGH COUNCIL,28854.0,1,0
Department for Energy Security and Net Zero,KIRKLEES METROPOLITAN COUNCIL,28830.0,1,0
"Foreign, Commonwealth and Development Office (FCDO)",KENT COUNTY CONSTABULARY,28809.27,1,0
Ministry of Justice,CORNWALL COUNTY COUNCIL RC38000001,28800.9,1,0
Cabinet Office,SOUTHWARK COUNCIL,28714.04,1,0
Coventry and Warwickshire Partnership NHS Trust,BLACK COUNTRY HEALTHCARE NHS FT,28703.75,2,0
NHS Business Services Authority,BOLTON NHS FOUNDATION TRUST,28691.62,1,0
Cabinet Office,MERTHYR TYDFIL COUNTY BOROUGH COUNCIL,28671.0,1,0
National Offender Management Service,COVENTRY CITY COUNCIL,28665.0,1,0
Maidstone and Tunbridge Wells NHS Trust,OXFORD UNIVERSITY HOSPITALS NHS FOUND TR,28651.98,1,0
"Ministry of Housing, Communities and Local Government",CHESTERFIELD PRIMARY CARE TRUST,28621.72,8,0
Department for Work and Pensions,GENERAL COUNCIL OF THE BAR,28602.35,1,0
Maidstone and Tunbridge Wells NHS Trust,NHS SOUTH WEST LONDON CCG,28600.0,1,0
Cabinet Office,UTTLESFORD DISTRICT COUNCIL,28593.0,1,0
Ministry of Justice,BARNSLEY MET BOROUGH COUNCIL RC31620063,28540.7,1,0
Ministry of Defence,CEREDIGION COUNTY BOROUGH COUNCIL,28536.0,1,0
National Offender Management Service,SOUTH TYNESIDE MBC,28511.0,1,0
Ministry of Defence,WEST SUSSEX COUNTY COUNCIL,28500.0,1,0
Department for Work and Pensions,BRENTWOOD BOROUGH COUNCIL,28457.0,1,0
Home Office,POLICE CRIME COM ESSEX,28455.35,2,0
Department for Energy Security and Net Zero,PEMBROKESHIRE COUNTY COUNCIL,28440.0,1,0
Ministry of Defence,TAUNTON DEANE BOROUGH COUNCIL TOTAL,28438.0,1,0
Ministry of Justice,MONMOUTHSHIRE COUNTY COUNCIL RC38000001,28426.4,1,0
National Offender Management Service,LONDON BOROUGH OF HAMMERSMITH FULHAM,28420.0,1,0
Blaby District Council,VALUATION OFFICE AGENCY,28397.84,23,0
North Yorkshire Council,BEVERLEY AMBULANCE SERVICE,28390.0,11,0
UK Trade and Investment,CITY OF LONDON,28375.7,10,0
Royal Borough of Greenwich,HMRC PAYE SELF ASSESSMENTS,28283.04,2,0
South Central Ambulance Service NHS Foundation Trust,PLATINUM AMBULANCE SERVICE,28268.07,1,0
Ministry of Justice,BLACKPOOL COUNCIL,28256.99,1,0
Eden District Council,GREYSTOKE PARISH COUNCIL,28240.94,4,0
Home Office,COUNTY DURHAM DARLINGTON FIRE RESCUE SERVICE,28217.53,1,0
The National Archives,DURHAM COUNTY COUNCIL,28186.85,2,0
South Central Ambulance Service NHS Foundation Trust,PORTSMOUTH HOSPITALS NHS TRUST,28167.59,1,0
National Institute for Health and Care Excellence,CAMBRIDGE UNIVERSITY HOSPITALS NHS FOUNDATION TRUST,28119.0,1,0
"Department for Science, Innovation and Technology",DUDLEY GROUP NHS FOUNDATION TRUST,28114.37,1,0
Maidstone and Tunbridge Wells NHS Trust,NHS PROFESSIONALS,28083.58,4,0
Home Office,PLYMOUTH CITY COUNCIL,28072.91,1,0
Ministry of Defence,WEST MIDLANDS POLICE E P BARRUS,28065.17,1,0
Ministry of Justice,CHESHIRE WEST CHESTER COUNCIL AR10110271,28020.65,1,0
North Yorkshire Council,CARLTON TOWN PARISH COUNCIL,28000.0,2,0
The Pennine Acute Hospitals NHS Trust,NORTH WEST AMBULANCE SERVICE NHST,28000.0,1,0
National Offender Management Service,ROCHDALE MET BOROUGH COUNCIL,27994.78,1,0
Department for Work and Pensions,LIVERPOOL HEART CHEST HOSPITAL NHS FOUNDATION TRUST,27994.0,1,0
The National Archives,GLAMORGAN ARCHIVES CARDIFF COUNCIL,27969.18,1,0
North Yorkshire Council,WEST AYTON PARISH COUNCIL,27966.97,5,0
Department of Health and Social Care,VALUATION OFFICE AGENCY VOA,27960.0,1,0
Rushmoor Borough Council,READING BOROUGH COUNCIL,27950.0,2,0
Isle of Wight NHS Trust,NHS SOUTH CENTRAL WEST COMMISSIONING SUPPORT UNIT,27928.0,1,0
Ministry of Justice,CHESHIRE WEST CHESTER COUNCIL AR10110300,27849.21,1,0
Salisbury NHS Foundation Trust,MOORFIELDS EYE HOSPITAL FOUNDATION TRUST,27848.4,2,0
Foreign and Commonwealth Office,BRIGHTON HOVE CITY COUNCIL,27768.0,2,0
South Gloucestershire Council,HIGHWAYS AGENCY,27735.81,2,0
"Department for Digital, Culture, Media and Sport",PORTSMOUTH CITY COUNCIL,27655.0,1,0
"Foreign, Commonwealth and Development Office (FCDO)",NATIONAL COUNCIL OF APPLIED ECONOMIC RESEARCH,27578.0,1,0
Home Office,SOUTH CAMBS DISTRICT COUNCIL G,27552.28,1,0
Equality and Human Rights Commission,HOME OFFICE ACCOUNTS RECEIVEABLE,27551.58,4,0
Department for Energy Security and Net Zero,CHELMSFORD CITY COUNCIL,27550.0,1,0
South Central Ambulance Service NHS Foundation Trust,NHS BUSINESS SERVICES AUTHORITY,27542.0,1,0
Foreign and Commonwealth Office,SCIENCE TECHNOLOGY FACILITIES COUNCIL,27523.44,1,0
Department for Energy Security and Net Zero,SOUTH OXFORDSHIRE DISTRICT COUNCIL,27520.0,1,0
Ministry of Defence,HAMPSHIRE POLICE AUTHORITY,27500.0,1,0
North Yorkshire Council,NHS NORTH OF ENGLAND COMMISSIONING UNIT,27500.0,10,0
Ministry of Defence,NORTH LANARKSHIRE COUNCIL,27500.0,1,0
National Offender Management Service,CARMARTHENSHIRE COUNTY COUNCIL,27450.0,1,0
Department for Work and Pensions,AMBER VALLEY BOROUGH COUNCIL HB,27381.0,1,0
Home Office,CHELMSFORD BOROUGH COUNCIL G,27364.05,1,0
Salisbury NHS Foundation Trust,UNIVERSITY HOSPITALS PLYMOUTH NHS TRUST,27353.44,1,0
North Yorkshire Council,MIDDLETON TYAS PARISH COUNCIL,27350.0,3,0
Department of Health and Social Care,CARDIFF COUNCIL,27284.6,1,0
National Offender Management Service,LONDON BOROUGH OF EALING,27282.0,1,0
Home Office,HASTINGS BOROUGH COUNCIL 1 G,27264.0,1,0
Home Office,MOLE VALLEY DISTRICT COUNCIL G,27264.0,1,0
Royal Borough of Greenwich,SUSSEX COMMUNITY NHS TRUST,27262.71,7,0
Department for Energy Security and Net Zero,STRATFORD ON AVON DISTRICT COUNCIL,27250.0,1,0
Home Office,HOME OFFICE PAY SERVICE,27244.01,12,1
Pennine Care NHS Foundation Trust,MERSEY CARE NHS FOUNDATION TRUST,27238.0,1,0
Ministry of Justice,CHESHIRE EAST COUNCIL AR10110271,27210.42,1,0
Ministry of Justice,CHESHIRE EAST COUNTY COUNCIL RC38000001,27188.82,1,0
UK Trade and Investment,UK FILM COUNCIL,27160.0,4,0
HM Revenue and Customs,ENVIRONMENT AGENCY,27150.0,1,0
Department for Education,CENTRAL LONDON COMMUNITY HEALTHCARE NHS TRUST,27100.0,1,0
Ministry of Defence,GLASGOW COUNCIL,27082.5,1,0
Home Office,DYFED POWYS POLICE AUTHORITY,27068.01,1,0
Ministry of Defence,ROTHERHAM MBC,27022.0,1,0
NHS East and North Hertfordshire CCG,NHS GREATER GLASGOW CLYDE,27004.0,1,0
Isle of Wight NHS Trust,SOMERSET NHS FOUNDATION TRUST,27000.0,1,0
Plymouth City Council,SWINDON BOROUGH COUNCIL,27000.0,1,0
The National Archives,WEST SUSSEX COUNTY COUNCIL,27000.0,2,0
Ministry of Justice,STOCKTON ON TEES BOROUGH COUNCIL RC38000001,26959.69,1,0
"Department for Environment, Food and Rural Affairs",MIDDLESBOROUGH COUNCIL,26959.2,1,0
Bristol City Council,MONMOUTHSHIRE COUNTY COUNCIL,26937.5,13,0
National Institute for Health and Care Excellence,SHEFFIELD CHILDRENS NHS FOUNDATION TRUST,26898.12,1,0
Ministry of Defence,ROCHFORD DISTRICT COUNCIL,26896.97,1,0
NHS Norfolk and Suffolk ICB - 25k Expenditure Report,COLCHESTER BOROUGH COUNCIL,26867.1,4,0
Ministry of Defence,CAERPHILLY COUNTY BOROUGH COUNCIL,26862.0,1,0
Cabinet Office,EDEN DISTRICT COUNCIL,26861.0,1,0
Department for Work and Pensions,DONCASTER METROPOLITAN BOROUGH COUNCIL UC,26860.0,1,0
Department of Health and Social Care,LONDON BOROUGH OF HI,26858.0,1,0
Cabinet Office,DAVENTRY DISTRICT COUNCIL,26857.0,1,0
Rushmoor Borough Council,DEPARTMENT FOR SCIENCE INNOVATION TECH,26853.48,2,0
Eden District Council,TEMPLE SOWERBY PARISH COUNCIL,26840.78,4,0
National Institute for Health and Care Excellence,OXFORD UNIVERSITY HOSPITALS NHS FOUNDATION TRUST,26820.0,1,0
Veterinary Laboratories Agency,ENVIRONMENT AGENCY,26815.65,1,0
Eden District Council,HUNSONBY PARISH COUNCIL,26799.23,6,0
Cabinet Office,BRENTWOOD BOROUGH COUNCIL,26798.0,1,0
Department of Health and Social Care,GREENWICH COUNCIL,26789.61,1,0
Department for Work and Pensions,WIRRAL MBC,26777.0,1,0
Department of Health and Social Care,NHS SOUTH DEVON TORBAY CCG,26733.0,1,0
Ministry of Justice,GREATER MANCHESTER HIGH SHERIFF S POLICE TRUST,26700.0,1,0
Department for Energy Security and Net Zero,POWYS COUNTY COUNCIL,26700.0,1,0
Department for Work and Pensions,SOUTHERN HEALTH NHS FOUNDATION TRUST,26692.0,1,0
Home Office,MIDDLESBROUGH COUNCIL 1 G,26687.5,1,0
Eden District Council,MORLAND PARISH COUNCIL,26600.18,5,0
Department for Energy Security and Net Zero,CROYDON COUNCIL,26600.0,1,0
Department for Work and Pensions,NHS WESTERN ISLES,26600.0,1,0
Isle of Wight NHS Trust,NHS NORTH OF ENGLAND CSU,26579.0,1,0
Whittington Hospital NHS Trust,GREAT ORMOND ST HOSPITAL FOR CHILD NHS TRUST,26567.49,1,0
Ministry of Defence,MANSFIELD DISTRICT COUNCIL,26564.0,1,0
Ministry of Justice,POLICE CRIME COMMISSIONER FOR GLOUCESTERSHIRE,26564.0,1,0
Department for Energy Security and Net Zero,ARUN DISTRICT COUNCIL,26560.0,1,0
Blaby District Council,LEICESTERSHIRE CONSTABULARY,26544.91,12,0
South Central Ambulance Service NHS Foundation Trust,WEST MIDLANDS AMBULANCE NHS FT,26519.71,1,0
North Yorkshire Council,WOMERSLEY PARISH COUNCIL,26500.0,2,0
Ministry of Defence,ST HELENS METROPOLITAN BOROUGH COUNCIL,26484.0,1,0
"Department for Environment, Food and Rural Affairs",CARLISLE CITY COUNCIL,26480.5,1,0
Department for Energy Security and Net Zero,TENDRING DISTRICT COUNCIL,26480.0,1,0
Coventry and Warwickshire Partnership NHS Trust,NORTHAMPTONSHIRE HEALTHCARE NHS FT,26477.0,1,0
UK Trade and Investment,UK ASEAN BUSINESS COUNCIL,26457.0,2,0
"Foreign, Commonwealth and Development Office (FCDO)",DEPARTMENT FOR BUSINESS INNOVATION SKILLS,26408.16,1,0
North Yorkshire Council,TOPCLIFFE PARISH COUNCIL,26402.5,2,0
Home Office,NHS OLDHAM CLINICAL COMMISSIONING GROUP CCG G,26400.0,1,0
Home Office,NHS STOCKPORT PRIMARY CARE TRUST G,26400.0,1,0
East Sussex Healthcare NHS Trust,KENT COMM HEALTH NHS FOUNDATION TRUST,26384.0,1,0
Ministry of Justice,NORTH TYNESIDE COUNCIL RC31620128,26383.88,1,0
Department of Health and Social Care,CALDERDALE HUDDERSFIELD NHS,26382.0,1,0
Whittington Hospital NHS Trust,CNWL NHS FOUNDATION TRUST,26371.0,1,0
Salisbury NHS Foundation Trust,PUBLIC HEALTH ENGLAND,26345.0,1,0
Department for International Development,GREATER MANCHESTER POLICE,26340.0,1,0
Ministry of Defence,CITY OF GLASGOW COUNCIL,26335.0,1,0
Pennine Care NHS Foundation Trust,NHS ALLIANCE,26335.0,1,0
Bristol City Council,HEREFORDSHIRE COUNCIL,26325.0,16,0
North Yorkshire Council,BEAL PARISH COUNCIL,26302.55,2,0
Ministry of Justice,LINCOLNSHIRE PENSION FUND AE10410083,26300.0,1,0
South Gloucestershire Council,ORDNANCE SURVEY,26268.83,1,0
Department for Energy Security and Net Zero,LONDON BOROUGH OF LAMBETH,26250.0,1,0
National Offender Management Service,LONDON BOROUGH OF CAMDEN,26250.0,1,0
Department for Energy Security and Net Zero,WIRRAL BOROUGH COUNCIL,26220.0,1,0
Home Office,RICHMONDSHIRE COUNTY COUNCIL G,26196.0,1,0
East Sussex Healthcare NHS Trust,WEALDEN AMBULANCE SERVICES,26180.0,1,0
Cabinet Office,HAMBLETON DISTRICT COUNCIL,26170.0,1,0
HM Revenue and Customs,DEPARTMENT OF THE ENVIROMENT,26144.77,1,0
Ministry of Defence,SOUTH HOLLAND DISTRICT COUNCIL,26132.5,1,0
South Central Ambulance Service NHS Foundation Trust,READING BOROUGH COUNCIL RATES ONLY,26112.0,1,0
North Yorkshire Council,NORTH DUFFIELD PARISH COUNCIL,26095.99,4,0
Cabinet Office,BLAENAU GWENT COUNTY BOROUGH COUNCIL,26092.8,1,0
NHS Business Services Authority,NORTHUMBRIA HEALTHCARE NHS TRUST,26083.09,1,0
Foreign and Commonwealth Office,DEVELOPMENT RESEARCH CENTRE OF THE STATE COUNCIL,26075.62,1,0
United Lincolnshire Hospitals NHS Trust,BRADFORD TEACHING HOSPITALS NHS TRUST,26054.16,1,0
Royal Borough of Greenwich,HERTFORDSHIRE COUNTY COUNCIL,26027.07,2,0
Home Office,BLACKPOOL BOROUGH COUNCIL 1 G,26000.0,1,0
"Department for Environment, Food and Rural Affairs",BRIDGEND COUNTY BOROUGH COUNCIL,26000.0,1,0
"Department for Environment, Food and Rural Affairs",GREATER MANCHESTER POLICE,26000.0,1,0
Milton Keynes Hospital NHS Foundation Trust,LEICESTERSHIRE COUNTY RUTLAND PCT,26000.0,1,0
Home Office,NHS SOUTH WORCESTERSHIRE CLINICAL COMMISSIONING GROUP G,26000.0,1,0
Home Office,NHS WOLVERHAMPTON CLINICAL COMMISIONING GROUP G,26000.0,1,0
Department for Energy Security and Net Zero,NORTH LINCOLNSHIRE COUNCIL,26000.0,1,0
United Lincolnshire Hospitals NHS Trust,NHS BUSINESS SERVICES AUTHORITY NHS INJURY,25958.4,1,0
Ministry of Defence,DURHAM COUNTY COUNCIL,25956.0,1,0
Department for Energy Security and Net Zero,BOROUGH COUNCIL KINGS LYNN WEST NORFOLK,25950.0,1,0
National Offender Management Service,CITY OF WAKEFIELD MET DISTRIC,25943.19,1,0
HM Revenue and Customs,CARDIFF COUNTY COUNCIL POLAR,25935.43,1,0
Department for Energy Security and Net Zero,PETERBOROUGH CITY COUNCIL,25930.0,1,0
Cabinet Office,STEVENAGE BOROUGH COUNCIL,25910.0,1,0
The Pennine Acute Hospitals NHS Trust,COUNTESS OF CHESTER HOSPITAL NHS FOUNDATION T,25884.0,1,0
Salisbury NHS Foundation Trust,HAMPSHIRE PCT,25876.0,1,0
National Institute for Health and Care Excellence,UNIVERSITY HOSPITAL OF SOUTH MANCHESTER NHS FOUNDATION TRUST,25860.05,1,0
Department for Work and Pensions,GREAT YARMOUTH BOROUGH COUNCIL,25852.0,1,0
Department for Energy Security and Net Zero,ABERDEEN CITY COUNCIL,25850.0,1,0
Bristol City Council,VALUATION OFFICE AGENCY,25846.6,14,0
Shropshire Community Health NHS Trust,HEALTH EDUCATION ENGLAND T73 NHS,25818.16,5,0
Maidstone and Tunbridge Wells NHS Trust,ROYAL FREE LONDON NHS F T,25800.0,1,0
The National Archives,SHEFFIELD CITY ARCHIVES SHEFFIELD CITY COUNCIL,25799.19,2,0
Ministry of Justice,GWYNEDD COUNCIL RC38000001,25791.7,1,0
"Department for Science, Innovation and Technology",MID YORKSHIRE HOSPITALS NHS TRUST,25755.0,1,0
Cabinet Office,HARBOROUGH DISTRICT COUNCIL,25736.0,1,0
Home Office,LONDON BOROUGH OF WALTHAM FOREST TPS,25734.68,1,0
Ministry of Defence,KINGSTON UPON HULL CITY COUNCIL,25716.7,1,0
NHS Norfolk and Suffolk ICB - 25k Expenditure Report,NHS CONFEDERATION,25700.0,1,0
Department of Health and Social Care,NHS SOUTH EAST LONDON CCG LEWISHAM,25675.0,1,0
HM Revenue and Customs,CANNOCK CHASE DISTRICT COUNCIL,25669.5,1,0
"Department for Environment, Food and Rural Affairs",ROTHER DISTRICT COUNCIL,25648.0,1,0
East Sussex Healthcare NHS Trust,NHS SOUTH CENTRAL WEST CSU,25647.0,1,0
Northern Ireland Office,HOME OFFICE,25629.7,1,0
Department for Work and Pensions,BIRMINGHAM CITY COUNCIL CRU,25624.0,1,0
Ministry of Justice,BOURNEMOUTH BOROUGH COUNCIL RC38000001,25599.43,1,0
North Yorkshire Council,BRADLEYS BOTH PARISH COUNCIL,25592.46,2,0
Ministry of Defence,ROSSENDALE BOROUGH COUNCIL,25553.0,1,0
Isle of Wight NHS Trust,NHS PROVIDERS,25536.0,1,0
"Foreign, Commonwealth and Development Office (FCDO)",UK HEALTH SECURITY AGENCY UKHSA,25531.0,1,0
Department for Energy Security and Net Zero,DUMFRIES GALLOWAY COUNCIL,25530.0,1,0
Cabinet Office,CHESTERFIELD BOROUGH COUNCIL,25522.0,1,0
Department for Energy Security and Net Zero,WEST LINDSEY DISTRICT COUNCIL,25520.0,1,0
Department of Health and Social Care,NHS BIRMINGHAM SOLIHULL CLINICAL COMMISSIONING GROUP,25509.0,1,0
Cabinet Office,BURNLEY BOROUGH COUNCIL,25500.0,1,0
Department for Energy Security and Net Zero,PERTH KINROSS COUNCIL,25500.0,1,0
Eden District Council,ASBY PARISH COUNCIL,25499.43,4,0
East Sussex Healthcare NHS Trust,MEDWAY COUNCIL,25497.68,1,0
Ministry of Justice,BARNSLEY MBC,25492.04,1,0
"Foreign, Commonwealth and Development Office (FCDO)",INTERNATIONAL GRAINS COUNCIL,25484.93,1,0
Cabinet Office,EAST NORTHAMPTONSHIRE COUNCIL,25479.0,1,0
Home Office,MIDLOTHIAN COUNCIL G,25470.0,1,0
Department for Energy Security and Net Zero,CARDIFF COUNCIL THE COUNTY COUNCIL OF THE CITY COUNTY OF CARDIFF,25460.0,1,0
Ministry of Justice,BRACKNELL FOREST BOROUGH COUNCIL RC31620070,25459.12,1,0
Foreign and Commonwealth Office,CITY OF LONDON,25420.0,1,0
Ministry of Defence,CHESTERFIELD BOROUGH COUNCIL,25419.0,1,0
Department for Work and Pensions,SOUTH WESTERN AMBULANCE SERVICE NHS TRUST,25416.0,1,0
Department for Energy Security and Net Zero,HORSHAM DISTRICT COUNCIL,25400.0,1,0
Cabinet Office,HAVANT BOROUGH COUNCIL,25385.0,1,0
Department for Energy Security and Net Zero,WYRE FOREST DISTRICT COUNCIL,25360.0,1,0
Ministry of Defence,BRITISH SAFETY COUNCIL,25329.7,1,0
"Foreign, Commonwealth and Development Office (FCDO)",FRANCO BRITISH COUNCIL,25311.84,1,0
Ministry of Justice,POLICE CRIME COMMISSIONER FOR NORTH WALES,25292.72,1,0
Ministry of Justice,ST HELENS MET BOROUGH COUNCIL RC38000001,25291.64,1,0
Department for Energy Security and Net Zero,WIGAN COUNCIL,25290.0,1,0
Department for Energy Security and Net Zero,NORTH LANARKSHIRE COUNCIL,25260.0,1,0
Cabinet Office,KETTERING BOROUGH COUNCIL,25256.0,1,0
Home Office,PEMBROKESHIRE COUNTY COUNCIL G,25241.0,1,0
Cabinet Office,CITY OF CARLISLE,25217.0,1,0
Department for Energy Security and Net Zero,HUNTINGDONSHIRE DISTRICT COUNCIL,25210.0,1,0
North Yorkshire Council,FULFORD PARISH COUNCIL YORK,25208.0,1,0
Ministry of Defence,SUSSEX POLICE AUTHORITY,25200.0,1,0
Ministry of Defence,BARNSLEY MBC,25190.0,1,0
National Offender Management Service,ROCHDALE METROPOLITAN BOROUGH COUNCIL,25173.82,1,0
Cabinet Office,GOSPORT BOROUGH COUNCIL,25162.0,1,0
Plymouth City Council,UNIVERSITY HOSPITALS OF LEICESTER NHS TRUST,25160.99,5,0
Cabinet Office,RENFREWSHIRE COUNCIL,25150.0,1,0
The Pennine Acute Hospitals NHS Trust,UNIVERSITY HOSPITALS OF LEICESTER NHS TRUST,25142.0,1,0
Ministry of Justice,SOLIHULL MET BOROUGH COUNCIL RC38000001,25103.51,1,0
Department for Work and Pensions,ROCHDALE METROPOLITAN BOROUGH COUNCIL,25100.0,1,0
Department for Work and Pensions,SEFTON COUNCIL,25100.0,1,0
The National Archives,EAST SUSSEX COUNTY COUNCIL,25086.46,2,0
National Institute for Health and Care Excellence,NHS NORTH OF ENGLAND CSU,25080.0,1,0
Department for Energy Security and Net Zero,WEST SUFFOLK COUNCIL,25070.0,1,0
The Pennine Acute Hospitals NHS Trust,FALCK UK AMBULANCE SERVICE,25059.96,1,0
"Ministry of Housing, Communities and Local Government",BATH NORTH EAST SOMERSET COUNCIL,25043.34,3,0
Government Legal Department,DEPT FOR COMMUNITIES LOCAL GOVERNMENT,25027.2,1,0
North Yorkshire Council,WISTOW PARISH COUNCIL,25009.55,4,0
"Department for Environment, Food and Rural Affairs",HOME OFFICE PAY PENSIONS SERVICE,25007.83,1,0
National Offender Management Service,WEST MIDLANDS POLICE,25003.03,1,0
National Offender Management Service,BOLTON MBC,25000.0,1,0
Cabinet Office,DEPARTMENT FOR CULTURE MEDIA SPORT,25000.0,1,0
"Department for Science, Innovation and Technology",DEPARTMENT FOR TRANSPORT,25000.0,1,0
HM Treasury,ECONOMIC SOCIAL RESEARCH COUNCIL,25000.0,1,0
Department of Health and Social Care,FOUNDATION TRUST NETWORK,25000.0,1,0
Cabinet Office,HYNDBURN BOROUGH COUNCIL,25000.0,1,0
Department for Work and Pensions,IMMINGHAM TOWN COUNCIL,25000.0,1,0
Department of Health and Social Care,KENT COMMUNITY NHS TRUST RYY,25000.0,1,0
Royal Borough of Greenwich,LONDON BOROUGH OF RICHMOND UPON THAMES,25000.0,2,0
National Offender Management Service,LUTON BOROUGH COUNCIL,25000.0,1,0
Department for Education,METROPOLITAN BOROUGH OF SEFTON,25000.0,1,0
Department for Education,NOTTINGHAMSHIRE COUNTY COUNCIL RE YEOMAN PARK SPECIAL,25000.0,1,0
Ministry of Defence,ORDNANCE SURVEY,25000.0,1,0
Cabinet Office,PENDLE BOROUGH COUNCIL,25000.0,1,0
National Offender Management Service,ROCHDALE MBC,25000.0,1,0
Cabinet Office,SOUTH TYNESIDE BOROUGH COUNCIL,25000.0,1,0
UK Trade and Investment,WEYMOUTH PORTLAND BOROUGH COUNCIL,25000.0,1,0
North Yorkshire Council,SUTTON ON THE FOREST PARISH COUNCIL,24925.25,3,0
Rushmoor Borough Council,CABINET OFFICE,24874.97,13,0
Ministry of Defence,BUILTH WELLS TOWN COUNCIL,24858.0,1,0
North Yorkshire Council,DRAUGHTON PARISH COUNCIL,24784.5,5,0
North Yorkshire Council,SESSAY PARISH COUNCIL,24764.36,5,0
North Yorkshire Council,BRADFORD CITY COUNCIL,24704.68,1,0
North Yorkshire Council,GREEN HAMMERTON PARISH COUNCIL,24545.4,3,0
Rushmoor Borough Council,NHS HAMPSHIRE,24250.0,1,0
Milton Keynes Hospital NHS Foundation Trust,NHS SHARED BUSINESS SERVICES,24222.39,3,0
North Yorkshire Council,BURNISTON PARISH COUNCIL,24216.26,7,0
National Offender Management Service,CHESHIRE COUNTY COUNCIL,24215.0,2,0
Rushmoor Borough Council,ELMBRIDGE BOROUGH COUNCIL,24200.0,1,0
North Yorkshire Council,BROMPTON ON SWALE PARISH COUNCIL,24129.39,2,0
Shropshire Community Health NHS Trust,PUBLIC HEALTH ENGLAND,24122.67,58,0
Royal Borough of Greenwich,LANCASHIRE COUNTY COUNCIL,24078.4,9,0
Office of Rail and Road,NATIONAL HIGHWAYS,24000.0,1,0
Bristol City Council,PORTSMOUTH CITY COUNCIL,24000.0,3,0
Royal Borough of Greenwich,SEFTON COUNCIL,24000.0,2,0
The National Archives,SHEFFIELD CITY COUNCIL,24000.0,2,0
Shropshire Community Health NHS Trust,HOLLINSWOOD RANDLAY PARISH COUNCIL,23988.0,106,0
North Yorkshire Council,CARLETON IN CRAVEN PARISH COUNCIL,23840.0,2,0
The National Archives,HAMPSHIRE COUNTY COUNCIL,23830.24,1,0
Eden District Council,ASKHAM PARISH COUNCIL,23793.46,4,0
Royal Borough of Greenwich,NORTHUMBERLAND COUNTY COUNCIL,23597.7,2,0
North Yorkshire Council,MONK FRYSTON PARISH COUNCIL,23433.26,3,0
Foreign and Commonwealth Office,ABERDEEN CITY COUNCIL,23338.87,3,0
North Yorkshire Council,BURNESTON SWAINBY WITH ALLERTHORPE THEAKSTON PARISH COUNCIL,23335.66,3,0
"Ministry of Housing, Communities and Local Government",THAMES VALLEY POLICE,23164.0,1,0
Eden District Council,MATTERDALE PARISH COUNCIL,23137.49,5,0
Bristol City Council,LEICESTERSHIRE COUNTY COUNCIL,23000.0,1,0
"Ministry of Housing, Communities and Local Government",NHS NORTH WEST,23000.0,1,0
North Yorkshire Council,RILLINGTON PARISH COUNCIL,23000.0,2,0
North Yorkshire Council,SCORTON PARISH COUNCIL,23000.0,4,0
Department for International Development,HAMPSHIRE CONSTABULARY,22947.79,1,0
North Yorkshire Council,APPLETON WISKE PARISH COUNCIL,22894.11,5,0
Transport for Greater Manchester,CHORLEY COUNCIL,22882.5,7,0
Former district of Harrogate,RIPON CITY COUNCIL,22864.65,23,0
"Ministry of Housing, Communities and Local Government",KIRKLEES RACIAL EQUALITY COUNCIL,22750.0,1,0
Ministry of Defence,S F S FIRE SERVICES T A CHUBB FIRE,22676.18,1,0
North Yorkshire Council,WILTSHIRE COUNCIL,22609.39,3,0
Office of Rail and Road,CABINET OFFICE,22500.0,1,0
North Yorkshire Council,BURN PARISH COUNCIL,22408.37,3,0
North Yorkshire Council,DANBY GROUP PARISH COUNCIL,22366.41,6,0
North Yorkshire Council,ESCRICK PARISH COUNCIL,22280.0,2,0
"Ministry of Housing, Communities and Local Government",COMMUNITY COUNCIL DEVON,22258.37,2,0
Shropshire Community Health NHS Trust,UNIVERSITY HOSPITALS OF MORECAMBE BAY NHS FOUNDATION TRUST,22230.0,13,0
North Yorkshire Council,BURTON IN LONSDALE PARISH COUNCIL,22000.0,2,0
Department for Work and Pensions,NATIONAL COUNCIL FOR ONE PARENT FAMILIES,22000.0,1,0
Rushmoor Borough Council,CITY OF LONDON CORPORATION,21976.63,17,0
Uttlesford District Council,HADSTOCK PARISH COUNCIL,21922.91,12,0
South Gloucestershire Council,BATH N E SOMERSET PCT,21813.0,5,0
South Gloucestershire Council,ENVIRONMENT AGENCY,21785.5,7,0
Department for International Development,NATIONAL COUNCIL OF APPLIED ECONOMIC REASEARCH,21777.08,2,0
Eden District Council,CATTERLEN PARISH COUNCIL,21648.97,4,0
Uttlesford District Council,WEST DEVON BOROUGH COUNCIL,21635.09,7,0
Rushmoor Borough Council,PORTSMOUTH CITY COUNCIL,21628.68,15,0
Royal Borough of Greenwich,ACCOUNTING OFFICER HOME OFFICE,21602.08,6,0
North Yorkshire Council,PARISH COUNCIL OF MAUNBY NEWBY WISKE SOUTH OTTERINGTON,21567.47,4,0
South Gloucestershire Council,MID LOTHIAN COUNCIL,21539.7,3,0
North Yorkshire Council,CRAKEHALL WITH LANGTHORNE PARISH COUNCIL,21500.0,4,0
Eden District Council,WARCOP PARISH COUNCIL,21429.08,4,0
"Ministry of Housing, Communities and Local Government",WEST MIDS FIRE RESCUE SERVICE,21398.31,6,0
North Yorkshire Council,SHERIFF HUTTON PARISH COUNCIL,21360.0,2,0
Royal Borough of Greenwich,LONDON BOROUGH OF NEWHAM,21335.2,4,0
UK Trade and Investment,ABERDEEN CITY COUNCIL,21214.07,4,0
Transport for Greater Manchester,STOCKPORT NHS FOUNDATION TRUST,21213.0,3,0
Bristol City Council,DEPARTMENT OF SMALL WORKS,21181.1,9,0
"Ministry of Housing, Communities and Local Government",GTR MANCHESTER PENSION FUND,21160.0,8,0
North Yorkshire Council,STAVELEY COPGROVE PARISH COUNCIL,21156.47,3,0
Former council of North Yorkshire,NHS WEST YORKSHIRE ICB QWO PAYABLES N035 BRADFORD,21144.0,6,0
North Yorkshire Council,GREAT LITTLE BROUGHTON PARISH COUNCIL,20987.3,3,0
Rushmoor Borough Council,HMRC FSS ACCOUNTS RECEIVABLE,20977.45,13,0
North Yorkshire Council,BYRAM CUM SUTTON PARISH COUNCIL,20918.16,2,0
Cheltenham Borough Council,POLICE CRIME COMMISSIONER FOR GLOUCESTERSHIRE,20854.91,5,0
North Yorkshire Council,EXELBY LEEMING LONDONDERRY PARISH COUNCIL,20831.05,5,0
North Yorkshire Council,BISHOP MONKTON PARISH COUNCIL,20802.5,3,0
Bristol City Council,NORFOLK COUNTY COUNCIL,20757.24,5,0
Cheltenham Borough Council,GLOUCESTER CITY COUNCIL,20757.14,4,0
Eden District Council,BARTON PARISH COUNCIL,20735.54,10,0
Royal Borough of Greenwich,DEVON COUNTY COUNCIL,20671.91,3,0
Former council of North Yorkshire,NHS VALE OF YORK CCG,20665.97,4,0
Eden District Council,PATTERDALE PARISH COUNCIL,20524.02,4,0
North Yorkshire Council,ESKDALESIDE CUM UGGLEBARNBY PARISH COUNCIL,20450.97,8,0
Department for Work and Pensions,COUNCIL OF ISLES OF SCILLY,20152.0,47,0
"Ministry of Housing, Communities and Local Government",BURY COUNCIL,20000.0,1,0
The National Archives,CITY OF DONCASTER COUNCIL,20000.0,2,0
Bristol City Council,GREATER LONDON AUTHORITY,20000.0,2,0
The National Archives,LONDON BOROUGH OF SUTTON,20000.0,2,0
Cheltenham Borough Council,STROUD DISTRICT COUNCIL,20000.0,1,0
Rushmoor Borough Council,SWINDON BOROUGH COUNCIL,20000.0,1,0
Uttlesford District Council,CAMBRIDGE UNIVERSITY HOSPITALS NHS FT,19800.0,45,0
Rushmoor Borough Council,HM COURT SERVICES,19773.0,15,0
Bristol City Council,EAST DEVON DISTRICT COUNCIL,19749.53,4,0
Equality and Human Rights Commission,DEPARTMENT FOR COMMUNITIES LOCAL GOVERMENT,19583.65,6,0
UK Trade and Investment,DEPARTMENT OF ENERGY CLIMATE CHANGE,19541.67,2,0
North Yorkshire Council,RICHMONDSHIRE DISTRICT COUNCIL,19497.28,25,0
North Yorkshire Council,NORTH STAINLEY WITH SLENINGFORD PARISH COUNCIL,19491.0,3,0
North Yorkshire Council,MIDDLEHAM TOWN COUNCIL,19481.2,3,0
Transport for Greater Manchester,SALFORD ROYAL NHS FOUNDATION TRUST,19385.51,2,0
Eden District Council,LONG MARTON PARISH COUNCIL,19245.11,5,0
Royal Borough of Greenwich,NHS BUSINESS SERVICES AUTHORITY,19051.87,17,0
Eden District Council,MUNGRISDALE PARISH COUNCIL,19020.89,4,0
North Yorkshire Council,LOTHERSDALE PARISH COUNCIL,19020.48,3,0
North Yorkshire Council,DALTON PARISH COUNCIL,18902.79,4,0
North Yorkshire Council,HAWES HIGH ABBOTSIDE PARISH COUNCIL,18750.0,2,0
North Yorkshire Council,LINTON ON OUSE PARISH COUNCIL,18750.0,3,0
London Borough of Richmond Upon Thames,CENTRAL BEDFORDSHIRE COUNCIL,18731.79,1,0
Department for International Development,EAST OF ENGLAND AMBULANCE SERVICE NH,18697.4,10,0
Eden District Council,BAMPTON PARISH COUNCIL,18676.59,4,0
Shropshire Community Health NHS Trust,SANDWELL WEST BIRMINGHAM HOSPITALS NHS TRUST,18658.21,10,0
North Yorkshire Council,MINISTRY OF DEFENCE,18643.38,13,0
Transport for Greater Manchester,PENNINE ACUTE HOSPITALS NHS TRUST,18637.65,5,0
The National Archives,DEPARTMENT FOR EDUCATION,18518.42,1,0
North Yorkshire Council,HENSALL PARISH COUNCIL,18500.0,2,0
Shropshire Community Health NHS Trust,WALSALL HEALTHCARE NHS TRUST,18500.0,6,0
"Ministry of Housing, Communities and Local Government",EAST OF ENGLAND AMBULANCE SERVICE,18417.0,27,0
North Yorkshire Council,FAIRBURN PARISH COUNCIL,18369.93,3,0
Eden District Council,LOWTHER PARISH COUNCIL,18331.27,4,0
Rushmoor Borough Council,FAREHAM BOROUGH COUNCIL,18231.83,10,0
North Yorkshire Council,BROMPTON BY SAWDON PARISH COUNCIL,18210.67,8,0
South Gloucestershire Council,WINTERBOURNE PARISH COUNCIL,18207.11,5,0
North Yorkshire Council,THORGANBY PARISH COUNCIL,18100.17,3,0
North Yorkshire Council,STILLINGTON PARISH COUNCIL,18096.0,3,0
North Yorkshire Council,NOTTINGHAMSHIRE COUNTY COUNCIL,18000.0,1,0
Blaby District Council,HM COURTS TRIBUNALS SERVICE,17919.09,15,0
North Yorkshire Council,GRISTHORPE LEBBERSTON PARISH COUNCIL,17918.85,6,0
Royal Borough of Greenwich,DURHAM COUNTY COUNCIL,17857.81,5,0
Former council of North Yorkshire,COUNTY DURHAM DARLINGTON NHS FT,17779.0,2,0
"Ministry of Housing, Communities and Local Government",GENERAL COUNCIL OF THE BAR,17700.38,3,0
UK Trade and Investment,LEEDS CITY COUNCIL,17606.6,11,0
North Yorkshire Council,DEPARTMENT FOR BUSINESS TRADE,17574.87,1,0
Bristol City Council,CARMARTHENSHIRE COUNTY COUNCIL,17475.06,9,0
Eden District Council,DUFTON PARISH COUNCIL,17352.48,4,0
North Yorkshire Council,FARNHILL PARISH COUNCIL COMMUNITY ACCOUNT,17244.62,3,0
North Yorkshire Council,OSMOTHERLEY AREA PARISH COUNCIL,17200.0,3,0
Transport for Greater Manchester,HIGHWAYS ENGLAND COMPANY,17199.59,3,0
"Ministry of Housing, Communities and Local Government",DEPT FOR BUS INN USE 300426,17181.5,3,0
Bristol City Council,POWYS COUNTY COUNCIL,17177.91,6,0
Department for Education,LONDON BOROUGH OF CROYDON RE ST ANDREWS,17150.4,1,0
Royal Borough of Greenwich,UNIVERSITY HOSPITALS OF LEICESTER NHS TRUST,17127.0,14,0
"Department for Digital, Culture, Media and Sport",GUY S ST THOMAS NHS TRUST,17120.64,7,0
"Ministry of Housing, Communities and Local Government",HM TREASURY USE300114,17100.0,3,0
Bristol City Council,TAMESIDE METROPOLITAN BOROUGH COUNCIL,17061.62,25,0
North Yorkshire Council,HILLAM PARISH COUNCIL,17045.42,4,0
North Yorkshire Council,SLINGSBY FRYTON SOUTH HOLME PARISH COUNCIL,17024.55,5,0
North Yorkshire Council,MARKINGTON PARISH COUNCIL,16987.77,5,0
North Yorkshire Council,SAXTON CUM SCARTHINGWELL WITH LEAD PARISH COUNCIL,16982.92,1,0
Uttlesford District Council,EAST HERTS DISTRICT COUNCIL,16982.26,2,0
South Gloucestershire Council,WILTSHIRE COUNCIL,16935.0,2,0
Former council of North Yorkshire,WILTSHIRE COUNTY COUNCIL,16921.92,3,0
North Yorkshire Council,NORTH EAST LINCOLNSHIRE COUNCIL,16894.18,4,0
North Yorkshire Council,BROUGH WITH ST GILES PARISH COUNCIL,16848.0,2,0
South Gloucestershire Council,NORTH LINCOLNSHIRE COUNCIL,16799.89,5,0
Transport for Greater Manchester,HM REVENUE CUSTOMS,16770.0,2,0
Transport for Greater Manchester,HM LAND REGISTRY,16758.5,12,0
Rushmoor Borough Council,WINCHESTER CITY COUNCIL,16621.16,11,0
The National Archives,NHS NEL CSU,16618.66,1,0
North Yorkshire Council,AMPLEFORTH PARISH COUNCIL,16450.0,2,0
North Yorkshire Council,GRANTLEY SAWLEY SKELDING EAVESTONE PARISH COUNCIL,16300.0,3,0
"Ministry of Housing, Communities and Local Government",MID WEST WALES FIRE AUTHORITY,16158.57,5,0
North Yorkshire Council,SAXTON CUM SCARTHINGWELL PARISH COUNCIL,16154.0,2,0
North Yorkshire Council,HARTWITH CUM WINSLEY PARISH COUNCIL,16100.0,4,0
Eden District Council,SOCKBRIDGE TIRRIL PARISH COUNCIL,16041.14,4,0
North Yorkshire Council,BIRSTWITH PARISH COUNCIL,16000.0,3,0
Equality and Human Rights Commission,EALING RACIAL EQUALITY COUNCIL,16000.0,2,0
South Gloucestershire Council,VALUATION OFFICE AGENCY,16000.0,4,0
The National Archives,HOME OFFICE SSCL,15977.43,1,0
Department for International Development,WARWICKSHIRE POLICE,15882.38,7,0
Department for International Development,INDONESIA BUSINESS COUNCIL FOR SUSTAINABLE DEVELOPMENT,15882.33,1,0
"Ministry of Housing, Communities and Local Government",SUSSEX RURAL COMMUNITY COUNCIL,15712.0,1,0
Blaby District Council,SAPCOTE PARISH COUNCIL,15639.01,7,0
Natural History Museum,STOKE ON TRENT CITY COUNCIL,15606.73,10,0
North Yorkshire Council,PARISH COUNCIL OF SEAMER,15577.67,6,0
North Yorkshire Council,CARLTON MINIOTT PARISH COUNCIL,15553.92,4,0
"Ministry of Housing, Communities and Local Government",SOUTH EAST RURAL COMMUNITY COUNCIL,15500.0,3,0
"Ministry of Housing, Communities and Local Government",LANCASHIRE CONSTABULARY,15448.86,1,0
Royal United Hospital Bath NHS Foundation Trust,UNIVERSITY HOSPITALS BRISTOL NHS FOUNDATION TRUST,15394.67,2,0
Eden District Council,MURTON PARISH COUNCIL,15362.36,4,0
North Yorkshire Council,BEWERLEY PARISH COUNCIL,15325.5,6,0
North Yorkshire Council,SELBY DISTRICT COUNCIL,15307.65,2,0
Bristol City Council,NHS PENSION SCHEME,15306.73,1,0
North Yorkshire Council,AUSTWICK PARISH COUNCIL,15250.0,2,0
Ministry of Justice,NATIONAL PROBATION SERVICE,15219.57,2,0
Wales Office,HM PRISON SERVICE,15085.01,5,0
The National Archives,BUCKINGHAMSHIRE COUNCIL,15016.97,1,0
The National Archives,BRISTOL ARCHIVES BRISTOL CITY COUNCIL,15000.0,1,0
North Yorkshire Council,BROTHERTON PARISH COUNCIL,15000.0,2,0
The National Archives,CAMBRIDGESHIRE COUNTY COUNCIL,15000.0,1,0
The National Archives,KNOWSLEY METROPOLITAN BOROUGH COUNCIL,15000.0,1,0
South Gloucestershire Council,FRAMPTON COTTERELL PARISH COUNCIL,14781.4,4,0
Foreign and Commonwealth Office,MINISTRY OF DEFENCE,14778.82,3,0
North Yorkshire Council,KIRKBY MALZEARD LAVERTON DALLOWGILL PARISH COUNCIL,14750.0,2,0
Bristol City Council,SOMERSET COUNTY COUNCIL PENSION FUND,14697.28,4,0
Bristol City Council,DEPARTMENT FOR EDUCATION,14545.0,1,0
North Yorkshire Council,MELSONBY PARISH COUNCIL,14533.0,4,0
North Yorkshire Council,SHIPTON BY BENINGBROUGH PARISH COUNCIL PRECEPT,14500.0,2,0
"Ministry of Housing, Communities and Local Government",BRIGHTON HOVE CITY PCT,14424.0,1,0
Uttlesford District Council,BRITISH SAFETY COUNCIL SERVICES,14367.0,5,0
North Yorkshire Council,SHAROW PARISH COUNCIL,14356.5,3,0
The National Archives,SUFFOLK COUNTY COUNCIL,14355.44,1,0
North Yorkshire Council,NUN MONKTON PARISH COUNCIL,14252.73,3,0
Shropshire Community Health NHS Trust,BURTON HOSPITALS NHS FOUNDATION TRUST,14218.0,39,0
North Yorkshire Council,HULL CITY COUNCIL,14178.4,5,0
North Yorkshire Council,NEWCASTLE UPON TYNE HOSPITAL NHS FOUNDATION TRUST,14078.27,11,0
North Yorkshire Council,NHS ENGLAND,14074.33,7,0
The National Archives,BRADFORD COUNCIL,14054.0,1,0
Uttlesford District Council,CENTRAL BEDFORDSHIRE COUNCIL,14050.5,7,0
Plymouth City Council,LEEDS CITY COUNCIL,14014.25,1,0
Shropshire Community Health NHS Trust,BRIDGEWATER COMMUNITY HEALTHCARE NHS,14000.0,2,0
Shropshire Community Health NHS Trust,EAST CHESHIRE NHS TRUST RJN,14000.0,9,0
South Gloucestershire Council,DODINGTON PARISH COUNCIL,13977.0,7,0
Eden District Council,NORTH KESTEVEN DISTRICT COUNCIL,13874.0,7,0
North Yorkshire Council,WHITLEY PARISH COUNCIL,13817.46,2,0
Royal Borough of Greenwich,FRIMLEY PARK HOSPITAL NHS FOUNDATION TRUST,13731.0,2,0
Uttlesford District Council,CAMBRIDGE CITY COUNCIL 3C BUILDING CONTR,13680.0,17,0
North Yorkshire Council,SCOTTON PARISH COUNCIL,13680.0,5,0
Cheltenham Borough Council,HMRC CBC PAYE NIC,13641.17,8,0
North Yorkshire Council,BARTON PARISH COUNCIL,13635.0,2,0
The National Archives,MANCHESTER CITY COUNCIL,13622.0,1,0
North Yorkshire Council,HUTTON BUSCEL PARISH COUNCIL,13619.58,4,0
Foreign and Commonwealth Office,DEPARTMENT OF WORKING,13596.67,15,0
North Yorkshire Council,KIRK SMEATON PARISH COUNCIL,13500.0,2,0
Royal Borough of Greenwich,EAST SUSSEX COUNTY COUNCIL,13495.41,6,0
Former council of North Yorkshire,KIRKLEES COUNCIL,13484.3,2,0
North Yorkshire Council,FOLKTON FLIXTON PARISH COUNCIL,13467.85,8,0
South Gloucestershire Council,SODBURY TOWN COUNCIL,13431.0,2,0
North Yorkshire Council,DEPARTMENT FOR LEVELLING UP HOUSING COMMUNITIES,13375.72,2,0
UK Trade and Investment,ISLINGTON COUNCIL,13360.92,7,0
Shropshire Community Health NHS Trust,EAST LONDON NHS FOUNDATION TRUST RWK,13360.0,4,0
Eden District Council,YANWATH EAMONT BRIDGE PARISH COUNCIL,13336.85,4,0
UK Trade and Investment,PORTSMOUTH CITY COUNCIL,13312.53,7,0
HM Treasury,EAST OF ENGLAND AMBULANCE SERVICE,13275.6,9,0
Royal Borough of Greenwich,HOMERTON UNIVERSITY HOSPITAL NHS FOUNDATION TRUST,13252.41,11,0
Shropshire Community Health NHS Trust,HEREFORDSHIRE WORCESTERSHIRE HEALTH CARE NHS TRUST,13210.31,9,0
Natural History Museum,NEWCASTLE CITY COUNCIL,13143.77,4,0
Royal Borough of Greenwich,BRISTOL CITY COUNCIL,13138.0,2,0
Royal Borough of Greenwich,DONCASTER METROPOLITAN BOROUGH COUNCIL,13138.0,1,0
Royal Borough of Greenwich,STIRLING COUNCIL,13138.0,1,0
Royal Borough of Greenwich,VALE OF GLAMORGAN COUNCIL,13138.0,1,0
North Yorkshire Council,DEPARTMENT FOR EDUCATION,13089.69,1,0
Eden District Council,MUSGRAVE PARISH COUNCIL,13080.74,4,0
Royal Borough of Greenwich,HARROW COUNCIL,13077.91,2,0
North Yorkshire Council,BELLERBY PARISH COUNCIL,13075.6,2,0
"Ministry of Housing, Communities and Local Government",HM LAND REGISTRY,12980.7,2,0
Cheltenham Borough Council,HMRC INPUT VAT REPAID CONCLUSION OF ELECTIONS COMPLIANCE CHECK,12922.0,2,0
"Foreign, Commonwealth and Development Office (FCDO)",SUVA CITY COUNCIL,12905.41,11,0
Department for International Development,CITY OF HARARE,12887.67,19,0
North Yorkshire Council,BISHOP THORNTON WARSILL GROUPED PARISH COUNCIL,12886.51,3,0
The National Archives,WIRRAL COUNCIL,12780.0,1,0
Eden District Council,ENVIRONMENT AGENCY,12736.0,5,0
Bristol City Council,LONDON BOROUGH OF ISLINGTON,12718.8,3,0
Shropshire Community Health NHS Trust,FOUNDATION TRUST NETWORK,12605.8,6,0
UK Trade and Investment,HARROGATE BOROUGH COUNCIL,12600.0,2,0
Cheltenham Borough Council,HMRC CBC ELECTION STAFF,12574.72,1,0
Former council of North Yorkshire,NHS BRADFORD DISTRICT CRAVEN CCG,12560.26,2,0
North Yorkshire Council,BAGBY BALK PARISH COUNCIL,12550.0,3,0
Uttlesford District Council,ASSOC OF RETAINED COUNCIL HSING,12500.0,5,0
North Yorkshire Council,MASHAM PARISH COUNCIL,12500.0,1,0
UK Trade and Investment,AUSTRALIAN GOVERNMENT DEPARTMENT OF DEFENCE,12365.46,2,0
Bristol City Council,GUY S ST THOMAS NHS FOUNDATION TRUST,12342.15,7,0
Rushmoor Borough Council,EASTLEIGH BOROUGH COUNCIL,12311.54,6,0
North Yorkshire Council,HAWSKER CUM STAINSACRE PARISH COUNCIL,12284.02,7,0
Rushmoor Borough Council,NHS FRIMLEY CCG,12258.0,2,0
North Yorkshire Council,TANFIELD PARISH COUNCIL,12169.5,4,0
Eden District Council,SOULBY PARISH COUNCIL,12092.51,4,0
Rushmoor Borough Council,ORDNANCE SURVEY,12016.56,3,0
South Gloucestershire Council,WICK ABSON PARISH COUNCIL,12015.0,1,0
The National Archives,CUMBRIA COUNTY COUNCIL,12000.0,1,0
The National Archives,EAST MIDLANDS REGIONAL ARCHIVE COUNCIL,12000.0,1,0
North Yorkshire Council,LANGCLIFFE PARISH COUNCIL,12000.0,2,0
Royal Borough of Greenwich,LONDON BOROUGH OF EALING,12000.0,5,0
North Yorkshire Council,THORNTON LE BEANS CROSBY WITH COTCLIFFE PARISH COUNCIL,12000.0,2,0
Uttlesford District Council,FELSTED PARISH COUNCIL,11999.84,7,0
Former council of North Yorkshire,SOUTH LONDON MAUDSLEY NHS FOUNDATION TRUST,11990.0,1,0
Uttlesford District Council,HIGH RODING PARISH COUNCIL,11944.37,3,0
Natural History Museum,ENVIRONMENT AGENCY,11942.0,11,0
London Borough of Richmond Upon Thames,LONDON BOROUGH OF HOUNSLOW,11871.0,3,0
North Yorkshire Council,BARLOW PARISH COUNCIL,11850.54,2,0
North Yorkshire Council,MORTON ON SWALE PARISH COUNCIL BMM ACCOUNT,11850.0,2,0
The National Archives,MILTON KEYNES COUNCIL,11800.0,1,0
Department for International Development,SCOTTISH POLICE SERVICES AUTHORITY,11799.0,2,0
Eden District Council,GLASSONBY PARISH COUNCIL,11791.96,4,0
The National Archives,RHONDDA CYNON TAF COUNTY BOROUGH COUNCIL,11773.95,1,0
Shropshire Community Health NHS Trust,NHS HEALTH AT WORK NETWORK,11720.0,21,0
North Yorkshire Council,DACRE PARISH COUNCIL,11647.0,2,0
Royal Borough of Greenwich,LONDON BOROUGH OF CROYDON,11554.3,2,0
Department for International Development,WORLD BUSINESS COUNCIL FOR SUSTAINABLE DEVELOPMENT WBCSD,11527.0,1,0
Uttlesford District Council,STEBBING PARISH COUNCIL,11459.32,9,0
North Yorkshire Council,MUSTON PARISH COUNCIL,11452.29,8,0
"Foreign, Commonwealth and Development Office (FCDO)",BRITISH COUNCIL NAPIER,11437.4,5,0
North Yorkshire Council,EBBERSTON WITH YEDINGHAM PARISH COUNCIL,11434.5,2,0
"Department for Environment, Food and Rural Affairs",H M LAND REGISTRY,11430.0,12,0
Department for International Development,HMRC CHIEF ACCOUNTING,11419.85,1,0
Rushmoor Borough Council,SOUTH DOWNS HEALTH NHS TRUST,11331.0,3,0
Former council of North Yorkshire,MALTON TOWN COUNCIL,11323.5,6,0
Natural History Museum,FIELD STUDIES COUNCIL,11298.63,10,0
North Yorkshire Council,REDMIRE PARISH COUNCIL,11243.65,2,0
North Yorkshire Council,FOLLIFOOT PLOMPTON PARISH COUNCIL,11207.5,2,0
North Yorkshire Council,WHORLTON PARISH COUNCIL,11197.3,2,0
Eden District Council,MILBURN PARISH COUNCIL,11158.74,4,0
Uttlesford District Council,SUFFOLK COUNTY COUNCIL,11141.0,4,0
The National Archives,WORCESTERSHIRE COUNTY COUNCIL ARCHIVE ARCHAEOL,11120.0,1,0
North Yorkshire Council,REIGHTON SPEETON PARISH COUNCIL,11055.33,7,0
North Yorkshire Council,NEWTON UPON OUSE PARISH COUNCIL,11025.6,3,0
Eden District Council,GREAT STRICKLAND PARISH COUNCIL,11005.0,4,0
North Yorkshire Council,GLAISDALE PARISH COUNCIL,10971.2,6,0
North Yorkshire Council,DARLEY MENWITH PARISH COUNCIL,10921.7,2,0
North Yorkshire Council,BURTON LEONARD PARISH COUNCIL,10850.5,2,0
Bristol City Council,DUDLEY MBC TRAVEL TRANSPORT TEAM,10805.18,9,0
North Yorkshire Council,HIRST COURTNEY PARISH COUNCIL,10800.0,3,0
Uttlesford District Council,ASHDON PARISH COUNCIL,10792.98,10,0
Royal Borough of Greenwich,TAMESIDE MBC,10731.0,12,0
Royal Borough of Greenwich,ORDNANCE SURVEY,10725.0,2,0
North Yorkshire Council,NHS LANCASHIRE SOUTH CUMBRIA ICB,10701.0,11,0
North Yorkshire Council,LOCKTON PARISH COUNCIL,10656.0,3,0
South Gloucestershire Council,H M LAND REGISTRY,10643.0,7,0
Ministry of Justice,CHESHIRE EAST COUNCIL,10619.98,1,0
Shropshire Community Health NHS Trust,UNIVERSITY HOSPITALS OF DERBY BURTON NHS FT,10575.0,68,0
Royal Borough of Greenwich,HMCTS SUMMONS,10560.0,11,0
UK Trade and Investment,MINISTRY OF JUSTICE,10559.0,5,0
Department for International Development,CITY OF LONDON POLICE,10525.0,3,0
North Yorkshire Council,BAINBRIDGE PARISH COUNCIL,10512.5,4,0
North Yorkshire Council,WHIXLEY PARISH COUNCIL,10444.0,3,0
Blaby District Council,NORFOLK COUNTY COUNCIL,10443.31,8,0
UK Trade and Investment,DEPARTMENT OF HEALTH,10442.54,4,0
Department for International Development,BRITISH COUNCIL MALAWI,10326.06,1,0
North Yorkshire Council,CARLTON IN CELVELAND PARISH COUNCIL,10325.11,4,0
Department for International Development,ENVIRONMENT AGENCY,10320.0,8,0
Natural History Museum,ARTS COUNCIL OF ENGLAND,10260.0,1,0
North Yorkshire Council,HUSTHWAITE PARISH COUNCIL,10252.0,3,0
North Yorkshire Council,ALLERSTON WILTON PARISH COUNCIL,10250.0,2,0
North Yorkshire Council,AYSGARTH DISTRICT PARISH COUNCIL,10250.0,2,0
North Yorkshire Council,DRAX PARISH COUNCIL,10250.0,2,0
North Yorkshire Council,KIRKBY OVERBLOW PARISH COUNCIL,10250.0,2,0
North Yorkshire Council,SKIPWITH PARISH COUNCIL,10250.0,2,0
Former council of North Yorkshire,NEWCASTLE UPON TYNE HOSPITAL NHS FOUNDATION TRUST,10197.9,12,0
Department for International Development,DEPARTMENT FOR TRANSPORT,10185.43,1,0
The National Archives,WAKEFIELD MDC,10172.0,1,0
Bristol City Council,STROUD DISTRICT COUNCIL MUSEUM IN THE PARK,10108.84,6,0
North Yorkshire Council,COUNTY DURHAM DARLINGTON NHS FT,10102.0,1,0
North Yorkshire Council,WILLERBY STAXTON PARISH COUNCIL,10100.0,3,0
Eden District Council,CASTLE SOWERBY PARISH COUNCIL,10067.5,4,0
The National Archives,ARTS COUNCIL ENGLAND,10000.0,1,0
UK Trade and Investment,DESIGN COUNCIL,10000.0,1,0
UK Trade and Investment,FRANCO BRITISH COUNCIL BRITISH SECTION THE,10000.0,2,0
UK Trade and Investment,INDO BRITISH TRADE COUNCIL,10000.0,1,0
"Ministry of Housing, Communities and Local Government",LB RICHMOND UPON THAMES USE405994,10000.0,1,0
The National Archives,LONDON BOROUGH OF BRENT,10000.0,1,0
"Ministry of Housing, Communities and Local Government",NORTH TYNESIDE COUNCIL USE 409163,10000.0,1,0
South Gloucestershire Council,NETWORK RAIL INFRASTRUCTURE,10000.0,1,0
Plymouth City Council,NORTH DEVON DISTRICT COUNCIL,10000.0,1,0
The National Archives,WESTMINSTER CITY COUNCIL,10000.0,1,0
The National Archives,WILTSHIRE COUNCIL,10000.0,1,0
"Ministry of Housing, Communities and Local Government",WIRRAL MBC MERSEYSIDE PENSION FUND,10000.0,1,0
Royal Borough of Greenwich,BRIGHTON HOVE CITY COUNCIL,9986.83,6,0
Bristol City Council,TORFAEN COUNTY BOROUGH COUNCIL,9903.0,10,0
Royal Borough of Greenwich,MILTON KEYNES COUNCIL,9793.28,2,0
Uttlesford District Council,GT EASTON TILTY PARISH COUNCIL,9774.41,5,0
North Yorkshire Council,ROECLIFFE WESTWICK PARISH COUNCIL,9731.5,3,0
North Yorkshire Council,HUNTON PARISH COUNCIL,9694.4,4,0
North Yorkshire Council,NHS WEST YORKSHIRE ICB,9690.0,3,0
North Yorkshire Council,ROSEDALE PARISH COUNCIL,9675.0,2,0
Uttlesford District Council,BARNSTON PARISH COUNCIL,9600.0,5,0
Former council of North Yorkshire,NORTH EAST LINCOLNSHIRE COUNCIL,9591.76,5,0
North Yorkshire Council,NORTH RIGTON PARISH COUNCIL,9547.5,2,0
South Gloucestershire Council,CORNWALL COUNTY COUNCIL,9529.0,2,0
Equality and Human Rights Commission,CITY OF LONDON CITIZENS ADVICE BUREAU,9500.0,1,0
North Yorkshire Council,KIRKBY MALZEARD PARISH COUNCIL,9432.0,2,0
Bristol City Council,SOUTH SOMERSET DISTRICT COUNCIL,9360.23,5,0
North Yorkshire Council,SCRIVEN PARISH COUNCIL PRECEPTS,9315.0,2,0
North Yorkshire Council,STAINFORTH PARISH COUNCIL,9275.0,2,0
Bristol City Council,ASSOCIATION OF RETAINED COUNCIL HOUSING ARCH,9250.0,2,0
Shropshire Community Health NHS Trust,NHS STAFFORD SURROUNDS CCG 05V,9238.0,1,0
Uttlesford District Council,BERDEN PARISH COUNCIL,9235.0,11,0
Uttlesford District Council,ESSEX COUNTY COUNCIL ESCB,9220.0,8,0
Royal Borough of Greenwich,NORFOLK COUNTY COUNCIL,9200.0,3,0
Wales Office,HMCTS,9138.6,4,0
Eden District Council,BANDLEYSIDE PARISH COUNCIL,9127.12,4,0
North Yorkshire Council,SNAPE THORP PARISH COUNCIL,9124.0,2,0
North Yorkshire Council,KIRKLEES COUNCIL,9118.64,1,0
North Yorkshire Council,ALNE PARISH COUNCIL,9100.0,3,0
South Gloucestershire Council,OLDHAM COUNCIL,9086.06,1,0
North Yorkshire Council,HAVERAH PARK WITH BECKWITHSHAW PARISH COUNCIL,9052.5,3,0
Rushmoor Borough Council,TAMESIDE METROPOLITAN BOROUGH COUNCIL,9048.97,3,0
North Yorkshire Council,RAINTON WITH NEWBY PARISH COUNCIL,9010.0,3,0
Plymouth City Council,ISLINGTON COUNCIL,9000.0,1,0
UK Trade and Investment,ROYAL BOROUGH OF GREENWICH,9000.0,1,0
Plymouth City Council,SOUTH WESTERN AMBULANCE SERVICES NHS TRUST,9000.0,1,0
Rushmoor Borough Council,YATELEY TOWN COUNCIL,9000.0,4,0
Blaby District Council,RUTLAND COUNTY COUNCIL,8995.0,2,0
"Department for Digital, Culture, Media and Sport",STOKE ON TRENT CITY COUNCIL,8965.16,3,0
North Yorkshire Council,EPPLEBY PARISH COUNCIL,8962.5,4,0
Transport for Greater Manchester,BRITISH TRANSPORT POLICE NORTH WEST,8960.0,2,0
North Yorkshire Council,SWINTON PARISH COUNCIL,8942.5,3,0
UK Trade and Investment,MOD THE ACCOUNTING OFFICER MINISTRY OF DEFENCE,8930.76,1,0
Royal Borough of Greenwich,LONDON BOROUGH OF ISLINGTON,8929.53,1,0
Uttlesford District Council,WIMBISH PARISH COUNCIL,8901.3,8,0
North Yorkshire Council,INGLEBY ARNCLIFFE PARISH COUNCIL,8900.0,3,0
South Gloucestershire Council,HM REVENUE CUSTOMS ONLY,8858.79,20,0
Uttlesford District Council,HIGH EASTER PARISH COUNCIL,8850.0,7,0
North Yorkshire Council,KELFIELD PARISH COUNCIL,8831.0,3,0
Blaby District Council,NARBOROUGH PARISH COUNCIL,8820.0,3,0
North Yorkshire Council,PICKHILL WITH ROXBY SINDERBY PARISH COUNCIL,8815.3,3,0
Department for International Development,LEEDS CITY COUNCIL,8814.0,1,0
North Yorkshire Council,NHS WAKEFIELD CCG,8798.64,3,0
"Ministry of Housing, Communities and Local Government",INLAND REVENUE,8761.27,2,0
Royal Borough of Greenwich,BOROUGH OF POOLE,8758.67,1,0
South Gloucestershire Council,BIRMINGHAM CITY COUNCIL,8758.0,1,0
Queen Elizabeth II Conference Centre,DEPARTMENT FOR COMMUNITIES LOCAL GOVERNMENT,8696.71,2,0
Cheltenham Borough Council,CHARLTON KINGS PARISH COUNCIL NEIGHBOURHOOD FUND PAYMENT,8658.0,1,0
Shropshire Community Health NHS Trust,SOUTH WARWICKSHIRE NHS FOUNDATION TRUST,8650.0,14,0
North Yorkshire Council,HORTON IN RIBBLESDALE PARISH COUNCIL,8625.0,3,0
North Yorkshire Council,OSGODBY PARISH COUNCIL,8562.0,4,0
UK Trade and Investment,STOCKTON BOROUGH COUNCIL,8548.51,4,0
North Yorkshire Council,KIRBY HILL DISTRICT PARISH COUNCIL,8500.0,3,0
North Yorkshire Council,POTTO PARISH COUNCIL,8500.0,2,0
London Borough of Richmond Upon Thames,ENVIRONMENT AGENCY THAMES REGION,8445.5,1,0
North Yorkshire Council,WOMBLETON PARISH COUNCIL,8424.0,2,0
North Yorkshire Council,THORNTON IN CRAVEN PARISH COUNCIL,8408.34,1,0
North Yorkshire Council,EAST COWTON PARISH COUNCIL,8378.0,3,0
North Yorkshire Council,LEEDS COMMUNITY HEALTHCARE NHS TRUST,8372.0,6,0
UK Trade and Investment,DEPARTMENT FOR COMMUNITIES LOCAL GOVERNMENT,8344.0,1,0
"Ministry of Housing, Communities and Local Government",BUNGAY TOWN COUNCIL,8322.1,2,0
Former council of North Yorkshire,WEST YORKSHIRE PENSION FUND,8298.06,2,0
Bristol City Council,COUNTY COUNCIL OF THE CITY COUNTY OF CARDIFF,8280.17,4,0
North Yorkshire Council,IRTON PARISH COUNCIL,8275.0,2,0
North Yorkshire Council,HOVINGHAM WITH SCACKLETON PARISH COUNCIL,8250.0,2,0
North Yorkshire Council,RIBBLE BANKS PARISH COUNCIL,8250.0,2,0
Uttlesford District Council,CROYDON COUNCIL,8244.0,1,0
Royal Borough of Greenwich,NEATH PORT TALBOT COUNTY BOROUGH COUNCIL,8227.19,3,0
Bristol City Council,BATH NORTH EAST SOMERSET COUNCIL HIGHWAYS,8180.14,4,0
North Yorkshire Council,WASHBURN PARISH COUNCIL,8180.0,2,0
North Yorkshire Council,SKEEBY PARISH COUNCIL,8177.5,2,0
Bristol City Council,NEATH PORT TALBOT COUNTY BOROUGH COUNCIL,8128.34,11,0
North Yorkshire Council,BALDERSBY BALDERSBY ST JAMES PARISH COUNCIL,8110.0,2,0
North Yorkshire Council,KIRKBY FLEETHAM WITH FENCOTES PARISH COUNCIL,8100.0,2,0
Royal Borough of Greenwich,CABINET OFFICE,8058.2,4,0
"Ministry of Housing, Communities and Local Government",PETERBOROUGH CITY COUNCIL PE1 1HQ,8000.0,1,0
UK Trade and Investment,GENERAL COUNCIL OF THE BAR THE BAR STANDARDS BOARD,8000.0,2,0
Bristol City Council,SOUTH WESTERN AMBULANCE SERVICE NHS,7950.0,4,0
Uttlesford District Council,ELSENHAM PARISH COUNCIL,7943.69,5,0
North Yorkshire Council,KIRK HAMMERTON PARISH COUNCIL,7900.0,2,0
Bristol City Council,OLDHAM COUNCIL,7900.0,1,0
North Yorkshire Council,BOLTON PERCY COLTON STEETON PARISH COUNCIL,7895.0,2,0
North Yorkshire Council,NORTHALLERTON TOWN COUNCIL,7875.0,5,0
"Department for Digital, Culture, Media and Sport",ENVIRONMENT AGENCY,7870.0,5,0
North Yorkshire Council,LYTHE PARISH COUNCIL,7853.0,2,0
Eden District Council,HM COURTS SERVICE,7803.0,10,0
North Yorkshire Council,KIRK DEIGHTON PARISH COUNCIL,7791.0,2,0
North Yorkshire Council,EAST HARLSEY PARISH COUNCIL,7788.53,3,0
Equality and Human Rights Commission,HOUNSLOW RACIAL EQUALITY COUNCIL,7750.0,6,0
Former council of North Yorkshire,NETWORK RAIL,7732.69,1,0
Royal Borough of Greenwich,CITY OF YORK COUNCIL,7700.0,2,0
Bristol City Council,GLOUCESTER CITY COUNCIL,7700.0,2,0
North Yorkshire Council,STAPLETON CLEASBY PARISH COUNCIL,7700.0,2,0
North Yorkshire Council,THORNTON IN CRAVEN PARISH COUNCIL C O THE CLERK TO THE PARISH COUNCIL,7690.9,1,0
Shropshire Community Health NHS Trust,POWYS COUNTY COUNCIL,7689.84,24,0
Uttlesford District Council,CABINET OFFICE,7670.0,3,0
Royal Borough of Greenwich,HAMPSHIRE COUNTY COUNCIL,7650.84,3,0
Shropshire Community Health NHS Trust,NORFOLK COMMUNITY HEALTH CARE NHS TRUST,7648.65,1,0
North Yorkshire Council,CLAPHAM CUM NEWBY PARISH COUNCIL,7613.0,2,0
North Yorkshire Council,SMEATON WITH HORNBY PARISH COUNCIL,7596.5,2,0
Bristol City Council,DEPARTMENT FOR WORK PENSIONS,7584.71,3,0
Royal Borough of Greenwich,OLDHAM COUNCIL,7584.0,1,0
North Yorkshire Council,NORTH LINCOLNSHIRE COUNCIL,7568.73,3,0
North Yorkshire Council,LINTON PARISH COUNCIL,7550.0,2,0
Bristol City Council,BRITISH SAFETY COUNCIL,7545.0,3,0
Transport for Greater Manchester,BLACKBURN WITH DARWEN COUNCIL,7500.0,1,0
Royal Borough of Greenwich,DEPARTMENT FOR WORK PENSIONS ONLY,7498.0,10,0
North Yorkshire Council,BARKSTON ASH PARISH COUNCIL,7450.0,3,0
Uttlesford District Council,DUDLEY METROPOLITAN BOROUGH COUNCIL,7440.0,4,0
"Ministry of Housing, Communities and Local Government",NHS EASTERN COASTAL KENT,7424.0,1,0
North Yorkshire Council,RYTHER CUM OSSENDYKE PARISH COUNCIL,7415.0,2,0
UK Trade and Investment,DEPARTMENT FOR TRANSPORT,7405.95,8,0
North Yorkshire Council,LUTTONS PARISH COUNCIL,7400.0,2,0
Shropshire Community Health NHS Trust,NHS NORTH OF ENGLAND CSU,7400.0,4,0
"Department for Environment, Food and Rural Affairs",H M LAND REGISTRY BIRKENHEAD,7355.04,6,0
North Yorkshire Council,TOWTON PARISH COUNCIL,7352.5,2,0
Bristol City Council,WESTON SUPER MARE TOWN COUNCIL,7306.38,3,0
Royal Borough of Greenwich,KENT MEDWAY NHS SCPT,7304.0,1,0
North Yorkshire Council,NETWORK RAIL,7302.63,3,0
North Yorkshire Council,WILTSHIRE COUNTY COUNCIL,7295.3,1,0
Uttlesford District Council,QUENDON RICKLING PARISH COUNCIL,7270.58,3,0
Royal Borough of Greenwich,ENFIELD COUNCIL,7225.9,1,0
Royal Borough of Greenwich,LONDON BOROUGH OF BRENT,7225.9,1,0
"Department for Environment, Food and Rural Affairs",ADUR DISTRICT COUNCIL,7200.0,2,0
North Yorkshire Council,BURTON CUM WALDEN PARISH COUNCIL,7200.0,2,0
Eden District Council,MORLAND PARISH COUNCIL PLAY AREA,7200.0,2,0
"Ministry of Housing, Communities and Local Government",SOLENT NHS TRUST,7198.0,1,0
North Yorkshire Council,SANDHUTTON PARISH COUNCIL,7176.99,2,0
North Yorkshire Council,CLAXTON SAND HUTTON PARISH COUNCIL,7167.5,2,0
North Yorkshire Council,HARMBY PARISH COUNCIL,7160.5,2,0
North Yorkshire Council,BILTON IN AINSTY WITH BICKERTON PARISH COUNCIL,7150.0,1,0
Rushmoor Borough Council,RUSHMOOR BOROUGH COUNCIL,7149.0,8,1
Former council of North Yorkshire,NHS LANCASHIRE SOUTH CUMBRIA ICB,7114.87,9,0
Bristol City Council,NORTH TEES HARTLEPOOL NHS FOUNDATION TRUST,7100.0,3,0
Uttlesford District Council,SEWARDS END PARISH COUNCIL,7100.0,7,0
North Yorkshire Council,WEST DEVON BOROUGH COUNCIL,7100.0,1,0
Foreign and Commonwealth Office,SUVA CITY COUNCIL,7071.82,7,0
North Yorkshire Council,MARTON CUM GRAFTON PARISH COUNCIL,7060.5,2,0
Uttlesford District Council,LITTLE EASTON PARISH COUNCIL,7020.96,6,0
Plymouth City Council,CAMBRIDGESHIRE COUNTY COUNCIL,7007.04,8,0
Wales Office,ARTS COUNCIL OF WALES,7001.25,2,0
North Yorkshire Council,LONG MARSTON PARISH COUNCIL,7000.0,2,0
UK Trade and Investment,GENERAL COUNCIL OF THE BAR,7000.0,5,0
Natural History Museum,BEXLEY COUNCIL,6963.58,2,0
North Yorkshire Council,SOUTH KILVINGTON PARISH COUNCIL,6946.3,3,0
North Yorkshire Council,GATEFORTH PARISH COUNCIL,6900.0,2,0
North Yorkshire Council,STILLINGFLEET PARISH COUNCIL,6875.0,2,0
North Yorkshire Council,LOWER WASHBURN PARISH COUNCIL,6868.6,2,0
North Yorkshire Council,MOOR MONKTON PARISH COUNCIL,6857.99,3,0
North Yorkshire Council,GOATHLAND PARISH COUNCIL,6841.7,8,0
Foreign and Commonwealth Office,CITY OF LONDON CORPORA,6825.0,4,0
Royal Borough of Greenwich,LONDON BOROUGH OF HOUNSLOW,6817.27,2,0
Bristol City Council,KENT COUNTY COUNCIL,6809.03,14,0
Royal Borough of Greenwich,NORTHUMBRIA HEALTHCARE NHS FOUNDATION TRUST,6800.0,1,0
UK Trade and Investment,DEPARTMENT FOR INTERNATIONAL DEVELOPMENT,6783.61,1,0
"Ministry of Housing, Communities and Local Government",NHS INFORMATION CENTRE,6767.77,2,0
North Yorkshire Council,HAROME PARISH COUNCIL,6750.0,2,0
Plymouth City Council,LANCASHIRE COUNTY COUNCIL,6736.45,6,0
Department for Education,LAMBETH COUNCIL,6720.0,1,0
North Yorkshire Council,LITTLE SMEATON PARISH COUNCIL,6690.85,2,0
Uttlesford District Council,LITTLEBURY PARISH COUNCIL,6682.94,5,0
Bristol City Council,NOTTINGHAM CITY COUNCIL,6666.33,6,0
North Yorkshire Council,SETTRINGTON PARISH COUNCIL,6650.0,2,0
Rushmoor Borough Council,SUSSEX COMMUNITY NHS TRUST,6621.5,3,0
North Yorkshire Council,CLOUGHTON PARISH COUNCIL,6620.22,6,0
North Yorkshire Council,BURTON SALMON PARISH COUNCIL,6617.5,2,0
Shropshire Community Health NHS Trust,NORTHERN CARE ALLIANCE NHS FOUNDATION TRUST,6600.0,6,0
Shropshire Community Health NHS Trust,NHS ENGLAND X24,6585.0,24,0
UK Trade and Investment,LEEDS TEACHING HOSPITAL NHS TRUST,6567.86,6,0
Royal Borough of Greenwich,CROYDON HEALTH SERVICES NHS TRUST,6506.67,6,0
Blaby District Council,GLEN PARVA PARISH COUNCIL,6487.34,11,0
Bristol City Council,LEICESTER CITY COUNCIL,6428.64,2,0
Shropshire Community Health NHS Trust,SOUTH LONDON MAUDSLEY NHS FOUNDATION TRUST,6393.41,10,0
Bristol City Council,HM LAND REGISTRY,6380.0,1,0
Department for International Development,OXFORD CITY COUNCIL,6355.0,2,0
North Yorkshire Council,GREWELTHORPE PARISH COUNCIL,6339.0,2,0
Former council of North Yorkshire,BARNSLEY METROPOLITAN BOROUGH COUNCIL,6335.62,3,0
North Yorkshire Council,WAKEFIELD COUNCIL,6319.99,7,0
UK Trade and Investment,MANCHESTER CITY COUNCIL,6315.63,3,0
Plymouth City Council,TAUNTON DEANE BOROUGH COUNCIL,6282.26,3,0
North Yorkshire Council,CLINT CUM HAMLETS PARISH COUNCIL,6250.0,5,0
Natural History Museum,NATURAL ENVIRONMENT RESEARCH COUNCIL,6250.0,3,0
Royal Borough of Greenwich,DERBYSHIRE COUNTY COUNCIL,6247.8,1,0
Bristol City Council,LONDON BOROUGH OF ISLINGTON NRPF TEAM,6215.0,2,0
North Yorkshire Council,SCRUTON PARISH COUNCIL,6200.0,2,0
UK Trade and Investment,BRISTOL CITY COUNCIL,6195.98,5,0
Shropshire Community Health NHS Trust,SHROPSHIRE WREKIN FIRE AUTHORITY,6159.09,4,0
North Yorkshire Council,SCAMPSTON PARISH COUNCIL,6154.72,3,0
London Borough of Richmond Upon Thames,WANDSWORTH COUNCIL,6130.0,2,0
North Yorkshire Council,WIGHILL PARISH COUNCIL,6095.0,2,0
Royal Borough of Greenwich,KENT COMMUNITY HEALTH NHS FOUNDATION TRUST,6080.15,8,0
UK Trade and Investment,KINGSTON UPON HULL CITY COUNCIL,6077.86,3,0
Former council of North Yorkshire,DONCASTER METRO BOROUGH COUNCIL,6076.75,2,0
Royal Borough of Greenwich,WEST SUSSEX COUNTY COUNCIL,6030.02,2,0
Rushmoor Borough Council,NEW FOREST DISTRICT COUNCIL,6026.25,3,0
Royal Borough of Greenwich,SOUTH NORFOLK COUNCIL,6015.0,2,0
Blaby District Council,DERBY CITY COUNCIL,6010.0,5,0
Shropshire Community Health NHS Trust,CENTRAL LONDON COMMUNITY HEALTHCARE NHS TRUST,6000.0,5,0
"Foreign, Commonwealth and Development Office (FCDO)",COUNCIL ON GEOSTRATEGY,6000.0,2,0
UK Trade and Investment,SCOTTISH NORTH AMERICAN BUSINESS COUNCIL,6000.0,1,0
Uttlesford District Council,SAMPFORDS PARISH COUNCIL,6000.0,4,0
London Borough of Richmond Upon Thames,CITY OF LONDON,5990.0,3,0
Uttlesford District Council,STEVENAGE BOROUGH COUNCIL,5964.83,1,0
North Yorkshire Council,KILBURN HIGH LOW PARISH COUNCIL,5950.0,1,0
Uttlesford District Council,TEIGNBRIDGE DISTRICT COUNCIL,5936.67,14,0
Royal Borough of Greenwich,LONDON AMBULANCE SERVICE NHS TRUST,5862.6,5,0
North Yorkshire Council,HIGH LOW WORSALL PARISH COUNCIL,5851.8,2,0
"Ministry of Housing, Communities and Local Government",MID SUSSEX DISTRICT COUNCIL,5850.0,1,0
Uttlesford District Council,LITTLE HALLINGBURY PARISH COUNCIL,5800.0,3,0
Shropshire Community Health NHS Trust,SHEFFIELD CHILDRENS NHS FOUNDATION TRUST,5800.0,3,0
North Yorkshire Council,KNAYTON WITH BRAWITH PARISH COUNCIL,5793.76,2,0
Shropshire Community Health NHS Trust,WORCESTERSHIRE ACUTE HOSPITALS NHS TRUST,5740.5,5,0
Eden District Council,KABER PARISH COUNCIL,5728.59,4,0
Bristol City Council,CITY OF EXETER Y M C A,5712.68,3,0
Shropshire Community Health NHS Trust,TELFORD WREKIN INTERFAITH COUNCIL,5680.0,92,0
Uttlesford District Council,HATFIELD BROAD OAK PARISH COUNCIL,5669.52,4,0
Shropshire Community Health NHS Trust,NHS NORTH OF ENGLAND CSU 0AR,5657.0,1,0
North Yorkshire Council,BURTON SALMON TOWN COUNCIL,5630.5,1,0
North Yorkshire Council,BILBROUGH PARISH COUNCIL,5600.0,2,0
Shropshire Community Health NHS Trust,CABINET OFFICE,5600.0,15,0
Eden District Council,HUTTON PARISH COUNCIL,5592.97,4,0
Shropshire Community Health NHS Trust,NHS TRUST DEVELOPMENT AUTHORITY 74T,5590.0,13,0
North Yorkshire Council,AMOTHERBY PARISH COUNCIL,5557.5,2,0
North Yorkshire Council,RASKELF PARISH COUNCIL,5555.0,1,0
Department of Health and Social Care,GUY S ST THOMAS NHS,5543.3,8,0
Bristol City Council,GLOUCESTERSHIRE COUNTY COUNCIL LPGS,5519.49,6,0
"Ministry of Housing, Communities and Local Government",HINDU COUNCIL UK,5500.0,3,0
Former council of North Yorkshire,KELLINGTON PARISH COUNCIL,5500.0,2,0
"Ministry of Housing, Communities and Local Government",NEW FOREST DISTRICT COUNCIL,5500.0,2,0
North Yorkshire Council,WEAVERTHORPE PARISH COUNCIL,5500.0,2,0
North Yorkshire Council,STUTTON CUM HAZLEWOOD PARISH COUNCIL,5456.0,1,0
Natural History Museum,NATURAL ENVIRONMENT RES COUNCIL RCUK,5418.2,2,0
North Yorkshire Council,RAVENSWORTH PARISH COUNCIL,5400.0,2,0
Royal Borough of Greenwich,NOTTINGHAMSHIRE COUNTY COUNCIL,5369.6,2,0
"Department for Environment, Food and Rural Affairs",J M CATALYSTS PCT,5325.6,3,0
Blaby District Council,LEICESTERSHIRE FIRE RESCUE SERVICE,5302.56,6,0
North Yorkshire Council,COXWOLD PARISH COUNCIL,5300.0,2,0
North Yorkshire Council,NEWBY PARISH COUNCIL,5292.92,2,0
Department of Health and Social Care,DEPARTMENT FOR WORK PENSIONS,5291.8,1,0
Department for International Development,POLICE CRIME COMMISSIONER FOR GLOUCESTERSHIRE,5215.5,1,0
North Yorkshire Council,FOUNTAINS ABBEY PARISH COUNCIL,5150.0,1,0
Transport for Greater Manchester,CABINET OFFICE,5142.37,5,0
Former council of North Yorkshire,BARLBY OSGODBY TOWN COUNCIL,5088.0,2,0
North Yorkshire Council,STAINTONDALE PARISH COUNCIL,5055.22,5,0
Eden District Council,LANCASHIRE COUNTY COUNCIL,5050.0,1,0
Equality and Human Rights Commission,DEPARTMENT OF TRANSPORT,5047.13,1,0
Rushmoor Borough Council,HAMPSHIRE FIRE RESCUE SERVICE,5045.19,4,0
Uttlesford District Council,HATFIELD HEATH PARISH COUNCIL,5036.85,5,0
Bristol City Council,PLYMOUTH CITY COUNCIL THE BOX,5031.8,3,0
Former council of North Yorkshire,WOMBLETON PARISH COUNCIL,5008.0,1,0
North Yorkshire Council,AINDERBY STEEPLE PARISH COUNCIL,5000.0,1,0
North Yorkshire Council,ALDWARK PARISH COUNCIL,5000.0,1,0
North Yorkshire Council,APPLETON ROEBUCK ACASTER SELBY PARISH COUNCIL,5000.0,1,0
Transport for Greater Manchester,BOLTON COUNCIL OF MOSQUES,5000.0,2,0
UK Trade and Investment,BUSINESS COUNCIL FOR AFRICA,5000.0,1,0
North Yorkshire Council,CONSTABLE BURTON FINGHALL PARISH COUNCIL,5000.0,1,0
South Gloucestershire Council,CHARFIELD PARISH COUNCIL,5000.0,1,0
Cheltenham Borough Council,CHELTENHAM ARTS COUNCIL,5000.0,1,0
North Yorkshire Council,HEALAUGH CATTERTON PARISH COUNCIL,5000.0,1,0
North Yorkshire Council,HECK PARISH COUNCIL,5000.0,1,0
Former council of North Yorkshire,KNARESBOROUGH TOWN COUNCIL,5000.0,2,0
North Yorkshire Council,LITTLE OUSEBURN PARISH COUNCIL,5000.0,2,0
UK Trade and Investment,NORTH TYNESIDE COUNCIL,5000.0,1,0
Former council of North Yorkshire,PANNAL BURN BRIDGE PARISH COUNCIL,5000.0,2,0
Bristol City Council,SOUTHAMPTON CITY COUNCIL CULTURAL SERVICES,5000.0,2,0
Plymouth City Council,TEIGNBRIDGE DISTRICT COUNCIL,5000.0,1,0
North Yorkshire Council,UGTHORPE HUTTON MULGRAVE PARISH COUNCIL,5000.0,1,0
North Yorkshire Council,WEST WITTON PARISH COUNCIL,5000.0,1,0
North Yorkshire Council,PATRICK BROMPTON PARISH COUNCIL,4987.5,1,0
Natural History Museum,HOME OFFICE,4982.0,5,0
North Yorkshire Council,TERRINGTON PARISH COUNCIL,4927.0,2,0
North Yorkshire Council,NEWTON KYME CUM TOULSTON PARISH COUNCIL,4925.0,1,0
Transport for Greater Manchester,CUMBRIA COUNTY COUNCIL,4924.34,1,0
Uttlesford District Council,MANUDEN PARISH COUNCIL,4923.0,8,0
North Yorkshire Council,KIRKLINGTON WITH SUTTON HOWGRAVE PARISH COUNCIL,4922.9,2,0
Former council of North Yorkshire,MINISTRY OF DEFENCE,4904.01,6,0
North Yorkshire Council,NEWHOLM CUM DUNSLEY PARISH COUNCIL,4900.0,2,0
North Yorkshire Council,NORTH COWTON PARISH COUNCIL,4900.0,1,0
North Yorkshire Council,LITTLETHORPE PARISH COUNCIL,4800.0,1,0
North Yorkshire Council,PARISH COUNCIL OF STUTTON CUM HAZELWOOD,4787.5,1,0
Blaby District Council,LEICESTER FOREST EAST PARISH COUNCIL,4780.62,4,0
"Ministry of Housing, Communities and Local Government",MIDDLESBROUGH COUNCIL USE810060,4760.52,1,0
North Yorkshire Council,WEETON PARISH COUNCIL C O DAVID CHALMERS,4750.0,1,0
North Yorkshire Council,INGLEBY GREENHOW PARISH COUNCIL,4725.0,1,0
North Yorkshire Council,FLAXTON PARISH COUNCIL PRECEPTS,4715.0,2,0
Shropshire Community Health NHS Trust,VODAFONE RETAIL NHS CARE CLUB,4685.5,474,0
Rushmoor Borough Council,TEST VALLEY BOROUGH COUNCIL,4667.01,3,0
Shropshire Community Health NHS Trust,ALDER HEY CHILDRENS NHS FOUNDTION TRUST,4639.0,4,0
"Foreign, Commonwealth and Development Office (FCDO)",BRADFORD MET COUNCIL,4635.0,2,0
North Yorkshire Council,FEARBY HEALEY DISTRICT PARISH COUNCIL,4633.75,2,0
Rushmoor Borough Council,SOUTHAMPTON CITY COUNCIL,4604.95,1,0
Transport for Greater Manchester,SYRIAN COMMUNITY COUNCIL,4598.97,2,0
North Yorkshire Council,ASENBY PARISH COUNCIL,4550.0,2,0
Former council of North Yorkshire,RICHMOND TOWN COUNCIL,4531.25,3,0
Transport for Greater Manchester,DRIVER VEHICLE LICENSING AGENCY,4520.54,1,0
Transport for Greater Manchester,DEPT FOR SCIENCE INNOVATION TE,4502.68,1,0
North Yorkshire Council,ASKRIGG LOW ABBOTSIDE PARISH COUNCIL,4500.0,1,0
Former council of North Yorkshire,CARLETON IN CRAVEN PARISH COUNCIL,4500.0,1,0
Former council of North Yorkshire,CRIDLING STUBBS PARISH COUNCIL,4500.0,1,0
North Yorkshire Council,KETTLEWELL WITH STARBOTTON PARISH COUNCIL,4500.0,1,0
North Yorkshire Council,LITTLE RIBSTON PARISH COUNCIL,4500.0,2,0
Former council of North Yorkshire,ROMANBY PARISH COUNCIL,4500.0,3,0
North Yorkshire Council,SUTTON UNDER WHITESTONECLIFFE PARISH COUNCIL,4500.0,1,0
Bristol City Council,TAUNTON SOMERSET NHS FOUNDATION TRUST,4500.0,1,0
North Yorkshire Council,WELL PARISH COUNCIL,4500.0,1,0
Rushmoor Borough Council,HAMPSHIRE POLICE AUTHORITY,4499.86,1,0
Eden District Council,ALLERDALE BOROUGH COUNCIL,4470.64,2,0
North Yorkshire Council,NHS PENSIONS,4463.01,2,0
Former council of North Yorkshire,SELBY TOWN COUNCIL,4462.8,1,0
North Yorkshire Council,EAST WITTON PARISH COUNCIL,4450.0,1,0
Department for International Development,DEPARTMENT FOR WORK PENSIONS,4447.0,2,0
North Yorkshire Council,CALDERDALE METROPOLITAN BOROUGH COUNCIL,4423.0,3,0
North Yorkshire Council,HUDSWELL DISTRICT PARISH COUNCIL,4410.0,1,0
Blaby District Council,KILBY PARISH COUNCIL,4400.21,1,0
North Yorkshire Council,UPPER NIDDERDALE PARISH COUNCIL,4400.0,1,0
South Gloucestershire Council,SURREY COUNTY COUNCIL,4379.33,1,0
Shropshire Community Health NHS Trust,UNIVERSITY HOSPITALS OF NORTH MIDLANDS NHS,4372.86,39,0
East Sussex Healthcare NHS Trust,MAIDSTONE TUNBRIDGE WELLS NHS TRUST,4366.86,4,0
North Yorkshire Council,MANFIELD WITH CLIFFE PARISH COUNCIL,4357.0,1,0
South Gloucestershire Council,PLYMOUTH CITY COUNCIL,4353.79,2,0
North Yorkshire Council,49TH SCARBOROUGH EASTFIELD SCOUT GROUP COUNCIL,4350.0,2,0
North Yorkshire Council,GATE UPPER HELMSLEY PARISH COUNCIL,4350.0,2,0
Royal Borough of Greenwich,HMCTS WARRANTS,4350.0,7,0
North Yorkshire Council,DURHAM COUNTY COUNCIL,4321.0,1,0
Uttlesford District Council,CHRISHALL PARISH COUNCIL,4300.0,4,0
Shropshire Community Health NHS Trust,LEEDS YORK PARTNERSHIP NHS FT,4300.0,11,0
Plymouth City Council,NORTHERN DEVON HEALTHCARE NHS TRUST,4287.0,4,0
Shropshire Community Health NHS Trust,UNIVERSITY HOSPITAL OF SOUTH MANCHESTER NHS FOUNDATION TRUST,4268.53,12,0
Royal Borough of Greenwich,LEEDS CITY COUNCIL,4266.73,1,0
Shropshire Community Health NHS Trust,UNIVERSITY HOSPITAL OF NORTH STAFFS NHS TRUST,4254.14,5,0
North Yorkshire Council,CRAYKE PARISH COUNCIL,4253.5,2,0
North Yorkshire Council,CHAPEL HADDLESEY PARISH COUNCIL,4250.0,1,0
Department for Education,DEPARTMENT OF WORKING,4250.0,2,0
North Yorkshire Council,PARISH COUNCIL OF GILLING EAST WITH CAWTON COULTON GRIMSTON,4250.0,2,0
Bristol City Council,GLOUCESTER CITY COUNCIL MUSEUM,4237.62,3,0
Royal Borough of Greenwich,BARKING HAVERING REDBRIDGE NHS TRUST,4224.0,4,0
Blaby District Council,KIRBY PARISH COUNCIL,4211.48,2,0
Royal Borough of Greenwich,LEWISHAM PCT,4200.0,1,0
UK Trade and Investment,METROPOLITAN POLICE AUTHORITY,4196.71,4,0
North Yorkshire Council,HACKNESS HARWOOD DALE GROUP PARISH COUNCIL,4188.95,5,0
Shropshire Community Health NHS Trust,GREAT DAWLEY PARISH COUNCIL,4186.0,76,0
Plymouth City Council,WORCESTERSHIRE COUNTY COUNCIL,4166.67,1,0
Bristol City Council,BELLS TWO TONES FIRE RESCUE,4160.0,2,0
Transport for Greater Manchester,SEFTON COUNCIL,4150.0,8,0
UK Trade and Investment,NATURAL ENVIRONMENT RESEARCH COUNCIL,4137.63,4,0
North Yorkshire Council,KIRBY WISKE NEWSHAM WITH BRECKENBROUGH PARISH COUNCIL,4130.0,1,0
Uttlesford District Council,FARNHAM PARISH COUNCIL,4100.0,6,0
North Yorkshire Council,AISLABY PARISH COUNCIL,4072.84,6,0
"Ministry of Housing, Communities and Local Government",HAMPSHIRE FIRE RESCUE SERVICE,4031.82,3,0
Equality and Human Rights Commission,HMRC,4009.5,1,0
North Yorkshire Council,BEADLAM PARISH COUNCIL,4000.0,1,0
Former council of North Yorkshire,BURNESTON SWAINBY WITH ALLERTHORPE THEAKSTON PARISH COUNCIL,4000.0,2,0
North Yorkshire Council,CROFT ON TEES PARISH COUNCIL,4000.0,1,0
North Yorkshire Council,HEBDEN PARISH COUNCIL,4000.0,1,0
North Yorkshire Council,ROXBY PARISH COUNCIL,4000.0,1,0
North Yorkshire Council,SEAMER PARISH COUNCIL,4000.0,1,0
North Yorkshire Council,SINNINGTON PARISH COUNCIL,4000.0,2,0
North Yorkshire Council,WATH NORTON CONYERS GROUPED PARISH COUNCIL,4000.0,1,0
North Yorkshire Council,WELBURN MALTON PARISH COUNCIL,4000.0,1,0
Natural History Museum,LEEDS CITY COUNCIL,3999.63,2,0
North Yorkshire Council,CRIDLING STUBBS PARISH COUNCIL,3996.84,1,0
"Department for Environment, Food and Rural Affairs",POWYS COUNTY COUNCIL,3989.0,4,0
North Yorkshire Council,ALDBROUGH ST JOHN PARISH COUNCIL,3950.0,1,0
Uttlesford District Council,WILTSHIRE COUNCIL BUILDING CONTROL,3949.85,9,0
North Yorkshire Council,HARROGATE BOROUGH COUNCIL,3943.39,2,0
Rushmoor Borough Council,WOKING BOROUGH COUNCIL,3937.5,4,0
North Yorkshire Council,EGTON PARISH COUNCIL,3900.0,1,0
Former council of North Yorkshire,TOCKWITH WITH WILSTROP PARISH COUNCIL,3894.15,3,0
Blaby District Council,HM REVENUE CUSTOMS,3886.0,1,0
North Yorkshire Council,AZERLEY PARISH COUNCIL,3875.0,1,0
Bristol City Council,SHEFFIELD CITY COUNCIL,3868.59,3,0
Shropshire Community Health NHS Trust,HOME OFFICE,3858.84,15,0
Bristol City Council,BROMSGROVE DISTRICT COUNCIL FOR WORCESTERSHIRE REGULATORY SERVICES,3850.65,5,0
North Yorkshire Council,SKELTON CUM NEWBY PARISH COUNCIL,3844.0,2,0
"Ministry of Housing, Communities and Local Government",HIGHWAYS ENGLAND COMPANY,3804.0,2,0
North Yorkshire Council,DALTON ON TEES PARISH COUNCIL,3800.0,1,0
Former council of North Yorkshire,NORTON TOWN COUNCIL,3800.0,1,0
North Yorkshire Council,ST MARTINS PARISH COUNCIL,3780.0,1,0
Department for International Development,VALUATION OFFICE AGENCY,3780.0,2,0
Department for International Development,GLASGOW CITY COUNCIL,3773.7,2,0
Department of Health and Social Care,HM REVENUE CUSTOMS PAYE S,3761.31,1,0
North Yorkshire Council,NEWTON LE WILLOWS PARISH COUNCIL,3760.0,1,0
North Yorkshire Council,MID WHARFEDALE GROUPED PARISH COUNCIL,3750.0,1,0
Eden District Council,TRAFFORD METROPOLITAN BOROUGH COUNCIL,3750.0,5,0
Department for International Development,NATIONAL COUNCIL RESEARCH,3734.21,1,0
Department of Health and Social Care,NHS SBS,3725.84,4,0
Royal Borough of Greenwich,LONDON AMBULANCE SERVICE,3722.33,4,0
Rushmoor Borough Council,DUDLEY METROPOLITAN BOROUGH COUNCIL,3720.0,3,0
Former council of North Yorkshire,SHERBURN IN ELMET PARISH COUNCIL,3700.0,2,0
North Yorkshire Council,WEETON PARISH COUNCIL,3700.0,2,0
HM Treasury,DEPARTMENT OF WORKING,3689.0,4,0
South Gloucestershire Council,MARSHFIELD PARISH COUNCIL,3672.0,2,0
Uttlesford District Council,LANGLEY PARISH COUNCIL,3650.0,4,0
Uttlesford District Council,SHROPSHIRE COUNCIL,3640.0,13,0
North Yorkshire Council,GROSMONT PARISH COUNCIL,3621.19,5,0
"Foreign, Commonwealth and Development Office (FCDO)",CARIBBEAN COUNCIL,3600.0,1,0
North Yorkshire Council,STANWICK ST JOHN PARISH COUNCIL,3600.0,2,0
North Yorkshire Council,GRINTON ELLERTON ABBEY PARISH COUNCIL,3560.0,1,0
North Yorkshire Council,PRESTON UNDER SCAR PARISH COUNCIL,3550.0,1,0
Blaby District Council,CROFT PARISH COUNCIL,3506.5,3,0
North Yorkshire Council,CARPERBY CUM THORESBY PARISH COUNCIL,3500.0,1,0
North Yorkshire Council,DANBY WISKE WITH LAZENBY PARISH COUNCIL,3500.0,1,0
Eden District Council,DEPARTMENT OF ENVIRONMENT FOOD RURAL AFFAIRS,3500.0,1,0
North Yorkshire Council,HACKFORTH COMBINED PARISH COUNCIL,3500.0,1,0
North Yorkshire Council,HESLERTON PARISH COUNCIL,3500.0,1,0
"Ministry of Housing, Communities and Local Government",MINISTRY OF JUSTICE USE 300133,3500.0,1,0
Former council of North Yorkshire,SMEATON WITH HORNBY PARISH COUNCIL,3500.0,1,0
Former council of North Yorkshire,STOKESLEY TOWN COUNCIL,3500.0,2,0
North Yorkshire Council,THORNTON WATLASS PARISH COUNCIL,3500.0,2,0
Former council of North Yorkshire,WHITBY TOWN COUNCIL,3500.0,2,0
North Yorkshire Council,DONCASTER METRO BOROUGH COUNCIL,3472.27,1,0
Equality and Human Rights Commission,NHS CONFEDERATION,3456.0,1,0
UK Trade and Investment,WIRRAL BOROUGH COUNCIL,3450.74,1,0
Department for International Development,WEST YORKSHIRE FIRE RESCUE SERVICE,3437.91,1,0
Uttlesford District Council,VALUATION OFFICE,3412.5,4,0
North Yorkshire Council,BCP COUNCIL,3400.0,2,0
Uttlesford District Council,GREAT CANFIELD PARISH COUNCIL,3400.0,5,0
North Yorkshire Council,MARSKE NEW FOREST PARISH COUNCIL,3390.0,1,0
Former council of North Yorkshire,WEST DEVON BOROUGH COUNCIL,3381.0,1,0
Former council of North Yorkshire,ROTHERHAM METROPOLITAN BOROUGH COUNCIL,3362.34,3,0
South Gloucestershire Council,AVON PENSION FUND,3357.75,1,0
North Yorkshire Council,FOXHOLES WITH BUTTERWICK PARISH COUNCIL C O S LACEY,3350.0,1,0
North Yorkshire Council,NAWTON PARISH COUNCIL,3350.0,2,0
"Department for Environment, Food and Rural Affairs",ENVIRONMENT AGENCY PUBLICATIONS,3349.0,4,0
Shropshire Community Health NHS Trust,BIRMINGHAM CHILDRENS HOSPITAL NHS FOUNDATION TRUST,3340.0,11,0
North Yorkshire Council,ARKENGARTHDALE PARISH COUNCIL,3300.0,1,0
"Ministry of Housing, Communities and Local Government",MID SUFFOLK DISTRICT COUNCIL,3273.0,1,0
Department for International Development,INLAND REVENUE,3252.77,1,0
North Yorkshire Council,BALNE PARISH COUNCIL,3250.0,1,0
North Yorkshire Council,BORROWBY PARISH COUNCIL,3250.0,1,0
North Yorkshire Council,NEWTON STAPE PARISH COUNCIL,3250.0,1,0
"Department for Environment, Food and Rural Affairs",ENVIRONMENT AGENCY ROTHERHAM,3249.36,2,0
Shropshire Community Health NHS Trust,ROTHERHAM NHS FOUNDATION TRUST,3231.0,35,0
"Department for Environment, Food and Rural Affairs",COMPANIES HOUSE,3225.0,3,0
"Department for Digital, Culture, Media and Sport",LB CAMDEN,3212.26,1,0
Uttlesford District Council,IPSWICH BOROUGH COUNCIL,3203.2,2,0
North Yorkshire Council,KIRBY MISPERTON PARISH COUNCIL PRECEPT,3200.71,1,0
UK Trade and Investment,FRENCH BUSINESS COUNCIL,3200.0,3,0
North Yorkshire Council,TUNSTALL PARISH COUNCIL,3200.0,1,0
"Foreign, Commonwealth and Development Office (FCDO)",LA POLICE GEAR INC,3195.55,2,0
Royal Borough of Greenwich,LONDON NORTH WEST HEALTHCARE NHS TRUST,3155.0,3,0
North Yorkshire Council,THORNTON LE MOOR WITH THORNRON LE STREET PARISH COUNCIL,3150.0,1,0
North Yorkshire Council,WYKEHAM PARISH COUNCIL,3126.0,1,0
North Yorkshire Council,BRANDSBY CUM STEARSBY PARISH COUNCIL,3125.0,1,0
"Foreign, Commonwealth and Development Office (FCDO)",CARDIFF COUNCIL EPAY,3120.0,1,0
North Yorkshire Council,FOSTON THORNTON LE CLAY PARISH COUNCIL,3120.0,1,0
Former council of North Yorkshire,LEYBURN TOWN COUNCIL,3120.0,2,0
North Yorkshire Council,FELLISCLIFFE PARISH COUNCIL,3115.5,1,0
"Department for Environment, Food and Rural Affairs",GLOUCESTER COUNCIL,3109.7,1,0
North Yorkshire Council,CATTAL HUNSINGORE WALSHFORD GROUPED PARISH COUNCIL,3106.0,1,0
North Yorkshire Council,BUCKDEN PARISH COUNCIL,3100.0,1,0
North Yorkshire Council,MELBECKS PARISH COUNCIL,3100.0,2,0
Shropshire Community Health NHS Trust,STOCKPORT NHS FOUNDATION TRUST,3095.0,40,0
London Borough of Richmond Upon Thames,SHROPSHIRE COUNTY COUNCIL,3091.0,1,0
Eden District Council,SEFTON COUNCIL,3083.33,5,0
North Yorkshire Council,SNEATON PARISH COUNCIL,3081.0,1,0
"Department for Environment, Food and Rural Affairs",EAST RIDING COUNCIL,3066.24,3,0
North Yorkshire Council,KEARBY WITH NETHERBY PARISH COUNCIL,3050.0,1,0
Royal Borough of Greenwich,ROYAL FREE LONDON NHS FOUNDATION TRUST,3044.0,4,0
Natural History Museum,RB KEN CHELSEA,3043.2,15,0
"Ministry of Housing, Communities and Local Government",CITY OF LONDON POLICE,3036.0,2,0
Department for International Development,BRITISH COUNCIL MOZAMBIQUE,3035.8,2,0
Foreign and Commonwealth Office,LA POLICE GEAR,3032.17,3,0
Former council of North Yorkshire,RYEDALE DISTRICT COUNCIL KICKSTART,3029.72,3,0
Bristol City Council,SOMERSET PARTNERSHIP NHS FOUNDATION TRUST,3023.0,4,0
"Department for Environment, Food and Rural Affairs",GLOS COUNTY COUNCIL,3020.39,4,0
North Yorkshire Council,APPLETREEWICK PARISH COUNCIL,3000.0,1,0
Eden District Council,ARTHURET PARISH COUNCIL,3000.0,1,0
North Yorkshire Council,BARTON LE WILLOWS PARISH COUNCIL,3000.0,1,0
Former council of North Yorkshire,BEDALE TOWN COUNCIL,3000.0,1,0
North Yorkshire Council,CARTHORPE PARISH COUNCIL,3000.0,1,0
Former council of North Yorkshire,HARROGATE BOROUGH COUNCIL DIRECT CREDITS ACCOUNT,3000.0,1,0
North Yorkshire Council,NEWLAND PARISH COUNCIL,3000.0,1,0
North Yorkshire Council,NEWSHAM PARISH COUNCIL,3000.0,1,0
North Yorkshire Council,SICKLINGHALL PARISH COUNCIL,3000.0,1,0
North Yorkshire Council,THIRKLEBY HIGH LOW WITH OSGODBY PARISH COUNCIL,3000.0,1,0
Bristol City Council,YATE TOWN COUNCIL,3000.0,1,0
HM Treasury,E OF ENGLAND AMBULANCE SERVICE,2996.4,3,0
Plymouth City Council,ROYAL DEVON EXETER NHS FOUNDATION TRUST,2991.58,2,0
Plymouth City Council,DVLA,2985.45,2,0
Uttlesford District Council,LITTLE CANFIELD PARISH COUNCIL,2982.03,6,0
North Yorkshire Council,ARKENDALE CONEYTHORPE CLARETON PARISH COUNCIL,2976.5,1,0
North Yorkshire Council,HUTTONS AMBO PARISH COUNCIL,2975.0,1,0
Cheltenham Borough Council,BROMSGROVE DISTRICT COUNCIL,2963.52,5,0
UK Trade and Investment,NHS CONFEDERATION,2944.8,2,0
"Foreign, Commonwealth and Development Office (FCDO)",WWW POLICEORACLE COM,2940.0,1,0
North Yorkshire Council,MICKLEBY GROUP PARISH COUNCIL,2925.0,1,0
Bristol City Council,TETBURY POLICE MUSEUM,2925.0,1,0
Former council of North Yorkshire,GLAISDALE PARISH COUNCIL,2924.0,2,0
"Department for Environment, Food and Rural Affairs",CALDERDALE MBC,2913.84,2,0
North Yorkshire Council,MELMERBY MIDDLETON PARISH COUNCIL,2909.0,1,0
North Yorkshire Council,BULMER PARISH COUNCIL,2900.0,1,0
"Foreign, Commonwealth and Development Office (FCDO)",OXFORD HEALTH NHS FT,2900.0,3,0
Royal Borough of Greenwich,GATESHEAD COUNCIL,2893.38,2,0
South Gloucestershire Council,NEATH PORT TALBOT COUNTY BOROUGH COUNCIL,2876.0,1,0
London Borough of Richmond Upon Thames,SURREY COUNTY COUNCIL,2867.5,1,0
"Ministry of Housing, Communities and Local Government",NORTH BRADFORD PRIMARY CARE TRUST,2866.6,2,0
UK Trade and Investment,DWP DEPARTMENT FOR WORK PENSIONS,2862.58,5,0
Uttlesford District Council,LITTLE DUNMOW PARISH COUNCIL,2827.05,5,0
Blaby District Council,ELMESTHORPE PARISH COUNCIL,2821.05,2,0
North Yorkshire Council,ASSOCIATION OF RETAINED COUNCIL HOUSING,2812.5,1,0
Former council of North Yorkshire,INGLETON PARISH COUNCIL,2796.0,1,0
"Department for Environment, Food and Rural Affairs",HOME OFFICE,2790.0,3,0
Shropshire Community Health NHS Trust,BIRMINGHAM WOMENS CHILDRENS HOSPITAL NHS FT,2773.0,3,0
North Yorkshire Council,BILSDALE MIDCABLE PARISH COUNCIL,2765.0,1,0
Blaby District Council,THURLASTON PARISH COUNCIL,2752.5,1,0
South Gloucestershire Council,COUNCIL OF THE ISLES OF SCILLY,2750.0,1,0
North Yorkshire Council,GRINTON ELERTON ABBEY PARISH COUNCIL,2750.0,1,0
North Yorkshire Council,SCAGGLETHORPE PARISH COUNCIL,2750.0,1,0
North Yorkshire Council,WESTOW PARISH COUNCIL,2750.0,1,0
North Yorkshire Council,NETWORK RAIL INFRASTRUCTURE,2722.62,1,0
North Yorkshire Council,SHEFFIELD CHILDRENS HOSPITAL NHS TRUST,2716.0,2,0
Eden District Council,INLAND REVENUE,2696.4,3,0
North Yorkshire Council,KIRKBY IN CLEVELAND PARISH COUNCIL,2650.0,1,0
"Foreign, Commonwealth and Development Office (FCDO)",DEPARTMENT OF WORKING,2643.08,2,0
North Yorkshire Council,MARTON LE MOOR PARISH COUNCIL,2630.0,1,0
North Yorkshire Council,SILTONS KEPWICK LANDMOTH CUM CATTO PARISH COUNCIL,2625.0,1,0
Plymouth City Council,WWW DVLA GOV UK,2610.0,4,0
North Yorkshire Council,MUKER PARISH COUNCIL,2600.0,1,0
Blaby District Council,NORTH KESTEVEN DISTRICT COUNCIL,2600.0,5,0
North Yorkshire Council,WORSALL PARISH COUNCIL,2598.0,1,0
Bristol City Council,CHIPPENHAM TOWN COUNCIL,2583.63,2,0
UK Trade and Investment,EAST OF ENGLAND AMBULANCE SERVICE NHS TRUST,2580.0,6,0
Bristol City Council,TETBURY POLICE MUSEUM COURTROOM,2580.0,1,0
Royal Borough of Greenwich,VALUATION OFFICE AGENCY,2574.0,2,0
Uttlesford District Council,HEMPSTEAD PARISH COUNCIL,2548.55,4,0
North Yorkshire Council,SHEFFIELD TEACHING HOSPITALS NHS TRUST,2546.7,2,0
Former council of North Yorkshire,LEEDS TEACHING HOSPITALS NHS TRUST,2535.88,3,0
Bristol City Council,NATIONAL MUSEUMS DIRECTORS COUNCIL,2529.77,1,0
Royal Borough of Greenwich,LONDON BOROUGH OF SUTTON,2529.54,4,0
South Gloucestershire Council,HEREFORD COUNCIL,2520.0,1,0
Royal Borough of Greenwich,CITY OF BRADFORD MDC,2500.0,1,0
North Yorkshire Council,GANTON POTTER BROMPTON PARISH COUNCIL,2500.0,1,0
North Yorkshire Council,REETH FREMINGTON HEALAUGH PARISH COUNCIL,2500.0,1,0
Uttlesford District Council,RADWINTER PARISH COUNCIL,2500.0,3,0
North Yorkshire Council,WINTRINGHAM PARISH COUNCIL,2500.0,1,0
Uttlesford District Council,DEBDEN PARISH COUNCIL,2482.5,4,0
London Borough of Richmond Upon Thames,LONDON PENSION FUND AUTHORITY,2462.79,2,0
Natural History Museum,NOTTINGHAM CITY COUNCIL,2452.5,1,0
Uttlesford District Council,WENDENS AMBO PARISH COUNCIL,2450.29,5,0
Former council of North Yorkshire,OSGODBY PARISH COUNCIL,2449.99,2,0
Department of Health and Social Care,NHS DIRECT,2433.69,5,0
Blaby District Council,NHS LEICESTER CITY CCG,2420.0,1,0
Rushmoor Borough Council,DVLA,2400.0,4,0
HM Treasury,HOME OFFICE,2400.0,1,0
North Yorkshire Council,DUNSFORTH PARISH COUNCIL,2395.0,1,0
Royal Borough of Greenwich,DEPARTMENT FOR WORK PENSIONS,2384.0,3,0
Transport for Greater Manchester,GREATER MANCHESTER COMBINED AUTHORITY,2354.4,4,0
Uttlesford District Council,UGLEY PARISH COUNCIL,2351.0,4,0
Shropshire Community Health NHS Trust,HEART OF ENGLAND NHS FOUNDATION TRUST,2330.12,25,0
Equality and Human Rights Commission,CYNGOR GWYNEDD COUNCIL,2320.43,1,0
Uttlesford District Council,ELMDON WENDEN LOFTS PARISH COUNCIL,2320.0,6,0
North Yorkshire Council,GILLING WEST PARISH COUNCIL,2310.0,1,0
South Gloucestershire Council,LANCASHIRE COUNTY COUNCIL,2300.0,2,0
Shropshire Community Health NHS Trust,NHS KENT MEDWAY ICB,2291.0,1,0
Natural History Museum,BRITISH COUNCIL,2261.5,1,0
"Foreign, Commonwealth and Development Office (FCDO)",BRITISH COUNCIL CUST,2260.5,2,0
Bristol City Council,SHROPSHIRE COUNTY COUNCIL SHROPSHIRE COUNCIL SHARED LIVES,2257.2,1,0
Rushmoor Borough Council,MINISTRY OF DEFENCE,2255.45,2,0
North Yorkshire Council,ELLERTON ON SWALE PARISH COUNCIL,2250.0,3,0
Bristol City Council,KENT COUNTY COUNCIL TRADING GROUP LASER,2250.0,1,0
UK Trade and Investment,SUNDERLAND CITY COUNCIL,2250.0,2,0
Shropshire Community Health NHS Trust,SHIFNAL TOWN COUNCIL,2225.0,15,0
South Gloucestershire Council,SANDWELL PRIMARY CARE TRUST,2225.0,1,0
Shropshire Community Health NHS Trust,CHESHIRE WEST CHESHIRE COUNCIL,2215.76,32,0
Royal Borough of Greenwich,ASSOCIATION OF RETAINED COUNCIL HOUSING,2200.0,1,0
Blaby District Council,CABINET OFFICE,2200.0,1,0
North Yorkshire Council,LEAVENING PARISH COUNCIL,2200.0,1,0
Former council of North Yorkshire,MIDLOTHIAN COUNCIL,2200.0,1,0
South Gloucestershire Council,WESTERLEIGH PARISH COUNCIL,2200.0,1,0
Foreign and Commonwealth Office,MASS BIO COUNCIL,2164.46,2,0
Former council of North Yorkshire,NHS PENSIONS,2161.2,1,0
Rushmoor Borough Council,HAMPSHIRE PRIMARY CARE TRUST,2120.07,1,0
North Yorkshire Council,ROTHERHAM METROPOLITAN BOROUGH COUNCIL,2112.92,3,0
Former council of North Yorkshire,SHEFFIELD TEACHING HOSPITALS NHS TRUST,2101.68,5,0
Eden District Council,CABINET OFFICE,2100.0,1,0
Bristol City Council,CITY OF SANCTUARY UK,2100.0,1,0
North Yorkshire Council,HILLSIDE GREATER PARISH COUNCIL,2100.0,1,0
"Foreign, Commonwealth and Development Office (FCDO)",EC COUNCIL,2088.78,1,0
"Department for Environment, Food and Rural Affairs",LANCASHIRE POLICE AUTH,2086.71,2,0
Plymouth City Council,CRAFTS COUNCIL,2083.33,1,0
North Yorkshire Council,CHELSEA WESTMINSTER HOSPITAL NHS FOUNDATION TRUST,2073.67,2,0
South Gloucestershire Council,BATH NORTHEAST SOMERSET COUNCIL,2071.1,1,0
UK Trade and Investment,NEWCASTLE CITY COUNCIL,2065.5,2,0
Former council of North Yorkshire,NHS SUPPLY CHAIN,2064.4,6,0
South Gloucestershire Council,TAMESIDE MBC,2051.35,1,0
South Gloucestershire Council,BITTON PARISH COUNCIL,2040.0,1,0
Bristol City Council,WEST SUSSEX COUNTY COUNCIL,2035.0,1,0
Blaby District Council,SHARNFORD PARISH COUNCIL,2034.37,3,0
"Department for Environment, Food and Rural Affairs",SHROPSHIRE COUNCIL SHREWSBURY,2025.5,1,0
Transport for Greater Manchester,KENT COUNTY COUNCIL,2006.0,1,0
Department for International Development,CAMBODIAN REHABILITATION DEVELOPMENT BOARD OF THE COUNCIL FOR THE DEVELOPMENT OF CAMBODIA CRDB CDC,2003.11,1,0
Former council of North Yorkshire,BURTON SALMON PARISH COUNCIL,2000.0,1,0
North Yorkshire Council,BYLAND WITH WASS OLDSTEAD PARISH COUNCIL,2000.0,1,0
"Ministry of Housing, Communities and Local Government",COUNCIL OF DHARMIC FAITHS UK,2000.0,1,0
Former council of North Yorkshire,DISHFORTH PARISH COUNCIL,2000.0,1,0
Former council of North Yorkshire,DRAX PARISH COUNCIL,2000.0,1,0
Former council of North Yorkshire,EPPLEBY PARISH COUNCIL,2000.0,1,0
Royal Borough of Greenwich,GREENWICH VOLUNTEER POLICE CADETS,2000.0,1,0
Uttlesford District Council,GREAT HALLINGBURY PARISH COUNCIL,2000.0,3,0
Former council of North Yorkshire,KIRKBY FLEETHAM WITH FENCOTES PARISH COUNCIL,2000.0,1,0
Former council of North Yorkshire,NEWBY SCALBY TOWN COUNCIL HUB GROUPS,2000.0,2,0
Former council of North Yorkshire,NORTH DUFFIELD PARISH COUNCIL,2000.0,1,0
Former council of North Yorkshire,NORTHALLERTON TOWN COUNCIL,2000.0,1,0
North Yorkshire Council,NUNNINGTON PARISH COUNCIL,2000.0,1,0
Former council of North Yorkshire,PARISH COUNCIL OF SEAMER,2000.0,2,0
Former council of North Yorkshire,SCOTTON CENTRAL RICHMONDSHIRE PARISH COUNCIL,2000.0,1,0
North Yorkshire Council,WARTHILL PARISH COUNCIL,2000.0,1,0
North Yorkshire Council,WHITWELL WITH CRAMBE PARISH COUNCIL,2000.0,1,0
Rushmoor Borough Council,WEST BERKSHIRE COUNCIL,2000.0,1,0
North Yorkshire Council,BLACKPOOL TEACHING HOSPITALS NHS FOUNDATION TRUST,1992.01,1,0
Bristol City Council,CITY OF LONDON,1982.0,1,0
Shropshire Community Health NHS Trust,DERBY HOSPITALS NHS FOUNDATION TRUST,1980.0,12,0
"Department for Environment, Food and Rural Affairs",MENDIP DISTRICT COUNCIL SOMERSET,1978.0,1,0
South Gloucestershire Council,HERTFORDSHIRE COUNTY COUNCIL,1966.0,2,0
Shropshire Community Health NHS Trust,HMCTS WEST MERCIA,1962.71,10,0
"Ministry of Housing, Communities and Local Government",NOTTM DIST PRERETIRE COUNCIL,1956.65,2,0
Bristol City Council,LINCOLNSHIRE COUNTY COUNCIL,1950.0,3,0
Former council of North Yorkshire,BARTON PARISH COUNCIL,1920.0,2,0
Bristol City Council,GREAT ORMOND STREET HOSPITAL FOR CHILDREN NHS TRUST,1917.46,1,0
Plymouth City Council,ROYAL CORNWALL HOSPITALS NHS TRUST,1880.0,3,0
Royal Borough of Greenwich,MEDWAY NHS FOUNDATION TRUST,1879.4,3,0
North Yorkshire Council,NEWCASTLE CITY COUNCIL,1863.0,1,0
Royal Borough of Greenwich,OXFORD HEALTH NHS FOUNDATION TRUST,1860.0,3,0
North Yorkshire Council,MID WHARFEDALE PARISH COUNCIL COMMUNITY ACCOUNT,1858.2,1,0
Shropshire Community Health NHS Trust,BIRMINGHAM WOMENS NHS FOUNDATION TRUST,1852.0,9,0
North Yorkshire Council,LEEDS TEACHING HOSPITALS NHS TRUST,1828.31,2,0
Former council of North Yorkshire,ENVIRONMENT AGENCY,1824.0,1,0
North Yorkshire Council,UK HEALTH SECURITY AGENCY,1816.74,3,0
Bristol City Council,DEVON SOMERSET FIRE RESCUE AUTHORITY,1807.39,3,0
"Foreign, Commonwealth and Development Office (FCDO)",LEEDS CITY COUNCIL,1804.26,2,0
North Yorkshire Council,BARTON LE STREET PARISH COUNCIL,1800.0,1,0
North Yorkshire Council,BIGGIN PARISH COUNCIL,1800.0,1,0
London Borough of Richmond Upon Thames,CROYDON COUNCIL,1800.0,1,0
North Yorkshire Council,GREAT HABTON PARISH COUNCIL,1800.0,1,0
North Yorkshire Council,MARRICK PARISH COUNCIL,1800.0,1,0
Former council of North Yorkshire,NORTH YORKSHIRE COUNTY SCOUT COUNCIL WATSON SCOUT CENTRE,1800.0,1,0
North Yorkshire Council,SCRAYINGHAM PARISH COUNCIL,1800.0,1,0
Former council of North Yorkshire,YORKSHIRE AMBULANCE NHS TRUST,1792.9,3,0
Bristol City Council,ISLE OF WIGHT COUNCIL,1790.0,2,0
Shropshire Community Health NHS Trust,BRIDGNORTH TOWN COUNCIL,1784.95,16,0
"Department for Environment, Food and Rural Affairs",COUNCIL OF THE ISLES OF ST MARYS,1782.27,1,0
North Yorkshire Council,THIXENDALE PARISH COUNCIL,1764.0,1,0
Bristol City Council,RAYFIRE SERVICES,1750.0,1,0
Bristol City Council,WORCESTERSHIRE COUNTY COUNCIL,1750.0,3,0
Plymouth City Council,GREAT ORMOND STREET HOSPITAL FOR CHILDREN NHS TRUS,1737.8,2,0
UK Trade and Investment,BIRMINGHAM CITY COUNCIL,1737.45,2,0
Plymouth City Council,CHELSEA WESTMINSTER HOSPITAL NHS FOUNDATION TRUS,1734.61,2,0
Former council of North Yorkshire,NHS MORECAMBE BAY CCG,1731.0,3,0
"Department for Environment, Food and Rural Affairs",LEWES DISTRICT COUNCIL,1715.35,1,0
Bristol City Council,BIRMINGHAM CITY COUNCIL,1712.41,2,0
Shropshire Community Health NHS Trust,HEREFORDSHIRE COUNCIL,1705.37,10,0
UK Trade and Investment,BRITISH AMERICAN BUSINESS COUNCIL YORKSHIRE,1705.0,3,0
Rushmoor Borough Council,BUCKINGHAMSHIRE COUNTY COUNCIL,1705.0,1,0
"Department for Environment, Food and Rural Affairs",BRITISH SAFETY COUNCIL,1700.0,1,0
Eden District Council,HER MAJESTYS COURT SERVICES,1698.0,1,0
Former council of North Yorkshire,BUCKDEN PARISH COUNCIL,1690.6,1,0
"Department for Environment, Food and Rural Affairs",SOUTHAMPTON CITY COUNCIL,1690.0,1,0
Department for Education,COLCHESTER BOROUGH COUNCIL,1680.0,1,0
Bristol City Council,PLYMOUTH HOSPITALS NHS TRUST,1678.0,3,0
UK Trade and Investment,COUNCIL FOR AWARDS IN CARE HEALTH EDUCATION,1670.0,1,0
London Borough of Richmond Upon Thames,KENT COUNTY COUNCIL,1665.29,2,0
Transport for Greater Manchester,DEPARTMENT FOR TRANSPORT,1662.5,1,0
Bristol City Council,LONDON BOROUGH OF REDBRIDGE,1661.54,1,0
Shropshire Community Health NHS Trust,NHS FAREHAM GOSPORT CCG,1649.89,1,0
"Department for Environment, Food and Rural Affairs",BRITISH COUNCIL FOR OFFICES,1637.5,1,0
"Foreign, Commonwealth and Development Office (FCDO)",NYC DEPT OF BUILDINGS,1634.71,2,0
North Yorkshire Council,YORKSHIRE AMBULANCE NHS TRUST,1630.98,2,0
North Yorkshire Council,NORTH YORKSHIRE COUNCIL SCARBOROUGH BOROUGH COUNCIL,1628.0,1,1
Natural History Museum,WP CITY OF LONDON,1625.5,5,0
Rushmoor Borough Council,HM COURTS,1617.0,1,0
Royal Borough of Greenwich,DEPARTMENT FOR WORKS PENSIONS,1613.0,2,0
North Yorkshire Council,WARWICKSHIRE POLICE CRIME COMMISSIONER,1603.0,3,0
Bristol City Council,AVON SOMERSET POLICE COMMUNITY TRUST,1600.0,1,0
Former council of North Yorkshire,TAMESIDE MBC,1600.0,1,0
Cheltenham Borough Council,TAMESIDE METROPOLITAN BOROUGH COUNCIL,1600.0,1,0
Former council of North Yorkshire,UNIVERSITY HOSPITALS BIRMINGHAM NHS FOUNDATION TRUST,1600.0,1,0
Royal Borough of Greenwich,HOME OFFICE LEAVE TO REMAIN,1590.0,2,0
"Department for Environment, Food and Rural Affairs",CSD COUNCIL SERVICES,1540.0,2,0
The National Archives,COUNCIL FOR ADVANCEMENT SUPPORT OF EDUCATION,1540.0,1,0
North Yorkshire Council,SOUTH TYNESIDE SUNDERLAND NHS FOUNDATION TRUST,1540.0,2,0
Foreign and Commonwealth Office,CARDIFF COUNCIL EPAY,1535.0,1,0
"Department for Environment, Food and Rural Affairs",WWW DVLA GOV UK,1535.0,2,0
"Foreign, Commonwealth and Development Office (FCDO)",SMART ENERGY COUNCIL,1533.88,1,0
Former council of North Yorkshire,BROTHERTON PARISH COUNCIL,1500.0,1,0
North Yorkshire Council,BURYTHORPE PARISH COUNCIL,1500.0,1,0
Former council of North Yorkshire,CATTERICK VILLAGE PARISH COUNCIL,1500.0,1,0
North Yorkshire Council,CONISTON COLD PARISH COUNCIL,1500.0,1,0
Former council of North Yorkshire,INGLEBY ARNCLIFFE PARISH COUNCIL,1500.0,1,0
Former council of North Yorkshire,LINTON ON OUSE PARISH COUNCIL,1500.0,1,0
Former council of North Yorkshire,LINTON PARISH COUNCIL,1500.0,1,0
Royal Borough of Greenwich,LONDON BOROUGH OF BARNET,1500.0,3,0
Former council of North Yorkshire,NEWBY SCALBY TOWN COUNCIL,1500.0,2,0
Former council of North Yorkshire,NEWTON UPON OUSE PARISH COUNCIL,1500.0,1,0
Bristol City Council,NEWCASTLE CITY COUNCIL,1500.0,1,0
Former council of North Yorkshire,SCORTON PARISH COUNCIL,1500.0,2,0
Former council of North Yorkshire,ULLESKELF PARISH COUNCIL,1500.0,1,0
London Borough of Richmond Upon Thames,NHS RICHMOND TWICKENHAM,1470.0,1,0
Former council of North Yorkshire,WHITWELL WITH CRAMBE PARISH COUNCIL,1467.0,1,0
Shropshire Community Health NHS Trust,CANNOCK CHASE COUNCIL,1464.0,12,0
North Yorkshire Council,APPLETON LE MOORS PARISH COUNCIL,1450.0,1,0
Royal Borough of Greenwich,STAFFORDSHIRE COUNTY COUNCIL,1443.6,2,0
"Foreign, Commonwealth and Development Office (FCDO)",CRAFTS COUNCIL,1440.0,1,0
Former council of North Yorkshire,MORTON ON SWALE PARISH COUNCIL BMM ACCOUNT,1440.0,1,0
"Foreign, Commonwealth and Development Office (FCDO)",CITY OF WINDHOEK,1438.3,2,0
Former council of North Yorkshire,WELBURN PARISH COUNCIL,1433.0,1,0
UK Trade and Investment,MET OFFICE,1428.0,1,0
UK Shared Business Services,SWINDON BOROUGH COUNCIL,1417.0,1,0
Former council of North Yorkshire,BROMPTON PARISH COUNCIL,1400.0,1,0
Bristol City Council,CHIPPENHAM MUSEUM CHIPPENHAM TOWN COUNCIL,1400.0,1,0
Eden District Council,HMRC,1400.0,1,0
Former council of North Yorkshire,KIRK DEIGHTON PARISH COUNCIL,1400.0,2,0
Bristol City Council,LISKEARD TOWN COUNCIL,1400.0,2,0
Bristol City Council,PENZANCE COUNCIL,1400.0,1,0
North Yorkshire Council,CAMBRIDGESHIRE COUNTY COUNCIL,1396.56,1,0
Shropshire Community Health NHS Trust,OSWESTRY TOWN COUNCIL,1384.4,9,0
Foreign and Commonwealth Office,L A POLICE GEAR INC,1382.68,1,0
Former council of North Yorkshire,PRESTON PARISH COUNCIL,1371.96,1,0
Former council of North Yorkshire,SHEFFIELD CHILDRENS HOSPITAL NHS TRUST,1358.0,1,0
Former council of North Yorkshire,HAMBLETON PARISH COUNCIL,1350.0,1,0
North Yorkshire Council,LONG DRAX PARISH COUNCIL,1350.0,1,0
Bristol City Council,NORTH YORKSHIRE COUNTY COUNCIL T A NYTECH,1350.0,1,0
Former council of North Yorkshire,PARISH COUNCIL OF STUTTON CUM HAZELWOOD,1350.0,2,0
South Gloucestershire Council,SUFFOLK COUNTY COUNCIL,1330.0,1,0
"Foreign, Commonwealth and Development Office (FCDO)",BRITISH COUNCIL IN GEO,1327.47,1,0
Former council of North Yorkshire,NORTH YORKSHIRE FIRE RESCUE SERVICE,1325.0,1,0
Former council of North Yorkshire,TADCASTER TOWN COUNCIL,1307.0,1,0
Former council of North Yorkshire,CAWOOD PARISH COUNCIL,1301.0,2,0
North Yorkshire Council,CALDWELL PARISH COUNCIL,1300.0,1,0
Shropshire Community Health NHS Trust,ROYAL MARSDEN NHS FOUNDATION TRUST,1300.0,1,0
UK Shared Business Services,UKRI MEDICAL RESEARCH COUNCIL,1300.0,10,0
Bristol City Council,EASTLEIGH BOROUGH COUNCIL,1299.57,1,0
"Foreign, Commonwealth and Development Office (FCDO)",AD POLICE LIC DIP CORP,1290.66,1,0
Department for International Development,GHANA BRITISH COUNCIL,1275.08,1,0
Bristol City Council,BATH NORTH EAST SOMERSET COUNCIL DEMOCRATIC SERVICES,1267.5,1,0
Plymouth City Council,TORBAY SOUTH DEVON NHS FOUNDATION TRUST TSDFT,1259.9,2,0
Blaby District Council,EAST CAMBRIDGESHIRE DISTRICT COUNCIL,1256.66,4,0
Bristol City Council,CENTRAL NORTH WEST LONDON NHS FOUNDATION TRUST,1254.0,2,0
North Yorkshire Council,AISLABY MIDDLETON WRELTON PARISH COUNCIL,1250.0,1,0
Former council of North Yorkshire,FYLINGDALES PARISH COUNCIL,1250.0,2,0
Uttlesford District Council,THANET DISTRICT COUNCIL,1250.0,5,0
Bristol City Council,GREAT WESTERN HOSPITALS NHS FT,1233.86,2,0
South Gloucestershire Council,NORFOLK COUNTY COUNCIL,1225.0,1,0
Former council of North Yorkshire,GILLING WEST PARISH COUNCIL,1212.0,2,0
Bristol City Council,STAFFORDSHIRE COUNTY COUNCIL,1207.65,1,0
"Department for Environment, Food and Rural Affairs",DVLA,1202.5,1,0
Uttlesford District Council,EAST HAMPSHIRE DISTRICT COUNCIL,1201.5,3,0
South Gloucestershire Council,GREATER LONDON AUTHORITY,1200.0,2,0
Foreign and Commonwealth Office,MET OFFICE,1200.0,1,0
Former council of North Yorkshire,THIRSK TOWN COUNCIL,1200.0,1,0
UK Trade and Investment,WAVENEY DISTRICT COUNCIL,1200.0,2,0
Natural History Museum,PUBLIC HEALTH ENGLAND,1190.16,2,0
Foreign and Commonwealth Office,CITY OF CORAL GABLES,1189.4,2,0
Royal Borough of Greenwich,NORTH EAST LONDON NHS FOUNDATION TRUST,1176.0,2,0
Department for International Development,INDIAN COUNCIL OF SOCIAL SCIENCE RESEARCH,1171.49,1,0
Blaby District Council,MIDDLESBROUGH COUNCIL,1171.0,1,0
Shropshire Community Health NHS Trust,EAST OF ENGLAND AMBULANCE NHS TRUST,1170.0,29,0
Foreign and Commonwealth Office,LOUS POLICE SUPPLY,1165.86,1,0
Foreign and Commonwealth Office,TELECOM COUNCIL,1162.73,1,0
Natural History Museum,HOME OFFICE ACCOUNTING OFFICER,1156.0,1,0
Royal Borough of Greenwich,HMRC NIC EO,1151.07,1,0
North Yorkshire Council,POLICE CRIME PREVENTION INITIATIVES,1145.0,1,0
"Department for Environment, Food and Rural Affairs",CITY OF YORK COUNCIL YORK,1143.42,1,0
North Yorkshire Council,WELBURY PARISH COUNCIL,1130.0,1,0
Foreign and Commonwealth Office,TECH COUNCIL OF MARYLA,1121.54,2,0
Blaby District Council,DVLA,1120.0,2,0
Royal Borough of Greenwich,BUCKINGHAMSHIRE COUNTY COUNCIL,1119.84,2,0
Natural History Museum,CITY OF LONDON CORPORA,1118.0,4,0
"Ministry of Housing, Communities and Local Government",HM REVENUE CUSTOMS PAYE SLONDON,1108.3,1,0
"Department for Environment, Food and Rural Affairs",NORTH NORFOLK DISTRICT COUNCIL,1102.4,1,0
Shropshire Community Health NHS Trust,HADLEY LEEGOMERY PARISH COUNCIL,1100.02,21,0
North Yorkshire Council,ROUNTONS PARISH COUNCIL,1100.0,1,0
Natural History Museum,WANDSWORTH COUNCIL INT,1100.0,1,0
Department for International Development,BRITISH COUNCIL BANGLADESH,1085.88,1,0
Shropshire Community Health NHS Trust,SHREWSBURY TOWN COUNCIL,1082.0,9,0
London Borough of Richmond Upon Thames,FIRST FIRE SERVICES,1065.0,1,0
Former council of North Yorkshire,KIRKBY MALZEARD PARISH COUNCIL,1064.0,1,0
Wales Office,CITY OF WESTMINSTER,1060.79,2,0
Cheltenham Borough Council,ENVIRONMENT AGENCY,1053.55,1,0
Department of Health and Social Care,UNI HOSP S HAMPTON NHS,1050.0,1,0
Shropshire Community Health NHS Trust,OXFORD UNIVERSITY HOSPITALS NHS FOUNDATION TRUST,1045.0,3,0
Bristol City Council,POLICE CRIME COMMISSIONEER FOR SUSSEX,1044.3,1,0
Shropshire Community Health NHS Trust,DERBY TEACHING HOSPITALS NHS FOUNDATION TRUST,1030.0,8,0
Plymouth City Council,CITY OF PLYMOUTH CREDIT UNION,1018.5,1,0
Shropshire Community Health NHS Trust,ST GEORGES PRIORSLEE PARISH COUNCIL,1017.0,7,0
South Gloucestershire Council,SISTON PARISH COUNCIL,1016.38,1,0
South Gloucestershire Council,HAWKESBURY PARISH COUNCIL,1012.0,1,0
Royal Borough of Greenwich,WIGAN COUNCIL,1007.65,1,0
Bristol City Council,BODMIN TOWN COUNCIL,1000.0,1,0
Plymouth City Council,BRISTOL CITY COUNCIL,1000.0,1,0
Uttlesford District Council,BROXTED PARISH COUNCIL,1000.0,1,0
Former council of North Yorkshire,CARTHORPE PARISH COUNCIL,1000.0,1,0
Former council of North Yorkshire,COWLING PARISH COUNCIL,1000.0,1,0
Former council of North Yorkshire,CRAYKE PARISH COUNCIL,1000.0,1,0
South Gloucestershire Council,DERBYSHIRE COUNTY COUNCIL,1000.0,1,0
Former council of North Yorkshire,EAST HARLSEY PARISH COUNCIL,1000.0,1,0
Former council of North Yorkshire,FLAXTON PARISH COUNCIL,1000.0,1,0
South Gloucestershire Council,GATESHEAD COUNCIL,1000.0,1,0
Former council of North Yorkshire,HUDSWELL DISTRICT PARISH COUNCIL,1000.0,1,0
Former council of North Yorkshire,HUNMANBY PARISH COUNCIL,1000.0,1,0
North Yorkshire Council,KIRKLESS COUNCIL,1000.0,1,0
Former council of North Yorkshire,LEAVENING PARISH COUNCIL,1000.0,1,0
Transport for Greater Manchester,LEICESTER CITY COUNCIL,1000.0,1,0
Bristol City Council,LONDON BOROUGH OF SOUTHWARK,1000.0,2,0
North Yorkshire Council,NORTH YORKSHIRE COUNTY SCOUT COUNCIL WATSON SCOUT CENTRE,1000.0,1,0
Former council of North Yorkshire,PICKHILL WITH ROXBY SINDERBY PARISH COUNCIL,1000.0,1,0
Former council of North Yorkshire,POTTO PARISH COUNCIL,1000.0,1,0
Department for International Development,POLICE SUPERINTENDENTS ASSOCIATION OF E W,1000.0,1,0
Former council of North Yorkshire,SAXTON CUM SCARTHINGWELL PARISH COUNCIL,1000.0,1,0
Former council of North Yorkshire,SCRIVEN PARISH COUNCIL,1000.0,1,0
Former council of North Yorkshire,SOUTH MILFORD PARISH COUNCIL,1000.0,1,0
Former council of North Yorkshire,TANFIELD PARISH COUNCIL,1000.0,1,0
Former council of North Yorkshire,WEETON PARISH COUNCIL,1000.0,1,0
Former council of North Yorkshire,WILLERBY STAXTON PARISH COUNCIL,1000.0,2,0
South Gloucestershire Council,WICKWAR PARISH COUNCIL,1000.0,1,0
Bristol City Council,YEOVIL TOWN COUNCIL T A SOUTH SOMERSET HERITAGE COLLECTION,1000.0,1,0
Plymouth City Council,VALUATION OFFICE AGENCY,999.42,1,0
London Borough of Richmond Upon Thames,SLOUGH BOROUGH COUNCIL,996.56,1,0
Department for International Development,SCOTTISH GOVERNMENT,996.0,1,0
South Gloucestershire Council,DEVON SOMERSET FIRE RESCUE AUTHORITY,994.53,1,0
Uttlesford District Council,BIRCHANGER PARISH COUNCIL,989.02,1,0
"Ministry of Housing, Communities and Local Government",H M LAND REGISTRY,984.0,3,0
Cheltenham Borough Council,MANCHESTER CITY COUNCIL,960.0,1,0
North Yorkshire Council,HAWNBY PARISH COUNCIL,950.0,1,0
Rushmoor Borough Council,SURREY HEATH ARTS COUNCIL,950.0,1,0
Transport for Greater Manchester,LEEDS CITY COUNCIL,926.83,2,0
Bristol City Council,LANCASHIRE COUNTY COUNCIL,922.99,1,0
Royal Borough of Greenwich,UNIVERSITY HOSPITALS BIRMINGHAM NHS FOUNDATION TRU,920.03,1,0
Foreign and Commonwealth Office,AUSTIN TECH COUNCIL,919.09,1,0
Foreign and Commonwealth Office,BRITISH COUNCIL EDUCAT,915.82,1,0
Shropshire Community Health NHS Trust,CHESHIRE WEST CHESTER COUNCIL,909.29,18,0
Former council of North Yorkshire,SOUTH TYNESIDE SUNDERLAND NHS FOUNDATION TRUST,906.0,2,0
Former council of North Yorkshire,HAVERAH PARK WITH BECKWITHSHAW PARISH COUNCIL,904.8,1,0
North Yorkshire Council,ERYHOLME PARISH COUNCIL,900.0,1,0
Former council of North Yorkshire,HAWES HIGH ABBOTSIDE PARISH COUNCIL,900.0,2,0
Uttlesford District Council,HENHAM PARISH COUNCIL,900.0,1,0
"Department for Environment, Food and Rural Affairs",ORKNEY ISLANDS COUNCIL KIRKWALL,900.0,1,0
London Borough of Richmond Upon Thames,TAVISTOCK PORTMAN NHS TRUST,900.0,1,0
"Ministry of Housing, Communities and Local Government",STH WALES FIRE RESCUE SERVICE,890.4,1,0
North Yorkshire Council,GREAT LITTLE BARUGH PARISH COUNCIL,886.0,1,0
South Gloucestershire Council,DEPARTMENT FOR TRANSPORT,876.6,1,0
Shropshire Community Health NHS Trust,HM COURTS TRIBUNALS SERVICE,868.34,7,0
Foreign and Commonwealth Office,AD POLICE DIPLOMATIC 1,863.92,1,0
Foreign and Commonwealth Office,BM AMBULANCE SERVICE,855.0,1,0
Royal Borough of Greenwich,CHESHIRE WEST CHESTER COUNCIL,850.0,1,0
South Gloucestershire Council,YATE TOWN COUNCIL YATE COMMUNITY PLAN,850.0,1,0
"Department for Digital, Culture, Media and Sport",LONDON BOROUGH OF NEWH,845.5,1,0
Former council of North Yorkshire,SHEFFIELD CITY COUNCIL,841.0,2,0
"Department for Environment, Food and Rural Affairs",ADDBRKS NHS TRUST,840.0,1,0
UK Trade and Investment,CENTRAL MANCHESTER UNIVERSITY HOSPITALS NHS FOUNDATION TRUST,840.0,1,0
Former council of North Yorkshire,AMPLEFORTH PARISH COUNCIL,839.82,1,0
Foreign and Commonwealth Office,BRITISH COUNCIL AM,834.47,1,0
Bristol City Council,LIVERPOOL UNIVERSITY HOSPITAL TRUST,816.0,1,0
Royal Borough of Greenwich,SCOTTISH BORDERS COUNCIL,810.0,1,0
UK Trade and Investment,FTN TRADING T A NHS PROVIDERS,808.8,1,0
Royal Borough of Greenwich,ROYAL BERKSHIRE NHS FOUNDATION TRUST,806.0,1,0
Eden District Council,COPELAND BOROUGH COUNCIL,800.0,1,0
Former council of North Yorkshire,DANBY GROUP PARISH COUNCIL,800.0,1,0
HM Treasury,DEPARTMENT FOR WORK PENSIONS,800.0,1,0
Former council of North Yorkshire,EASINGWOLD TOWN COUNCIL,800.0,1,0
North Yorkshire Council,FARNDALE PARISH COUNCIL,800.0,1,0
Former council of North Yorkshire,SKEEBY PARISH COUNCIL,800.0,1,0
Shropshire Community Health NHS Trust,SUSSEX COMMUNITY NHS FOUNDATION TRUST,800.0,3,0
Uttlesford District Council,LUTON BOROUGH COUNCIL,795.0,1,0
Rushmoor Borough Council,HM COURTS TRIBUNALS SERVICE,790.0,3,0
"Ministry of Housing, Communities and Local Government",NORTH WALES FIRE RESCUE SERVICE,788.1,1,0
South Gloucestershire Council,CITY OF WESTMINSTER,786.0,1,0
Foreign and Commonwealth Office,GEN COUNCIL OF,786.0,1,0
"Foreign, Commonwealth and Development Office (FCDO)",BRITISH COUNCIL VIET N,783.62,1,0
Bristol City Council,NHS SUPPLY CHAIN,776.95,1,0
Shropshire Community Health NHS Trust,GREAT ORMOND STREET HOSPITAL FOR CHILDREN NHS FT,772.91,2,0
Bristol City Council,SOUTHERN HEALTH NHS FOUNDATION TRUST,772.07,1,0
Bristol City Council,BRIGHTON HOVE CITY COUNCIL,770.0,1,0
Former council of North Yorkshire,THORNTON LE BEANS CROSBY WITH COTCLIFFE PARISH COUNCIL,770.0,1,0
Foreign and Commonwealth Office,BRITISH COUNCIL DEP,761.76,1,0
Former council of North Yorkshire,PRIME CARE TRAING PCT,761.1,1,0
Uttlesford District Council,KENT COUNTY COUNCIL,760.19,2,0
Former council of North Yorkshire,STAINFORTH PARISH COUNCIL,760.0,1,0
North Yorkshire Council,DEPARTMENT FOR SCIENCE INOVATION TECHNOLOGY,758.05,1,0
Uttlesford District Council,HERTFORDSHIRE COUNTY COUNCIL,756.0,1,0
Shropshire Community Health NHS Trust,LILLESHALL DONNINGTON PARISH COUNCIL,756.0,3,0
Bristol City Council,BARTS HEALTH NHS TRUST,750.95,1,0
Former council of North Yorkshire,CLOUGHTON PARISH COUNCIL,750.0,1,0
Department for Energy Security and Net Zero,COMPANIES HOUSE,750.0,1,0
South Gloucestershire Council,HAMPSHIRE COUNTY COUNCIL,750.0,1,0
Shropshire Community Health NHS Trust,SOUTH TEES HOSPITAL NHS FOUNDATION TRUST,750.0,3,0
Royal Borough of Greenwich,NHS CONFEDERATION,749.0,1,0
Royal Borough of Greenwich,KINGSTON HOSPITAL NHS FOUNDATION TRUST,748.1,1,0
"Foreign, Commonwealth and Development Office (FCDO)",BRITISH COUNCIL DIVISI,737.89,1,0
"Ministry of Housing, Communities and Local Government",ASIAN FIRE SERVICE ASSOCIATION,735.0,1,0
"Foreign, Commonwealth and Development Office (FCDO)",PUBLIC HEALTH ENGLAND,735.0,1,0
Department of Health and Social Care,GUY ST THOMAS NHS F,727.3,1,0
Shropshire Community Health NHS Trust,OAKENGATES TOWN COUNCIL,713.0,15,0
Shropshire Community Health NHS Trust,LIVERPOOL WOMENS NHS FOUNDATION TRUST,708.07,2,0
Department for International Development,LUSAKA CITY COUNCIL,704.49,1,0
Uttlesford District Council,ARKESDEN PARISH COUNCIL,700.0,1,0
Uttlesford District Council,CLAVERING PARISH COUNCIL,700.0,1,0
Former council of North Yorkshire,DRAUGHTON PARISH COUNCIL,700.0,1,0
Rushmoor Borough Council,GOSPORT BOROUGH COUNCIL,700.0,1,0
Shropshire Community Health NHS Trust,WHITTINGTON HOSPITAL NHS TRUST,700.0,4,0
"Department for Environment, Food and Rural Affairs",TORBAY COUNCIL CASHIER,700.0,1,0
Blaby District Council,VALUATION OFFICE DO NOT USE SEE 100616,700.0,1,0
Foreign and Commonwealth Office,BRISTOL CITY COUNCIL,691.8,1,0
Foreign and Commonwealth Office,LIVERPOOL CITY COUNCIL,688.8,1,0
London Borough of Richmond Upon Thames,LUTON BOROUGH COUNCIL,685.9,1,0
"Department for Environment, Food and Rural Affairs",COUNCIL CSD IPSWICH,684.0,1,0
Former council of North Yorkshire,KIRK HAMMERTON PARISH COUNCIL,684.0,1,0
Department for Work and Pensions,ROYAL DEVON EXETER NHS FOUNDATION,681.8,1,0
Royal Borough of Greenwich,EAST SUSSEX HEALTHCARE NHS TRUST,680.74,1,0
South Gloucestershire Council,LEICESTER CITY COUNCIL,680.0,1,0
Former council of North Yorkshire,TOWTON PARISH COUNCIL,675.0,1,0
Bristol City Council,WARWICKSHIRE POLICE,664.0,1,0
Department of Health and Social Care,CITY OF LONDON CORPORA,660.0,1,0
North Yorkshire Council,LINCOLNSHIRE COUNTY COUNCIL,657.0,1,0
Shropshire Community Health NHS Trust,HMCTS MERSEYSIDE COLLECTIONS,656.44,3,0
Natural History Museum,J M CATALYSTS PCT,655.0,1,0
Foreign and Commonwealth Office,CANADIAN COUNCIL F,654.24,1,0
North Yorkshire Council,DEFENCE INFRASTRUCTURE ORGANISATION MINISTRY OF DEFENCE,650.0,1,0
Uttlesford District Council,GREAT EASTON PARISH COUNCIL,650.0,2,0
Foreign and Commonwealth Office,ACT OIL COUNCIL,648.08,1,0
Bristol City Council,HM COURTS TRIBUNALS SERVICE,642.05,2,0
South Gloucestershire Council,MANCHESTER CITY COUNCIL,640.8,1,0
Shropshire Community Health NHS Trust,HMCTS WALES,640.0,6,0
Rushmoor Borough Council,CORNWALL COUNCIL,638.3,1,0
Foreign and Commonwealth Office,MET POLICE EVENTS,634.0,1,0
Former council of North Yorkshire,GEORGE ELIOT HOSPITAL NHS TRUST,633.15,2,0
Shropshire Community Health NHS Trust,NHS WAKEFIELD CCG,628.12,1,0
Former council of North Yorkshire,BRADLEY PARISH COUNCIL,627.08,1,0
Plymouth City Council,DEPARTMENT FOR WORK PENSIONS,627.0,1,0
Uttlesford District Council,FOREST OF DEAN DISTRICT COUNCIL,625.0,2,0
Equality and Human Rights Commission,HIGHWAYS AGENCY,622.83,1,0
"Foreign, Commonwealth and Development Office (FCDO)",AIRPORTS COUNCIL INTL,621.06,1,0
Former council of North Yorkshire,BELLERBY PARISH COUNCIL,620.0,1,0
North Yorkshire Council,CENTRAL MANCHESTER UNIVERSITY HOSPITAL NHS FOUNDATION TRUST,620.0,1,0
Royal Borough of Greenwich,SURREY BORDERS PARTNERSHIP NHS TRUST,618.13,1,0
Former council of North Yorkshire,LEWISHAM GREENWICH NHS TRUST,617.34,1,0
Shropshire Community Health NHS Trust,NHS GREATER MANCHESTER ICB,614.0,1,0
Former council of North Yorkshire,HUNTON PARISH COUNCIL,613.0,1,0
Royal Borough of Greenwich,HMCTS HISTORIC DEBT TEAM,610.0,1,0
Royal Borough of Greenwich,FIELD STUDIES COUNCIL,605.66,1,0
Transport for Greater Manchester,EAST RIDING COUNCIL,602.0,1,0
Uttlesford District Council,ASHFORD BOROUGH COUNCIL,600.0,1,0
"Department for Environment, Food and Rural Affairs",GATESHEAD COUNCIL MOTO,600.0,1,0
Royal Borough of Greenwich,LONDON ROAD SAFETY COUNCIL,600.0,1,0
Uttlesford District Council,LITTLE BARDFIELD PARISH COUNCIL,600.0,1,0
Former council of North Yorkshire,NEWTON STAPE PARISH COUNCIL,600.0,1,0
Royal Borough of Greenwich,SOUTHAMPTON CITY COUNCIL,600.0,1,0
"Department for Environment, Food and Rural Affairs",HMCOURT SERVICES G,594.0,1,0
Royal Borough of Greenwich,RENTOKIL INITIAL FIRE SERVICES,592.54,1,0
Bristol City Council,BRISTOL CITY COUNCIL,591.5,1,1
Department for International Development,POLICE FIREARMS OFFICERS ASSOCIATION,590.0,1,0
Rushmoor Borough Council,POLICE FOUNDATION,590.0,2,0
Plymouth City Council,SOUTH DEVON HEALTHCARE NHS FOUNDATION TRUST,588.88,1,0
Former council of North Yorkshire,DEPARTMENT FOR WORK PENSIONS,586.17,1,0
HM Treasury,FOREIGN COMMONWEALTH,578.46,1,0
Department for International Development,EAST OF ENGLAND AMBULANCE SERVICE,576.0,1,0
Shropshire Community Health NHS Trust,UNIVERSITY HOSPITALS COVENTRY WARWICKSHIRE NHS TRUST,571.0,23,0
Plymouth City Council,NORTH BRISTOL NHS TRUST,569.0,1,0
HM Treasury,SCOTTISH COUNCIL FOR DEVELOPMENT INDUSTRY,565.8,1,0
South Gloucestershire Council,RANGEWORTHY PARISH COUNCIL,560.0,1,0
Foreign and Commonwealth Office,CITY OF ALEXANDRIA TRE,559.24,1,0
Former council of North Yorkshire,FOXHOLES WITH BUTTERWICK PARISH COUNCIL C O S LACEY,556.0,1,0
Bristol City Council,LONDON BOROUGH OF LEWISHAM,550.44,1,0
Former council of North Yorkshire,LUTTONS PARISH COUNCIL,550.0,1,0
Cheltenham Borough Council,SOUTH GLOUCESTERSHIRE COUNCIL,550.0,1,0
"Ministry of Housing, Communities and Local Government",WANSBECK DISTRICT COUNCIL,547.66,1,0
Shropshire Community Health NHS Trust,HMCTS WEST MIDLANDS,545.97,4,0
Former council of North Yorkshire,CITY OF EDIBURGH COUNCIL,545.0,1,0
Rushmoor Borough Council,HM LAND REGISTRY,545.0,1,0
South Gloucestershire Council,EXETER CITY COUNCIL,544.5,1,0
North Yorkshire Council,AUSTWICK PARISH HALL COUNCIL,526.1,1,0
Royal Borough of Greenwich,ROYAL BOROUGH OF GREENWICH HERITAGE TRUST,516.3,1,1
Uttlesford District Council,SOUTH CAMBRIDGESHIRE DISTRICT COUNCIL,516.0,2,0
South Gloucestershire Council,ESSEX COUNTY COUNCIL,514.95,1,0
South Gloucestershire Council,DOYNTON PARISH COUNCIL,514.0,1,0
"Department for Environment, Food and Rural Affairs",BLACKPOOL COUNCIL BLACKPOOL,513.6,1,0
Former council of North Yorkshire,PARISH COUNCIL OF MAUNBY NEWBY WISKE SOUTH OTTERINGTON,510.0,1,0
Royal Borough of Greenwich,PRIMARY AMBULANCE SERVICES,510.0,1,0
Plymouth City Council,LAND REGISTRY,508.0,1,0
Uttlesford District Council,DVLA SWANSEA,505.0,1,0
Department for International Development,STRATHCLYDE POLICE,504.0,1,0
Former council of North Yorkshire,ASKRIGG LOW ABBOTSIDE PARISH COUNCIL,500.0,1,0
Former council of North Yorkshire,AYSGARTH PARISH COUNCIL,500.0,1,0
North Yorkshire Council,BALDERSBY PARISH COUNCIL,500.0,1,0
North Yorkshire Council,BIRDSALL PARISH COUNCIL,500.0,1,0
Bristol City Council,BOROUGH OF POOLE,500.0,1,0
North Yorkshire Council,CROPTON PARISH COUNCIL,500.0,1,0
UK Trade and Investment,DURHAM COUNTY COUNCIL,500.0,1,0
South Gloucestershire Council,DVLA,500.0,1,0
South Gloucestershire Council,EAST DORSET DISTRICT COUNCIL,500.0,1,0
Former council of North Yorkshire,GREEN HAMMERTON PARISH COUNCIL,500.0,1,0
Former council of North Yorkshire,MUKER PARISH COUNCIL,500.0,1,0
UK Trade and Investment,NORFOLK COUNTY COUNCIL,500.0,1,0
North Yorkshire Council,NORMANBY PARISH COUNCIL,500.0,1,0
"Ministry of Housing, Communities and Local Government",NORTH ESSEX PARTNERSHIP NHS FT,500.0,1,0
Royal Borough of Greenwich,NORTH TYNESIDE COUNCIL,500.0,1,0
North Yorkshire Council,SBRO DIST SCOUT COUNCIL,500.0,1,0
Former council of North Yorkshire,SETTRINGTON PARISH COUNCIL,500.0,1,0
"Department for Environment, Food and Rural Affairs",SUSSEX POLICE,500.0,1,0
North Yorkshire Council,TTEES OF THORNTON WATLASS PARISH COUNCIL,500.0,1,0
Former council of North Yorkshire,WORSALL PARISH COUNCIL,500.0,1,0
"Foreign, Commonwealth and Development Office (FCDO)",WWW PCC NHS UK EVENTMA,500.0,1,0
Bristol City Council,BRADLEY STOKE TOWN COUNCIL,473.5,1,0
Former council of North Yorkshire,TOPCLIFFE PARISH COUNCIL,471.99,1,0
Shropshire Community Health NHS Trust,BRENT CCG,468.82,1,0
Shropshire Community Health NHS Trust,NHS MEDWAY CCG,468.82,1,0
Shropshire Community Health NHS Trust,OXFORD HEALTH NHS FOUNDATION TRUST,466.0,1,0
North Yorkshire Council,UNIVERSITY HOSPITALS OF MORECAMBE BAY NHS TRUST,455.33,1,0
Bristol City Council,KNOWSLEY METROPOLITAN BOROUGH COUNCIL,450.0,1,0
South Gloucestershire Council,BRIGHTON HOVE CITY COUNCIL,448.5,1,0
South Gloucestershire Council,NATURAL ENVIRONMENT RESEARCH COUNCIL,448.0,1,0
Uttlesford District Council,WIDDINGTON PARISH COUNCIL,446.24,1,0
Bristol City Council,NATIONAL COUNCIL OF YOUNG MEN S CHRISTIAN ASSOCIATIONS,444.0,1,0
Uttlesford District Council,LIVERPOOL CITY COUNCIL,440.0,1,0
Rushmoor Borough Council,HORSHAM DISTRICT COUNCIL,435.0,1,0
Shropshire Community Health NHS Trust,WHITTINGTON HEALTH NHS TRUST,430.0,4,0
Shropshire Community Health NHS Trust,UNIVERSITY HOSPITALS DORSET NHS FT,425.0,1,0
Blaby District Council,STAFFORDSHIRE COUNTY COUNCIL,424.0,1,0
Uttlesford District Council,SOUTHEND ON SEA BOROUGH COUNCIL,420.0,1,0
UK Trade and Investment,WESTMINSTER CITY COUNCIL,410.0,2,0
Former council of North Yorkshire,MIDDLETON TYAS PARISH COUNCIL,400.0,1,0
Uttlesford District Council,TENDRING DISTRICT COUNCIL,396.0,1,0
Uttlesford District Council,BRIGHTON HOVE CITY COUNCIL,393.76,1,0
Shropshire Community Health NHS Trust,RESUSCITATION COUNCIL UK,390.0,5,0
Former council of North Yorkshire,THORGANBY PARISH COUNCIL,386.0,1,0
Former council of North Yorkshire,WARWICKSHIRE POLICE CRIME COMMISSIONER,385.0,1,0
Shropshire Community Health NHS Trust,MERTON CCG,384.13,1,0
Uttlesford District Council,DORSET COUNCIL,382.5,1,0
Rushmoor Borough Council,RELIANCE AMBULANCE SERVICE,375.0,1,0
UK Trade and Investment,SHEFFIELD CITY COUNCIL,375.0,1,0
Uttlesford District Council,STROUD DISTRICT COUNCIL,360.0,1,0
Rushmoor Borough Council,FLEET TOWN COUNCIL,354.0,1,0
Blaby District Council,LOTTERIES COUNCIL,350.0,1,0
Shropshire Community Health NHS Trust,WEST MERCIA POLICE AUTHORITY,350.0,12,0
Shropshire Community Health NHS Trust,HYWEL DDA NHS TRUST,346.36,1,0
Former council of North Yorkshire,HILLSIDE GREATER PARISH COUNCIL,344.99,1,0
Blaby District Council,HM COURTS TRIBUNALS SERVICES,335.0,1,0
Blaby District Council,BLABY DISTRICT POLICE VOLUNTEERS,327.6,1,0
Shropshire Community Health NHS Trust,BLACKPOOL TEACHING HOSPITALS NHS FT,325.0,3,0
Uttlesford District Council,BUCKINGHAMSHIRE COUNCIL,324.99,1,0
Uttlesford District Council,LB OF RICHMOND UP ON THAMES,314.5,1,0
Former council of North Yorkshire,LANGTHORPE PARISH COUNCIL,312.5,1,0
Former council of North Yorkshire,MARTON LE MOOR PARISH COUNCIL,312.5,1,0
Former council of North Yorkshire,NORTH STAINLEY WITH SLENINGFORD PARISH COUNCIL,312.5,1,0
Former council of North Yorkshire,ROECLIFFE WESTWICK PARISH COUNCIL,312.5,1,0
Shropshire Community Health NHS Trust,HMCTS SW,304.0,1,0
Former council of North Yorkshire,ALLERSTON WILTON PARISH COUNCIL,300.0,1,0
Former council of North Yorkshire,ARKENGARTHDALE PARISH COUNCIL,300.0,1,0
Former council of North Yorkshire,BROUGH WITH ST GILES PARISH COUNCIL,300.0,1,0
Former council of North Yorkshire,COLBURN TOWN COUNCIL,300.0,1,0
Rushmoor Borough Council,COMPANIES HOUSE,300.0,1,0
Former council of North Yorkshire,GIGGLESWICK PARISH COUNCIL,300.0,1,0
Former council of North Yorkshire,MUSTON PARISH COUNCIL,300.0,1,0
Former council of North Yorkshire,SILTONS KEPWICK PARISH COUNCIL,300.0,1,0
Former council of North Yorkshire,WIGHILL PARISH COUNCIL,300.0,1,0
Rushmoor Borough Council,AYLESBURY VALE DISTRICT COUNCIL,298.0,1,0
Blaby District Council,RUGBY BOROUGH COUNCIL,288.0,1,0
Former council of North Yorkshire,HOVINGHAM WITH SCACKLETON PARISH COUNCIL,282.0,1,0
Uttlesford District Council,CHESHIRE EAST COUNCIL,280.67,1,0
Blaby District Council,MILTON KEYNES COUNCIL,280.0,1,0
Uttlesford District Council,STOKE ON TRENT CITY COUNCIL,280.0,1,0
Uttlesford District Council,KIRKLEES COUNCIL,279.8,1,0
Uttlesford District Council,BRENTWOOD BOROUGH COUNCIL,272.0,1,0
Uttlesford District Council,HALTON BOROUGH COUNCIL,270.0,1,0
Shropshire Community Health NHS Trust,LEEDS COMMUNITY HEALTHCARE NHS TRUST,270.0,1,0
Uttlesford District Council,TRAFFORD COUNCIL,270.0,1,0
Former council of North Yorkshire,UK HEALTH SECURITY AGENCY,260.0,1,0
Former council of North Yorkshire,WESTERN SUSSEX HOSPITALS NHS FT,258.43,1,0
Former council of North Yorkshire,CAMBS COMMUNITY SERVICES NHS TRUST,256.0,1,0
Former council of North Yorkshire,LINCOLNSHIRE COUNTY COUNCIL,255.0,1,0
Uttlesford District Council,LONDON BOROUGH OF HILLINGDON,250.0,1,0
Shropshire Community Health NHS Trust,NORTHUMBERLAND TYNE WEAR NHS TRUST,250.0,7,0
Former council of North Yorkshire,MIDDLESBROUGH BOROUGH COUNCIL,243.82,1,0
Former council of North Yorkshire,BHAM WOMENS CHILDRENS NHS FT,243.0,1,0
Shropshire Community Health NHS Trust,WEST LEICESTERSHIRE CCG,241.05,2,0
Shropshire Community Health NHS Trust,UNIVERSITY HOSPITALS BRISTOL WESTON NHS FOUNDATION TRUST,215.0,5,0
Shropshire Community Health NHS Trust,UNIVERSITY HOSPITALS BRISTOL NHS FOUNDATION TRUST,201.0,1,0
UK Trade and Investment,ZZZZBRITISH AMERICAN BUSINESS COUNCIL YORKSHIRE,199.0,1,0
Shropshire Community Health NHS Trust,ELLESMERE TOWN COUNCIL,192.5,4,0
Shropshire Community Health NHS Trust,SALFORD ROYAL NHS FOUNDATION TRUST,190.0,2,0
UK Trade and Investment,TAUNTON SOMERSET NHS FOUNDATION TRUST,173.03,2,0
Shropshire Community Health NHS Trust,BURY CCG,160.41,1,0
Shropshire Community Health NHS Trust,NORTH DURHAM CCG,154.48,1,0
Natural History Museum,BRISTOL CITY COUNCIL,152.7,1,0
Shropshire Community Health NHS Trust,ST GEORGE S UNIVERSITY HOSPITAL NHS FT,150.0,1,0
Shropshire Community Health NHS Trust,NOTTINGHAM UNIVERSITY HOSPITALS NHS TRUST,130.0,1,0
UK Trade and Investment,OFFICE FOR NATIONAL STATISTICS,121.0,1,0
Shropshire Community Health NHS Trust,HEYWOOD MIDDLETON ROCHDALE CCG,120.64,1,0
Shropshire Community Health NHS Trust,HARROW CCG,112.27,1,0
Shropshire Community Health NHS Trust,BLACKBURN WITH DARWEN CCG,107.48,1,0
Shropshire Community Health NHS Trust,WIGAN BOROUGH CCG,107.48,1,0
Shropshire Community Health NHS Trust,NORTH EAST LONDON NHS FOUNDATION TRUST,100.0,3,0
Department for Work and Pensions,HARROGATE DISTRICT NHS FT,84.0,1,0
Shropshire Community Health NHS Trust,DAYTON HOME OFFICE GMBH,83.91,6,0
The National Archives,WAKEFIELD MDC INT,83.4,1,0
Shropshire Community Health NHS Trust,NATIONAL DIGNITY COUNCIL,82.0,2,0
Shropshire Community Health NHS Trust,ROYAL FREE LONDON NHS FT,80.0,1,0
Natural History Museum,WP DEPARTMENT FOR,80.0,2,0
Shropshire Community Health NHS Trust,YORK TEACHING HOSPITALS NHS FOUNDATION TRUST,80.0,2,0
Shropshire Community Health NHS Trust,NHS LINCOLNSHIRE CCG,77.24,1,0
Shropshire Community Health NHS Trust,NHS SURREY HEARTLANDS CCG,77.24,1,0
Shropshire Community Health NHS Trust,NHS BLACK COUNTRY WEST BIRMINGHAM CCG,69.06,1,0
Natural History Museum,COUNCIL ON BOTANICAL,69.0,1,0
"Department for Digital, Culture, Media and Sport",COUNCIL ON BOTANICAL,67.1,1,0
Natural History Museum,LEEDS CITY COUNCIL INT,60.0,1,0
Shropshire Community Health NHS Trust,NHS BLOOD TRANSPLANT,54.35,1,0
Natural History Museum,SEFTON COUNCIL PAYMENT,50.0,1,0
Shropshire Community Health NHS Trust,HMCTS HISTORIC DEBT TEAM,34.35,2,0
UK Trade and Investment,FENLAND DISTRICT COUNCIL,33.0,1,0
Natural History Museum,DEPT OF ENVIRONMENT,30.12,1,0
Shropshire Community Health NHS Trust,WARRINGTON BOROUGH COUNCIL,30.0,1,0
Eden District Council,COMPANIES HOUSE,13.0,1,0
Natural History Museum,COMPANIES HOUSE,13.0,1,0
"Foreign, Commonwealth and Development Office (FCDO)",BRITISH COUNCIL ALGERIA,0.0,2,0
"Ministry of Housing, Communities and Local Government",BURY MBC B R,0.0,4,0
"Ministry of Housing, Communities and Local Government",DEPT FOR TRANSP USE 300395,0.0,4,0
UK Shared Business Services,DEPARTMENT FOR SCIENCE INNOVATION TECHNOLOGY,0.0,2,0
"Ministry of Housing, Communities and Local Government",HM TREASURY,0.0,6,0
"Ministry of Housing, Communities and Local Government",HOME OFFICE USE 301056,0.0,2,0
"Ministry of Housing, Communities and Local Government",LONDON BOROUGH OF BRENT B R,0.0,4,0
Home Office,LONDON UNDERGROUND T A TRANSPORT FOR LONDON,0.0,2,0
Maidstone and Tunbridge Wells NHS Trust,MEDWAY COUNCIL,0.0,2,0
Milton Keynes Hospital NHS Foundation Trust,MILTON KEYNES PRIMARY CARE TRUST,0.0,4,0
Department of Health and Social Care,NHS NOTTINGHAM CITY,0.0,2,0
Department of Health and Social Care,NHS SOUTH WARWICKSHI,0.0,3,0
The Pennine Acute Hospitals NHS Trust,NORTH WEST AMBULANCE SERVICE NHS TRUST,0.0,2,0
Department for Education,ROYAL CORNWALL HOSPITALS NHS TRUST,0.0,8,0
"Ministry of Housing, Communities and Local Government",STOKE ON TRENT CITY COUNCIL B R,0.0,2,0
Maidstone and Tunbridge Wells NHS Trust,XEROX UK NHS FORMS,0.0,2,0
"Ministry of Housing, Communities and Local Government",DURHAM RURAL COMMUNITY COUNCIL,-1094.0,1,0
Blaby District Council,BLABY DISTRICT COUNCIL,-2449.18,2,1
"Ministry of Housing, Communities and Local Government",ROTHERHAM PRIMARY CARE TRUST,-11700.24,2,0
"Ministry of Housing, Communities and Local Government",CITY OF BRADFORD METROPOLITAN DC,-14908.71,3,0
National Offender Management Service,LONDON BOROUGH OF RICHMOND UPON THAMES,-26768.0,1,0
National Offender Management Service,THAMES VALLEY POLICE,-30000.0,1,0
Coventry and Warwickshire Partnership NHS Trust,DUDLEY WALSALL MH PARTNERSHIP NHS TRUST,-38887.14,1,0
National Offender Management Service,DOVER DISTRICT COUNCIL,-47610.0,1,0
Department of Health and Social Care,GLOUCESTERSHIRE HEALTH CARE NHS FOUNDATION TRUST,-103615.0,14,0
Portsmouth Hospital NHS Trust,GOSPORT BOROUGH COUNCIL,-116481.69,9,0
Department for Education,WEST LONDON NHS TRUST,-155000.0,3,0
National Offender Management Service,DURHAM CITY COUNCIL,-459094.2,10,0
