bucket,expense_type,n_txn,gbp_total,n_publishers,a_publisher
honours,1  Flood Risk Team Member to respond to customer requests for information,3,1816.14,1,"Department for Environment, Food and Rural Affairs"
honours,1 Business Finance Senior Team Member w/e 01/06/12,1,635.23,1,"Department for Environment, Food and Rural Affairs"
honours,1 Business Finance Senior Team Member w/e 15/06/12,1,644.22,1,"Department for Environment, Food and Rural Affairs"
honours,1 Business Finance Senior Team Member w/e 18/05/12,1,509.35,1,"Department for Environment, Food and Rural Affairs"
honours,1 Business Finance Senior Team Member w/e 25/05/12,1,644.22,1,"Department for Environment, Food and Rural Affairs"
honours,1 Flood Coastal Risk Management Partnership and Strategic Overview Team Member w/e 03/08/2012,1,662.96,1,"Department for Environment, Food and Rural Affairs"
honours,1 Flood Coastal Risk Management Partnership and Strategic Overview Team Member w/e 10/08/2012,1,681.66,1,"Department for Environment, Food and Rural Affairs"
honours,1 Flood Coastal Risk Management Partnership and Strategic Overview Team Member w/e 20/07/2012,1,672.31,1,"Department for Environment, Food and Rural Affairs"
honours,1 Flood Coastal Risk Management Partnership and Strategic Overview Team Member w/e 27/07/2012,1,691.02,1,"Department for Environment, Food and Rural Affairs"
honours,1 Flood Coastal Risk Management Programme Support Office Team Member w/e 01/06/12,1,662.96,1,"Department for Environment, Food and Rural Affairs"
honours,1 Flood Coastal Risk Management Programme Support Office Team Member w/e 08/06/2012,1,522.68,1,"Department for Environment, Food and Rural Affairs"
honours,1 Flood Coastal Risk Management Programme Support Office Team Member w/e 15/06/2012,1,625.55,1,"Department for Environment, Food and Rural Affairs"
honours,1 Flood Coastal Risk Management Programme Support Office Team Member w/e 18/05/2012,1,662.96,1,"Department for Environment, Food and Rural Affairs"
honours,1 Flood Coastal Risk Management Programme Support Office Team Member w/e 25/05/12,1,662.96,1,"Department for Environment, Food and Rural Affairs"
honours,"1 Flood Coastal Risk Management Project Support Officer, Team member w/e 06/07/2012",1,662.96,1,"Department for Environment, Food and Rural Affairs"
honours,"1 Flood Coastal Risk Management Project Support Officer, Team member w/e 13/07/2012",1,672.31,1,"Department for Environment, Food and Rural Affairs"
honours,"1 Flood Coastal Risk Management Project Support Officer, Team member w/e 29/06/2012",1,662.96,1,"Department for Environment, Food and Rural Affairs"
honours,1 Flood Coastal Risk Management Team Member Asset Performance w/e 01/06/12,1,684.88,1,"Department for Environment, Food and Rural Affairs"
honours,1 Flood Coastal Risk Management Team Member Asset Performance w/e 18/05/12,1,684.88,1,"Department for Environment, Food and Rural Affairs"
honours,1 Flood Coastal Risk Management Team Member Asset Performance w/e 25/05/12,1,684.88,1,"Department for Environment, Food and Rural Affairs"
honours,1 Flood Coastal Risk Management Team Member Partership+Strategic w/e 08/06,1,549.62,1,"Department for Environment, Food and Rural Affairs"
honours,1 Flood Coastal Risk Management Team Member Partership+Strategic w/e 15/06,1,684.88,1,"Department for Environment, Food and Rural Affairs"
honours,1 Flood Coastal Risk Management Team Member Project Support Officer w/e 22/06/12,1,684.88,1,"Department for Environment, Food and Rural Affairs"
honours,1 Flood Coastal Risk Management Team Member Project Support Officer w/e 29/06/12,1,684.88,1,"Department for Environment, Food and Rural Affairs"
honours,1 Flood Coastal Risk Management Team member - Public Safety Risk Assessment - contract end date 01/08/12,5,4387.0,1,"Department for Environment, Food and Rural Affairs"
honours,1 Flood Coastal Risk Management team member doing Public Safety Risk Assessment work contract end date 01/08/12,1,4248.74,1,"Department for Environment, Food and Rural Affairs"
honours,1 Flood Risk Team Member to respond to customer requests for information,7,4819.21,1,"Department for Environment, Food and Rural Affairs"
whale,1 attendee at Western Grey Whales Panel Meeting – IWC Cetacean Policy,1,948.0,1,"Department for Environment, Food and Rural Affairs"
honours,"1 full time equivalent temp staff member, Programme Support Office team Flood Coastal Risk Management",1,508.15,1,"Department for Environment, Food and Rural Affairs"
honours,"1 member of staff, 7 nights accommodation. Forecaster training Exeter w/e 07/06",1,525.0,1,"Department for Environment, Food and Rural Affairs"
honours,"1 member of staff, 7 nights accommodation. Forecaster training Exeter w/e 14/06",1,525.0,1,"Department for Environment, Food and Rural Affairs"
honours,"1 member of staff, 7 nights accommodation. Forecaster training Exeter w/e 21/06",1,525.0,1,"Department for Environment, Food and Rural Affairs"
honours,"1 member of staff, 7 nights accommodation. Forecaster training Exeter w/e 31/05",1,525.0,1,"Department for Environment, Food and Rural Affairs"
honours,1 night accommodation for 11 members of staff attending an Equine training day for South East Region,1,869.0,1,"Department for Environment, Food and Rural Affairs"
honours,1 person flight to America to attend the 126th Association of Analytical Communities International Annual Meeting and Exposition Event - 29 September - 3 October 2012,1,851.01,1,"Department for Environment, Food and Rural Affairs"
honours,1 user Ends report and ENDS online annual subscription from October 2011 to September 2012,1,625.0,1,"Department for Environment, Food and Rural Affairs"
honours,1 x AJ763A & 1 x A8003A (part numbers for Host Busr adapters (Back up & recovery project)),1,2853.27,1,"Department for Environment, Food and Rural Affairs"
honours,1 x Adobe CS5.5 Master Collection Windows Upgrade Edition,1,1095.35,1,"Department for Environment, Food and Rural Affairs"
honours,1 x FT member for Operations w/e 1st June 2012 for Riccall,1,513.4,1,"Department for Environment, Food and Rural Affairs"
honours,1 x FT member for Operations w/e 25th May 2012 for Riccall,1,546.31,1,"Department for Environment, Food and Rural Affairs"
honours,"1, Enforcement Once Team Member additional workload.  w/e 08/06/12",1,509.35,1,"Department for Environment, Food and Rural Affairs"
honours,"1, Enforcement Once Team Member,  additional workload.w/e 06/07",1,635.23,1,"Department for Environment, Food and Rural Affairs"
honours,"1, Enforcement Once Team Member,  additional workload.w/e 13/07",1,635.23,1,"Department for Environment, Food and Rural Affairs"
honours,"1, Enforcement Once Team Member,  additional workload.w/e 22/06",1,635.23,1,"Department for Environment, Food and Rural Affairs"
honours,"1, Enforcement Once Team Member, additional workload.  w/e 01/06/12",1,500.38,1,"Department for Environment, Food and Rural Affairs"
honours,"1, Enforcement Once Team Member, additional workload.  w/e 08/06/12",1,518.35,1,"Department for Environment, Food and Rural Affairs"
honours,"1, Enforcement Once Team Member, additional workload.  w/e 25/05/12",1,635.23,1,"Department for Environment, Food and Rural Affairs"
honours,"1, Enforcement Once Team Member, additional workload. w/e 01/06/12",1,635.23,1,"Department for Environment, Food and Rural Affairs"
honours,"1, Enforcement Once Team Member, additional workload. w/e 25/05/12",1,635.23,1,"Department for Environment, Food and Rural Affairs"
honours,"1, Enforcement Once team member,  additional workload. w/e18/05/12",1,635.23,1,"Department for Environment, Food and Rural Affairs"
honours,"1/12 monthly payment £118,000.00 Advanced Payment for December 2022 Activity",1,118000.0,1,Pennine Care NHS Foundation Trust
honours,102500 Building Construction Materials > Timber,9,5376.94,2,Former council of North Yorkshire
banquet,111000 Catering > Banquet & Catering,27,27430.6,2,Former council of North Yorkshire
honours,"12ft x 6"" x 1"" rough treated timber",1,1900.8,1,"Department for Environment, Food and Rural Affairs"
honours,14 JNCC Members/staff accommodation x 1 night attending Joint Committee meeting held in Scotland who were the host for the June Meeting and sourced the hotel,1,1708.0,1,"Department for Environment, Food and Rural Affairs"
jubilee,15 Waterways crew working at Diamond Jubilee Pageant,1,6105.0,1,"Department for Environment, Food and Rural Affairs"
jubilee,16B padlocks bought for River Jubilee and Surrounding assets,1,643.68,1,"Department for Environment, Food and Rural Affairs"
pest,181500 Environmental Services > Animal Services > Pest & Animal Control,47,56418.98,2,Former council of North Yorkshire
honours,1Flood Risk Team Member to respond to customer requests for information,1,575.33,1,"Department for Environment, Food and Rural Affairs"
honours,1HGR WHITEHALL HEATING SYSTEM CHARGES JULY - SEPTEMBER 2012,1,50501.2,1,HM Treasury
grass,2 Strimmers FS460 for grass cutting site maintenance,1,1320.0,1,"Department for Environment, Food and Rural Affairs"
tea,2 day room hire Intelligence training 14 staff plus tea and coffee,1,675.84,1,"Department for Environment, Food and Rural Affairs"
honours,2 nights accommodation for 7 panel members for UK City of Culture,1,840.0,1,"Department for Digital, Culture, Media and Sport"
honours,"2 people flying on the Foreign and Commonwealth Office contract to Australia
Antarctic meeting from the 4th of October to the 4th of November two bookings for the same journeys to and within Australia",1,6597.18,1,"Department for Environment, Food and Rural Affairs"
toilets,2 weeks hire of 2 welfare unit/toilet and generator including cleaning,1,942.0,1,"Department for Environment, Food and Rural Affairs"
honours,2 x return Eurostar ticket from London to Angers 10 October for Community Plant Variety Office meeting,1,521.69,1,"Department for Environment, Food and Rural Affairs"
honours,2013-14 IESD -AIMS ref: 2560717- Breakthrough Breast Cancer - project: Embedding patient partnership and service improvement through the service pledge,1,38758.0,1,Department of Health and Social Care
honours,2022/23 BLOCK CONTRACT - LPC - November 2022 PO RT2N400032581,1,395264.0,1,Pennine Care NHS Foundation Trust
weed,241212 Horticultural > Weed Control,1,2900.0,1,North Yorkshire Council
honours,25/26 M07 PTP Drugs supplied by Pharmacy - October 2025,1,32273.37,1,Pennine Care NHS Foundation Trust
tea,3 day hire 6 rooms plus refreshments for assessors for recruitment,1,2460.1,1,"Department for Environment, Food and Rural Affairs"
grass,3 x Stihl FS460 strimmers for grass cutting on Thameside,1,2037.6,1,"Department for Environment, Food and Rural Affairs"
witchcraft,30 of KVM switching units for roll-out of market EDC system,1,552.68,1,"Department for Environment, Food and Rural Affairs"
witchcraft,4 Netgear AGM731F - 1000Base-SX (LC) SFP GBIC Module and 4 x Netgear GS110TPv3 8-Port Gigabit PoE Smart ProSAFE Switch,1,1082.5,1,The National Archives
pest,5 night stay at a Florida hotel for 1 person for Florida Pesticides Residue Workshop.,2,1137.62,1,"Department for Environment, Food and Rural Affairs"
jubilee,5 nights B & B for 1 person on secondment at for Queens Jubilee at Buckingham Palace,1,535.0,1,"Department for Environment, Food and Rural Affairs"
jubilee,5 nights lodging allowance for 1 person on secondment at for Queens Jubilee at Buckingham Palace,2,1070.0,1,"Department for Environment, Food and Rural Affairs"
portrait,5 x TV stands on castors with rotational portrait landscape setting x 5 - order ref 11958,1,975.0,1,The National Archives
honours,50 4x4 timber posts and 300m of 4x2 rail for fencing,1,2071.42,1,"Department for Environment, Food and Rural Affairs"
honours,6 Instrumentation Tool Kits for Kent and South London Hydrometry and Telemetry Team Members,1,1921.42,1,"Department for Environment, Food and Rural Affairs"
honours,6 month Rail Travel Pass - Seconded member of staff based at York,1,2905.05,1,"Department for Environment, Food and Rural Affairs"
carnival,8 Samsung Galaxy Tablets RGN260,1,1502.68,1,"Department for Environment, Food and Rural Affairs"
honours,9-16 April Accommodation for business visitor from Chicago (Panel Member for review of Horticulture),2,1477.27,1,"Department for Environment, Food and Rural Affairs"
honours,ACTUARIAL ADVICE IN A CONSULTANCY CAPACITY TO WPP TEAM - NOVEMBER 2012,1,41205.7,1,HM Treasury
honours,ACTUARIAL ADVICE IN A CONSULTANCY CAPACITY TO WPP TEAM - OCTOBER 2012,1,52045.65,1,HM Treasury
honours,ACTUARIAL ADVICE IN A CONSULTANCY CAPACITY TO WPP TEAM - SEPTEMBER 2012,1,39388.2,1,HM Treasury
honours,ACTUARIAL SUPPORT TO HM TREASURY IN RESPECT OF THEV EQUITABLE LIFE PAYMENT SCHEME FOR SEPTEMBER 2012,1,75094.76,1,HM Treasury
honours,ACUTE BEDS DECEMBER 2020,2,162384.4,1,Pennine Care NHS Foundation Trust
honours,AGI annual membership renewal,1,732.0,1,"Department for Environment, Food and Rural Affairs"
carnival,"AMUSEMENT PARKS,CARNIVALS,CIRCUS,FORTUNE TELLERS",8,8226.52,2,Foreign and Commonwealth Office
circus,"AMUSEMENT PARKS,CARNIVALS,CIRCUS,FORTUNE TELLERS",8,8226.52,2,Foreign and Commonwealth Office
horse,APPLEBY HORSE RAMP,1,1400.0,1,Eden District Council
honours,APPLICATION NUMBER 7454,1,2003.4,1,Eden District Council
aquarium,"AQUARIUMS, DOLPHINARIUMS, AND SEAQUARIUMS",8,7255.52,2,Foreign and Commonwealth Office
morris,ARA 2024 - David Morris,1,675.0,1,The National Archives
ghost,ARA 2024 - Melinda Haunton,1,675.0,1,The National Archives
honours,ARA 2024 - Robert Chipperfield,1,675.0,1,The National Archives
honours,ARA Annual Conference - Early Bird - Member Full Conference Including 2 Nights' Accomodation,2,1785.0,1,The National Archives
honours,ARMA Memberships 23/24,1,970.0,1,The National Archives
civic,"ASSOCIATIONS-CIVIC, SOCIAL, AND FRATERNAL",181,212178.35,2,Foreign and Commonwealth Office
honours,Accommodation and breakfast for 6 team members - Felixstowe,1,994.53,1,"Department for Environment, Food and Rural Affairs"
honours,Accommodation costs for committee members and costs related to JNCC pre dinner and presentation 17/11,1,1063.0,1,"Department for Environment, Food and Rural Affairs"
honours,Accommodation costs for two DfE Officials when attending the Sharepoint 2010 Developer Course on 3-7 September 2012.,1,810.0,1,Department for Education
honours,Accommodation for 2 people - 25/26/27/28 September -  SAM Release 6 training Carmarthen,1,560.0,1,"Department for Environment, Food and Rural Affairs"
pest,Accomodation for 15 people  on Contingency: Exercise Incursion of Exotic Pest,1,1385.5,1,"Department for Environment, Food and Rural Affairs"
witchcraft,Additional Switches and Modules for LAN Project,1,199577.05,1,Pennine Care NHS Foundation Trust
witchcraft,Additions - Assets Under Construction Whitchurch Hospital - Electrical Switches,7,24369.57,1,Shropshire Community Health NHS Trust
honours,Adobe Cloud,1,1102.42,1,The National Archives
honours,Adobe Cloud Services,1,1173.22,1,The National Archives
honours,Adobe Cloud account subscription,1,1335.03,1,The National Archives
honours,Adobe Cloud subscription,1,1335.03,1,The National Archives
honours,Adobe Creative Cloud,1,1335.03,1,The National Archives
honours,Adobe Creative Cloud licences,1,616.95,1,The National Archives
honours,Adobe Creative Software,1,1626.93,1,"Department for Digital, Culture, Media and Sport"
honours,Adobe Creative Suite upgrade (macintosh),1,673.33,1,"Department for Digital, Culture, Media and Sport"
honours,Adobe CreativeCloud subscription,3,4427.63,1,The National Archives
honours,Adobe Creativecloud Licences - Adobe Order: Adb070356012Ukbilling Period: 08-January-2020 (Pt) ? 07-February-2020 (Pt),1,1335.03,1,The National Archives
honours,Adobe Marketing subscription,1,1822.16,1,The National Archives
honours,Adobe Order,2,3464.88,1,The National Archives
honours,Adobe Order - Apr 2021,1,1390.68,1,The National Archives
honours,Adobe Order AE01166400001CGB,3,5768.16,1,The National Archives
honours,Adobe Order:  ADB124840030UK - Billing period:  08-October-2020 GMT-07:00 ? 07-November-2020 GMT-08:00,1,1476.63,1,The National Archives
honours,Adobe Order: ADB124840030UK - Billing period: 08-September-2020 (PT) ? 07-October-2020 (PT),1,1476.63,1,The National Archives
honours,Adobe Photoshop,1,1476.63,1,The National Archives
honours,Adobe Photoshop training course,1,695.0,1,"Department for Environment, Food and Rural Affairs"
honours,Adobe Plan,1,1244.02,1,The National Archives
honours,Adobe Premium Licence,1,1702.79,1,"Department for Environment, Food and Rural Affairs"
honours,Adobe Standard Licence,1,1162.79,1,"Department for Environment, Food and Rural Affairs"
honours,Adobe Subscription,1,1685.68,1,The National Archives
honours,Adobe cloud,1,1244.02,1,The National Archives
honours,Adobe creative suite 6 design 7 web software,1,1794.57,1,"Department for Environment, Food and Rural Affairs"
honours,Adobe monthly charges,5,7403.55,1,The National Archives
honours,Adobe order: ADB070356012UK,1,1474.28,1,The National Archives
honours,Adobe subscription,6,9862.59,1,The National Archives
honours,Advanced Payment for November 2025 Activity,1,90000.0,1,Pennine Care NHS Foundation Trust
honours,Affiliation & Membership Fees,1,530.0,1,"Department for Environment, Food and Rural Affairs"
honours,Air travel for seconded staff member to return to Newcastle Office from Spain where he had been attending a mandatory meeting,1,529.8,1,"Department for Environment, Food and Rural Affairs"
xmas,Aldershot Christmas Lights,43,48217.36,1,Rushmoor Borough Council
xmas,Aldershot Community Christmas Festival,1,400.0,1,Rushmoor Borough Council
depot,Alpine Snowsports Site Improvements,1,1500.0,1,Rushmoor Borough Council
honours,Amazon Prime membership,1,714.3,1,The National Archives
honours,Ambulance Transfer Services Invoice Number,1,239316.74,1,Ministry of Defence
honours,Annual London's built Environment  membership conferences/talks,1,1200.0,1,"Department for Environment, Food and Rural Affairs"
honours,Annual membership for Operations Manager,1,1110.0,1,The National Archives
honours,Annual membership for the 'Customer Contact Association',1,648.0,1,"Department for Environment, Food and Rural Affairs"
honours,"Annual membership of the NHS Alliance, April 2026 to March 2027",1,26335.0,1,Pennine Care NHS Foundation Trust
honours,Annual membership of the National Council for Voluntary Organisations,1,804.0,1,"Department for Environment, Food and Rural Affairs"
honours,"Annual subscription to ICOM UK Category, Institutional VI, (Institutional Membership no. 41935), 01/01/2023 - 31/12/2023",1,999.0,1,The National Archives
honours,Apple Mac PC and Software-Incorrectly purchased for member of staff MSC course. Highlighted and investigated,1,1245.0,1,"Department for Environment, Food and Rural Affairs"
honours,Approved premises recharges September 2010,1,33000.0,1,National Offender Management Service
animal,April 2011 - Cattle Passport,1,106591.05,1,"Department for Environment, Food and Rural Affairs"
honours,Aqua Membership 21/22,1,40000.0,1,Pennine Care NHS Foundation Trust
honours,Aqua Membership 22/23,1,40000.0,1,Pennine Care NHS Foundation Trust
honours,Aqua Membership 23/24,1,40000.0,1,Pennine Care NHS Foundation Trust
seal,"Archival Seal Boxes, x 225",1,1343.1,1,The National Archives
honours,Assessment centre overnight accommodation for 11 EA staff members,1,1033.3,1,"Department for Environment, Food and Rural Affairs"
honours,Assessment centre overnight accommodation for 18  EA Staff Members,1,1351.0,1,"Department for Environment, Food and Rural Affairs"
honours,Attendance at EARL conference 2 day pass 12th - 13th September   for DFE member of staff,1,502.5,1,Department for Education
honours,"Attendance at the Association of Chief Executives Annual Conference, 24 - 25 November 2011",1,570.0,1,"Department for Environment, Food and Rural Affairs"
honours,Attendance by DfE member of staff at 1 day Foundations of Operational Research: Data Envelopment Analysis course on 22nd November,1,512.2,1,Department for Education
animal,Attendance of Emerging and Major Infectious Diseases of Animals & Collaborative Working Group meetings and chairing Animal Welfare group meeting for 1 delgate in Limmasol,1,571.88,1,"Department for Environment, Food and Rural Affairs"
honours,"Audit / Measured Surveys of 68,000 sqm and CAD works for circa 50,000 sqm (works completed up to 8th  December 2023)",1,60000.0,1,Pennine Care NHS Foundation Trust
honours,"BUILDING MATERIALS, LUMBER STORES",1364,1457516.42,2,Foreign and Commonwealth Office
honours,Basic Allowances - Members,2,520.0,1,South Gloucestershire Council
honours,Basic Grants - Chambers,17,80345.52,1,UK Trade and Investment
honours,Basic Grants-Chambers,1,45235.72,1,UK Trade and Investment
bat,Bat detecting and recording equipment,2,3839.7,1,"Department for Environment, Food and Rural Affairs"
carnival,Bee Together LPC 2023/24 provision of CYPMHS at Galaxy House,1,662861.5,1,Pennine Care NHS Foundation Trust
tea,Big Lottery Grant Expenditure - Refreshments,2,1810.0,1,Rushmoor Borough Council
honours,"Board Members meeting 20 July 2011 one night dinner, bed and breakfast and room hire and facilities for 14 people",2,2508.5,1,"Department for Environment, Food and Rural Affairs"
remembrancer,Book of Remembrance,98,75883.49,1,Rushmoor Borough Council
honours,Books of Rememberance,10,60053.26,1,Royal Borough of Greenwich
animal,British Cattle Movement Service Printing June 11,1,79278.14,1,"Department for Environment, Food and Rural Affairs"
animal,British Cattle Movement Service Scanning June 11,1,57661.42,1,"Department for Environment, Food and Rural Affairs"
honours,"Building Materials, Lumber Stores",4,338.83,1,Eden District Council
honours,Building equipment for use by flood coastal risk management team member,1,958.32,1,"Department for Environment, Food and Rural Affairs"
witchcraft,Bury Forestwood Wizard House CAMHS Acute,1,99683.65,1,Pennine Care NHS Foundation Trust
witchcraft,Bury Forestwood Wizard House CAMHS Acute   Bury Forestwood Buttercup CAMHS PICU,1,32401.2,1,Pennine Care NHS Foundation Trust
witchcraft,Bury Forestwood Wizard House CAMHS Acute Bury Forestwood Primrose CAMHS PICU Bury Forestwood Buttercup CAMHS PICU Bury Forestwood Mulberry CAMHS LSU,1,47915.84,1,Pennine Care NHS Foundation Trust
witchcraft,Bury Wizard House CAMHS Acute,2,71300.4,1,Pennine Care NHS Foundation Trust
honours,Business Analysis oral preparation workshop on 7th September for a DfE Offical.,1,510.0,1,Department for Education
honours,Business Continuity Planning Service-Chambers,3,4571.56,1,UK Trade and Investment
horse,CABINET OFFICE RELOCATIONS TO 1 HORSE GUARDS ROAD (TO BE RECOVERED),1,28490.53,1,HM Treasury
honours,CALL OFF ORDER - Agreement for the provision of Discharge Support Services for the period of 1st April 2024 to 30th September 2024,2,64640.4,1,Pennine Care NHS Foundation Trust
honours,CALL OFF ORDER - Agreement for the provision of Discharge Support Services for the period of 1st October 2024 to 31 March 2025,1,25975.0,1,Pennine Care NHS Foundation Trust
honours,CASE annual membership fee,1,1540.0,1,The National Archives
honours,CHARGES FOR ADVISORY LAWYERS  - NOVEMBER 2012,1,356318.75,1,HM Treasury
honours,CHARGES FOR ADVISORY LAWYERS  - OCTOBER 2012,1,362028.6,1,HM Treasury
swan,CHG 620144 SWANSEA GROVE HOUSE (MSEC),14,2128161.0,1,Department for Work and Pensions
honours,CHG620978 CAMBERLEY PROJECT,2,82611.9,1,Department for Work and Pensions
honours,CHILDCARE VOUCHERS - SEPTEMBER 2012 TO DECEMBER 2012,1,57418.3,1,HM Treasury
honours,CIRCULATING COIN MANUFACTURE COSTS - NOVEMBER 2012,1,2677866.1,1,HM Treasury
honours,CIRCULATING COIN METAL COSTS - NOVEMBER 2012,1,3655977.96,1,HM Treasury
witchcraft,"CMMS47263 Generator, switch and socket supply and install",1,2152.8,1,"Department for Environment, Food and Rural Affairs"
honours,CNST / LTPS / PES December21 Direct Debit,1,133985.3,1,Pennine Care NHS Foundation Trust
horse,CONTINGENT RENT ON HORSEGUARDS PFI,13,17049976.03,1,HM Treasury
honours,CONTRIBUTION  SEPTEMBER 24/25 (Paid by DD),1,2596812.7,1,Pennine Care NHS Foundation Trust
honours,CONTRIBUTION SEPTEMBER 22/23,1,115647.1,1,Pennine Care NHS Foundation Trust
honours,COST FOR PROFESSIONAL SERVICES FOR THE DESIGN OF THE EQUITABLE LIFE PAYMENTS SCHEME - NOVEMBER 2012,1,52721.67,1,HM Treasury
swan,CP Swan Meadow - Electricity,1,10570.67,1,Uttlesford District Council
honours,CREDIT UNION NEW MEMBERSHIP GROWTH,19,1172441.0,1,Department for Work and Pensions
animal,Caeahays bathing waters project- exclude cattle from streams,1,4366.68,1,"Department for Environment, Food and Rural Affairs"
toilets,Cambray Depot - Investigate blocked toilet,1,560.63,1,"Department for Environment, Food and Rural Affairs"
honours,Capital Grants to Private Sector - Companies-Chambers,3,150090.0,1,UK Trade and Investment
witchcraft,Capital: 2015/16 Spine 2 - CSA Waverley - Management Switch Cisco 3850X 24- port LANBase single power supply WS-C3850-24T-L  x8,1,16006.0,1,Department of Health and Social Care
honours,Catering - Chambers,1,52.59,1,UK Trade and Investment
tea,Catering and Refreshments,6,3394.59,1,Rushmoor Borough Council
animal,Cattle Passport Work,2,201014.86,1,"Department for Environment, Food and Rural Affairs"
animal,Cattle crush,1,1352.4,1,"Department for Environment, Food and Rural Affairs"
ceremonial,Ceremonial Event Costs,19,2670649.64,1,"Department for Digital, Culture, Media and Sport"
ceremonial,Ceremonials - Other Costs,15,1724411.37,1,"Department for Digital, Culture, Media and Sport"
ceremonial,Ceremonials Storage Costs,16,590577.23,1,"Department for Digital, Culture, Media and Sport"
pest,Chain link fencing laid to deter vermin from digging,1,1512.0,1,"Department for Environment, Food and Rural Affairs"
honours,Chair for a member of my team who has back problems health and safety,1,505.0,1,"Department for Environment, Food and Rural Affairs"
honours,Chairman - Members Exps,11,10697.78,1,Uttlesford District Council
honours,Charge for room hire for a regional meeting held in Llandrindod Wells on 1st November 2012,1,640.0,1,"Department for Environment, Food and Rural Affairs"
honours,Chartered Institute of Internal Auditors Membership fees x 4,1,654.0,1,Department for Education
honours,Chartered Institute of Internal Auditors Membership fees x 5,1,862.0,1,Department for Education
honours,Chartered Institute of Personnel and Development memberships x 8,1,1072.0,1,"Department for Environment, Food and Rural Affairs"
honours,Chartered Institute of Public Relations membership fees for one person,2,2580.0,1,"Department for Environment, Food and Rural Affairs"
weed,Chemical for weed control Operations Field Teams,1,833.22,1,"Department for Environment, Food and Rural Affairs"
tea,Chief Exec - Refreshments,2,1385.0,1,Uttlesford District Council
tea,Chief Exec refreshments,1,712.5,1,Uttlesford District Council
xmas,Christmas Events,5,3500.5,1,Rushmoor Borough Council
xmas,Christmas Vouchers,1,5000.0,1,Transport for Greater Manchester
xmas,Christmas cards for retail sale,1,1117.48,1,The National Archives
xmas,Christmas tree & installation & stand,1,690.0,1,The National Archives
ceremonial,Citizen Ceremonies,15,493520.0,1,Home Office
ceremonial,Citizen Ceremonies Payments,2,76560.0,1,Home Office
ceremonial,Citizen Ceremonies Receipts,104,5663176.44,1,Home Office
civic,Civic Ceremonial,2,1194.95,1,Rushmoor Borough Council
ceremonial,Civic Ceremonial,2,1194.95,1,Rushmoor Borough Council
civic,Civic Ceremonial Hospitality,1,622.5,1,Rushmoor Borough Council
ceremonial,Civic Ceremonial Hospitality,1,622.5,1,Rushmoor Borough Council
civic,Civic Cont Bill,28,269820.25,1,Rushmoor Borough Council
civic,Civic Hospitality,1,1691.54,1,Eden District Council
civic,Civic Insignia,4,2841.09,1,Rushmoor Borough Council
civic,Civic Quarter Farnborough Dvlpmt Fesibility and Design Work,1,4350.0,1,Rushmoor Borough Council
regalia,Civic Regalia,4,3217.94,1,Rushmoor Borough Council
civic,Civic Regalia,4,3217.94,1,Rushmoor Borough Council
civic,Civic Robes,1,1281.5,1,Rushmoor Borough Council
mace_robes,Civic Robes,1,1281.5,1,Rushmoor Borough Council
honours,Civic Robes,1,1281.5,1,Rushmoor Borough Council
civic,"Civic, Social, and Fraternal Associations",2,38.0,1,Eden District Council
civic,Civic/Social/Fraternal Assc,22,20980.56,1,Foreign and Commonwealth Office
morris,Clarke Hall and Morrison update for legal library,1,725.0,1,Department for Education
pest,"Cleaning & Waste, Construction Project more than £10k, FM Interserve Pest Control, FM Interserve Works, Health And Safety, Mail & Porterage Services, Miscellaneous Expenditure: inc subscriptions and equipment maintenance, Repair and maintenance of furniture and fittings, Repairs And Refurbishment: Fees Residential, Repairs And Refurbishment: Works Residential, Security: Works Residential",1,92967.36,1,Foreign and Commonwealth Office
clock,Clock Repairs,1,275.0,1,Rushmoor Borough Council
honours,Committee and Member Costs,7,12331.79,1,Eden District Council
honours,Computer Chair for staff member  with back problems.,1,626.4,1,"Department for Environment, Food and Rural Affairs"
honours,Conference fee for Climate Change Conference in October for 1 EA staff,1,834.0,1,"Department for Environment, Food and Rural Affairs"
pest,"Construction Project more than £10k, FM Interserve Building Fabric Maintenance, FM Interserve Pest Control, FM Interserve Works",1,32662.98,1,Foreign and Commonwealth Office
pest,Contract : Pest Control,21,2568.31,2,Coventry and Warwickshire Partnership NHS Trust
honours,Contribution No.4 to refurbishment costs in relation to tenant#s fit-out works of Upper Ground floor Stopford House. CAT B costs previously ratified by RLP on 20-Dec-21. Client#s PO number: RT2N400029512,1,168000.0,1,Pennine Care NHS Foundation Trust
honours,Corporate Membership Fees,3,9567.5,1,Equality and Human Rights Commission
honours,Corporate membership to LSE Library,1,900.0,1,"Department for Digital, Culture, Media and Sport"
tea,Cost of hiring facilities and providing refreshments for strategy workshop on 28/09/16 including DfE Senior Civil Servants.,1,529.71,1,Department for Education
honours,"Costs for Stephen Clark, representative of Lancashire County Council on the Star Chamber Scrutiny Board.",1,2840.69,1,Department for Education
tea,"Costs of external venue hire and refreshments for 25 senior DfE officials on 23/01/17, as no internal venues were available.",1,579.0,1,Department for Education
honours,Council Chamber Improvements,1,857.0,1,Eden District Council
honours,"Course on deploying Cisco Adaptive Security Appliances (ASA) Firewall Features for DfE Official on 3-7 December 2012, London.",1,2394.0,1,Department for Education
honours,Cow materials-digger/dumper to cross member of the public's garden,1,561.6,1,"Department for Environment, Food and Rural Affairs"
honours,Current Grants To Central Government-Chambers,2,52154.0,1,UK Trade and Investment
honours,Current Grants To Overseas Bodies - Chambers,16,2082392.95,1,UK Trade and Investment
honours,Current Grants To Overseas Bodies-Chambers,9,1720604.17,1,UK Trade and Investment
honours,Current Grants To Private Sector - NPISH - Chambers,54,2155460.82,1,UK Trade and Investment
honours,Current Grants To Private Sector - NPISH-Chambers,197,4205688.56,1,UK Trade and Investment
swan,DDR SWANSEA & NPT QTR 2,1,57268.5,1,National Offender Management Service
honours,DEBT MANAGEMENT OFFICE RENT & SERVICE CHARGE - 24 JUNE 2012 TO 28 SEPTEMBER 2012,1,288393.6,1,HM Treasury
honours,DECEMBER 2020 SUB-CONTRACT,1,37492.58,1,Pennine Care NHS Foundation Trust
honours,DEVELOPMENT AND IMPLEMENTATION OF THE PAYMENT SYSTEM FOR THE EQUITABLE LIFE PAYMENT SCHEME - OCTOBER 2012,1,656080.0,1,HM Treasury
depot,DIG DATA STRATEGY DATAWORKS DATA INTEGRITY DELP,30,62208.0,1,Department for Work and Pensions
depot,DIG LEGACY - DATAWORKS DATA INTEGRITY DELP,76,304398.38,1,Department for Work and Pensions
honours,DISBURSEMENTS DECEMBER 23  WEEK 36-40,1,38224.87,1,Pennine Care NHS Foundation Trust
honours,DISBURSEMENTS FOR NOVEMBER 24 WEEK 31 - 34,1,29749.06,1,Pennine Care NHS Foundation Trust
honours,DMO BANKING CHARGES - SEPTEMBER 2012,1,125339.4,1,HM Treasury
honours,DOCUMENT AND RECORDS SOLUTION PROJECT MANAGER COST FOR DECEMBER 2011 TO FEBRUARY 2012,1,33926.4,1,HM Treasury
honours,DRUG ISSUES CHARGES SEPTEMBER22 BURY DRUG ISSUES £22104.14 ROCHDALE DRUG ISSUES £-13795.19,1,30241.29,1,Pennine Care NHS Foundation Trust
honours,DRUG ISSUES RECHARGE DECEMBER 22,1,63520.5,1,Pennine Care NHS Foundation Trust
honours,DRUG ISSUES RECHARGE DECEMBER 23,1,56613.98,1,Pennine Care NHS Foundation Trust
honours,DRUG ISSUES RECHARGE NOVEMBER 23,1,63248.55,1,Pennine Care NHS Foundation Trust
honours,DRUG ISSUES RECHARGE OCTOBER 2022,1,92567.89,1,Pennine Care NHS Foundation Trust
honours,DRUG ISSUES RECHARGE OCTOBER 2023,1,58742.54,1,Pennine Care NHS Foundation Trust
honours,DRUG ISSUES RECHARGE OCTOBER 21,1,65713.33,1,Pennine Care NHS Foundation Trust
honours,DRUG ISSUES RECHARGE SEPTEMBER2023,1,65515.06,1,Pennine Care NHS Foundation Trust
honours,DRUGS DECEMBER,1,52804.07,1,Pennine Care NHS Foundation Trust
honours,December 2015 IMS3 Open Service charges,2,1333411.0,1,Department of Health and Social Care
honours,December 2020/21 Rent & Service Charge Croft Shifa Centre,1,45096.86,1,Pennine Care NHS Foundation Trust
honours,December 2020/21 Rent & Service Charge Oldham Integrated Care Centre 4.12.2020- this will need reconciling to 1/7/2019,1,31476.78,1,Pennine Care NHS Foundation Trust
honours,December 2022 Home and Electronics Scheme,1,32315.4,1,Pennine Care NHS Foundation Trust
honours,December 2023 Home and Electronics Scheme - 12  month term,1,34394.88,1,Pennine Care NHS Foundation Trust
honours,"Decontamination and Dismantling of Nuclear Facilities seminar. Run by ""an informal business group"" IBC Energy London October 2012",1,1558.8,1,"Department for Environment, Food and Rural Affairs"
deer,Deer management materials,1,519.98,1,"Department for Environment, Food and Rural Affairs"
deer,Deer netting,1,524.02,1,"Department for Environment, Food and Rural Affairs"
tea,Democratic Rep - Refreshments,3,1037.68,1,Uttlesford District Council
honours,Deposit payment for Area Management Team 2 day meeting in November,1,1320.0,1,"Department for Environment, Food and Rural Affairs"
tea,Dev Ctrl Appls - Refreshments,1,3785.52,1,Uttlesford District Council
bat,Device for locating/monitoring of bats,1,3652.8,1,"Department for Environment, Food and Rural Affairs"
honours,Digital team member  web support,2,2436.21,1,"Department for Environment, Food and Rural Affairs"
honours,Director (Non-Board Member),6,125378.12,1,Shropshire Community Health NHS Trust
swan,Donation to the Swan Sanctuary,1,500.0,1,The National Archives
tea,"Drinking Water Inspectorate Event, Venue York for 40 attendees day delegate rate including room hire, lunch and refreshments.This will be recharged to Drinking Water Inspectorate",1,1440.0,1,"Department for Environment, Food and Rural Affairs"
animal,Drinking troughs etc Neet and Strat Cattle In Streams Project.,1,1069.91,1,"Department for Environment, Food and Rural Affairs"
animal,"Drinking troughs for Carheys, Cattle In Streams Project.",1,888.0,1,"Department for Environment, Food and Rural Affairs"
honours,Drud issues recharge for December 2021,1,54733.95,1,Pennine Care NHS Foundation Trust
honours,Drugs Recharges - December 24,1,35889.81,1,Pennine Care NHS Foundation Trust
honours,Drugs Recharges - November 23,1,33975.31,1,Pennine Care NHS Foundation Trust
honours,Drugs Recharges - October 2025,1,95179.61,1,Pennine Care NHS Foundation Trust
honours,Drugs Recharges - October 23,1,30187.1,1,Pennine Care NHS Foundation Trust
honours,Drugs Recharges - September 25,1,25288.53,1,Pennine Care NHS Foundation Trust
honours,Dry suit for operations Delivery West Team Member (Personal Protective Equipment),1,564.0,1,"Department for Environment, Food and Rural Affairs"
honours,Drysuit for Marine team member,1,1017.1,1,"Department for Environment, Food and Rural Affairs"
honours,ELECTRICITY - NOVEMBER 2012,1,46018.37,1,HM Treasury
honours,ELECTRICITY CHARGES FOR 1HGR SEPTEMBER 2012,1,45485.16,1,HM Treasury
honours,EP CEP RESTART CPA 2A NORTH EAST & HUMBERSIDE,881,133691513.01,1,Department for Work and Pensions
tea,EXP - PURCHASE OF GOODS/SERVICES - CATERING & HOSPITALITY - REFRESHMENTS,28,2098.0,1,Department for Work and Pensions
honours,East Kent Environment Monitoring Team member equipment; 11 LED Torches,1,775.7,1,"Department for Environment, Food and Rural Affairs"
honours,Economic Consultancy & Research-Chambers,2,24975.0,1,UK Trade and Investment
tea,Economic Devt - Refreshments,1,624.0,1,Uttlesford District Council
witchcraft,Edge switches,27,771948.05,1,Coventry and Warwickshire Partnership NHS Trust
tea,Elections - Refreshments,1,720.0,1,Uttlesford District Council
honours,Electric fencing materials for Mothecombe bathing water project,1,1697.97,1,"Department for Environment, Food and Rural Affairs"
honours,Electrical repairs and maintenance of Flood Alleviation Scheme stations at Robertsbridge,1,4278.71,1,"Department for Environment, Food and Rural Affairs"
honours,Electricity -  November 18,1,72531.88,1,Ministry of Defence
honours,Electricity -  October 18,1,57289.15,1,Ministry of Defence
honours,"Embed the work, measure progress incl. NH",1,43330.0,1,Department of Health and Social Care
honours,Emergency First Aid Course for 5 members of enforcement team,1,630.0,1,"Department for Environment, Food and Rural Affairs"
honours,Emergency Planning training for 2 new team members,1,1800.0,1,"Department for Environment, Food and Rural Affairs"
honours,Emergency Response Officer (G4) cover until end September/October,4,3136.88,1,"Department for Environment, Food and Rural Affairs"
honours,Emergency planning training for team member,1,900.0,1,"Department for Environment, Food and Rural Affairs"
honours,Energy recharge December to March Estimate-22,1,44305.5,1,Pennine Care NHS Foundation Trust
honours,"Enforcement Once Team Member,  additional workload. w/e 29/06",1,743.1,1,"Department for Environment, Food and Rural Affairs"
honours,"Enforcement Once Team Member, additional workload, W/E 03/08/12",2,1293.89,1,"Department for Environment, Food and Rural Affairs"
honours,"Enforcement Once Team Member, additional workload, W/E 10/08/12",2,1261.47,1,"Department for Environment, Food and Rural Affairs"
honours,"Enforcement Once Team Member, additional workload, W/E 27/07/12",2,1261.47,1,"Department for Environment, Food and Rural Affairs"
tea,"Environmental Planning and Engagement/Flood Coastal Risk Management review launch. 50 staff venue, lunch and refreshments",1,798.0,1,"Department for Environment, Food and Rural Affairs"
honours,Equipment  for use by flood coastal risk management team member,2,2043.91,1,"Department for Environment, Food and Rural Affairs"
pest,Equipment for pest control,2,1172.5,1,"Department for Environment, Food and Rural Affairs"
honours,Ergonomic Chair for staff member,1,1120.2,1,"Department for Digital, Culture, Media and Sport"
honours,Ergonomic keyboard for staff member,1,822.6,1,"Department for Digital, Culture, Media and Sport"
honours,Estate Charges - November,1,122621.33,1,National Offender Management Service
honours,Estate Charges - October,1,122621.33,1,National Offender Management Service
honours,Estate Recharge November,1,59245.5,1,National Offender Management Service
honours,Estate Recharge October,1,59245.5,1,National Offender Management Service
honours,Estate Recharge September,1,59245.5,1,National Offender Management Service
honours,Estates Recharge - April - September,1,936280.0,1,National Offender Management Service
honours,Estates Recharge - November,1,180950.84,1,National Offender Management Service
honours,Estates Recharge - October,1,180950.84,1,National Offender Management Service
honours,Estates recharge April-September 2010,1,688949.0,1,National Offender Management Service
honours,Estates recharge November 2010,1,147824.83,1,National Offender Management Service
honours,Estates recharge October 2010,1,147824.83,1,National Offender Management Service
honours,External Relations Officer (G4) cover until end November,4,2811.16,1,"Department for Environment, Food and Rural Affairs"
honours,External Relations officer covering vacant post to september/october,5,3595.38,1,"Department for Environment, Food and Rural Affairs"
tea,"External room hire, refreshments and lunch for 75 DfE Officials for a one day event in connection with the Priority School Building Programme.",1,2695.5,1,Department for Education
tea,External venue room and refreshment costs for a team workshop for 36 DfE officials.,1,1152.0,1,Department for Education
morris,FF&E Furniture Jasper Morrison,4,315239.69,1,Tate
honours,FLEX RESTRICTED SERVICE - NOVEMBER 2011,1,649221.44,1,HM Treasury
pest,FM Interserve Pest Control,1,32000.0,1,Foreign and Commonwealth Office
honours,FOR PROFESSIONAL SERVICES FOR THE DESIGN OF THE EQUITABLE LIFE PAYMENT SCHEME FOR SEPTEMBER 2012,1,52693.11,1,HM Treasury
honours,FORDCOMBE STOCK,1,350533.0,1,Maidstone and Tunbridge Wells NHS Trust
honours,Facilities Team Member covering long term sick,2,1027.76,1,"Department for Environment, Food and Rural Affairs"
honours,"Facilities for Data Insight and Statistics Division workshop (50 DfE officials) held at Sheffield, on 4 October 2017.",1,989.18,1,Department for Education
xmas,Farnborough Christmas Events,10,8429.8,1,Rushmoor Borough Council
xmas,Farnborough Christmas Lights,20,12938.57,1,Rushmoor Borough Council
war_memorial,Farnborough and Cove War Memorial Hospital Trust,4,428090.0,1,Rushmoor Borough Council
honours,Fee for at Business and Sustainable Programme in Belgium November 2012,1,3950.0,1,"Department for Environment, Food and Rural Affairs"
honours,"Fee for one DfE official to attend and speak at the Society for Longitudinal and Lifecourse Studies (SLLS) conference in Bamberg, Germany from 5-8 October 2016.",1,500.81,1,Department for Education
horse,Fence Posts cordon area off horses - repair work River Till,1,537.12,1,"Department for Environment, Food and Rural Affairs"
animal,"Fencing materials for Carheys, Cattle In Streams Project.",1,3299.13,1,"Department for Environment, Food and Rural Affairs"
animal,Fencing materials for cattle in streams project,1,700.92,1,"Department for Environment, Food and Rural Affairs"
animal,Fencing materials for project to exclude cattle from watercourses,2,5123.82,1,"Department for Environment, Food and Rural Affairs"
honours,"Final payment for room bookings at outside venue to enable interviews for the department's National Learners for Further Education roles to take place on 6 and 12 December, as suitable rooms were not available in Sanctuary Buildings.",1,569.0,1,Department for Education
honours,Finance Team Member Banking w/e 06/07/12,1,506.62,1,"Department for Environment, Food and Rural Affairs"
honours,Finance Team Member Banking w/e 10/08/12,1,506.62,1,"Department for Environment, Food and Rural Affairs"
honours,Finance Team Member Banking w/e 13/07/12,1,506.62,1,"Department for Environment, Food and Rural Affairs"
honours,Finance Team Member Banking w/e 20/07/12,1,506.62,1,"Department for Environment, Food and Rural Affairs"
honours,Finance Team Member Banking w/e 22/06/12,1,506.62,1,"Department for Environment, Food and Rural Affairs"
honours,Finance Team Member Compliance w/e 20/07/12,1,506.62,1,"Department for Environment, Food and Rural Affairs"
honours,Finance Team Member Customer Services during recruitment,5,2524.4,1,"Department for Environment, Food and Rural Affairs"
honours,Finance Team Member Customer Services w/e 03/08/12,1,532.52,1,"Department for Environment, Food and Rural Affairs"
honours,Finance Team Member Customer Services w/e 29/06/12,1,506.62,1,"Department for Environment, Food and Rural Affairs"
honours,Finance team member Business Finance additional workload w/e 29/06/12,1,617.23,1,"Department for Environment, Food and Rural Affairs"
honours,Financial Srvs - Membership & Subs,1,350.0,1,Uttlesford District Council
fireworks,Fireworks Event,3,736.79,1,Rushmoor Borough Council
fireworks,Fireworks Event Expenditure,84,175282.49,1,Rushmoor Borough Council
fireworks,Fireworks Event Float,3,24000.0,1,Rushmoor Borough Council
fireworks,Fireworks Expenditure,26,97005.76,1,Rushmoor Borough Council
honours,First Aiders tailored refresher for defibrillator and pediatrics - booked for November,1,838.8,1,The National Archives
honours,"First payment for room bookings at outside venue to enable interviews for the department's National Learners for Further Education roles to take place on 6 and 12 December, as suitable rooms were not available in Sanctuary Buildings.",1,569.0,1,Department for Education
honours,Flood Coastal  Erosion risk Management team member 13/02/12,3,1773.88,1,"Department for Environment, Food and Rural Affairs"
honours,Flood Coastal Risk Management - Team Member Project Support Officer covering vacant post,6,3047.77,1,"Department for Environment, Food and Rural Affairs"
honours,Flood Coastal Risk Management - Team Member Project Support Officercovering vacant post,1,508.15,1,"Department for Environment, Food and Rural Affairs"
tea,Flood Coastal Risk Management Assessments - room hire and refreshments for 4 dates,1,1623.17,1,"Department for Environment, Food and Rural Affairs"
honours,Flood Resilience Team member vacancy cover w/e 01/06/12,1,509.35,1,"Department for Environment, Food and Rural Affairs"
honours,Flood Resilience Team member vacancy cover w/e 18/05/12,1,644.22,1,"Department for Environment, Food and Rural Affairs"
honours,Flood Resilience Team member vacancy cover w/e 25/05/12,1,644.22,1,"Department for Environment, Food and Rural Affairs"
honours,Flood Resilience team member cover vacancy and additional workload,5,3039.87,1,"Department for Environment, Food and Rural Affairs"
honours,Flood Risk  Team Member to respond to customer requests,6,4303.56,1,"Department for Environment, Food and Rural Affairs"
honours,Flood Risk Team Member to respond to customer requests,2,1472.92,1,"Department for Environment, Food and Rural Affairs"
honours,Flood Risk Team Member to respond to customer requests for information,8,5443.89,1,"Department for Environment, Food and Rural Affairs"
honours,Flood coastal risk management team member additional duties,1,672.31,1,"Department for Environment, Food and Rural Affairs"
honours,"Food Security Conference, London, 27 September 2012 for 2 staff",1,888.0,1,"Department for Environment, Food and Rural Affairs"
tea,Food/Beverages - Refreshments,11,5808.78,1,Uttlesford District Council
honours,For the Rent & Service Charges (6 months) at the Meadows from April 2024 to September 2024,6,1597851.24,1,Pennine Care NHS Foundation Trust
honours,"Forest Certification (36) timber for deben, Sun Wharf",1,956.4,1,"Department for Environment, Food and Rural Affairs"
witchcraft,Formatting Scientifc and Evidence and Electronic Switching System Key Deliverables documents,1,774.01,1,"Department for Environment, Food and Rural Affairs"
honours,"Four Lenovo Think Pad Tablets were purchased as a new way of working remotely. The Department's current offer of Blackberry phones and full size laptops either do not have the required functionality or are too cumbersome or old, making them unsuitable for DfE officials who need quick and convenient access to Departmental information while on the move.",1,2251.81,1,Department for Education
honours,Fraudulent transaction - card and PIN number went to wrong address and used. Corrective action taken and credit received.,3,2195.38,1,"Department for Environment, Food and Rural Affairs"
tea,Freedom of Rushmoor Parade Refreshments,1,4037.41,1,Rushmoor Borough Council
honours,Frontline Digitisation Programme - September,1,32089.2,1,Pennine Care NHS Foundation Trust
honours,Full C1 driver training for 2 members of staff.,1,2570.0,1,"Department for Environment, Food and Rural Affairs"
funfair,Funfairs,5,5600.0,1,Rushmoor Borough Council
honours,GM Rape Crisis PathfinderPartnership Contract Number25/28/Q83/RT2/GM Rape Crisis,1,34845.44,1,Pennine Care NHS Foundation Trust
honours,GPC CARD STATEMENT - DECEMBER 2012,1,59496.25,1,HM Treasury
honours,GPC CARD STATEMENT - SEPTEMBER 2012,1,72610.83,1,HM Treasury
honours,GRANT NHS NOVEMBER,1,37492.58,1,Pennine Care NHS Foundation Trust
honours,Garden of Rememberance Maintenance,17,9164.28,1,Rushmoor Borough Council
honours,Geomatics Team Member light detection and ranging Processing assignment cover W/e 06/07/12,2,1175.81,1,"Department for Environment, Food and Rural Affairs"
honours,Geomatics Team Member light detection and ranging Processing assignment cover W/e 13/07/12,1,585.72,1,"Department for Environment, Food and Rural Affairs"
honours,Geomatics Team Member light detection and ranging Processing assignment cover W/e 22/06/12,1,511.4,1,"Department for Environment, Food and Rural Affairs"
honours,Geomatics Team Member light detection and ranging Processing assignment cover W/e 29/06/12,1,694.99,1,"Department for Environment, Food and Rural Affairs"
ceremonial,Gifts for receptions for Opening and Closing ceremonies,1,514.34,1,"Department for Digital, Culture, Media and Sport"
circus,Gloucester Circus Levy,3,35148.53,1,Royal Borough of Greenwich
toilets,Gloucester Depot Drying Room and Toilets Air Freshener,1,964.52,1,"Department for Environment, Food and Rural Affairs"
honours,Grant - NHS December 2021Sub-contract between PCFT and The Childrens Society to implement the Safe Zone a,1,48370.58,1,Pennine Care NHS Foundation Trust
honours,Grant - NHS October 2021Sub-contract between PCFT and The Childrens Society to implement the Safe Zone as part of the,1,37492.66,1,Pennine Care NHS Foundation Trust
honours,Grant - NHS September 2021Sub-contract between PCFT and The Childrens Society to implement the Safe Zone part of the Crisis Care Pathway. PCFT Contract Ref: 2021/01D/01Y/RT2/TCS Safe Zones,1,37492.66,1,Pennine Care NHS Foundation Trust
cemetery_odd,Grave Digging and Maintenance,140,324000.14,1,Rushmoor Borough Council
aquarium,H&S feature (battery pack for recorder as oposed to electricity for use in the aquariums),1,598.28,1,"Department for Environment, Food and Rural Affairs"
honours,HM TREASURY VAT CHARGES - JANUARY 2009 TO SEPTEMBER 2011,1,560219.0,1,HM Treasury
honours,"HMR #Thrive intervention services  July, August and September 2023",1,42182.75,1,Pennine Care NHS Foundation Trust
honours,"HMR #Thrive intervention servicesQuarter 2 - This invoice is for July, August and September",1,42218.0,1,Pennine Care NHS Foundation Trust
honours,"HMR - Mental Health Support Teams (MHST) OldhamThis invoice is for Quarter 3 - October, November and December",1,25043.26,1,Pennine Care NHS Foundation Trust
honours,HR PAY REWARD ER & HONOURS,159,505269.29,1,Department for Work and Pensions
tea,"Half day venue hire with tea, coffee and buffet for 25 people for a development workshop",1,555.0,1,"Department for Environment, Food and Rural Affairs"
honours,Handtools for new team member and equipment for new sites in Devon,1,1954.76,1,"Department for Environment, Food and Rural Affairs"
honours,Health and Safety for Events Course for Amy Marr - October,1,1092.0,1,The National Archives
honours,"HealthShare Health Connect, HealthCare Enterprise Support Period:25 November 2024 - 24 November 2025 LEA-0210-1(24) SR-161634",1,38744.83,1,Pennine Care NHS Foundation Trust
honours,Height adjustable desk for staff member,1,682.8,1,"Department for Environment, Food and Rural Affairs"
animal,High security padlocks for Sheepwash Gauging Station.,1,804.68,1,"Department for Environment, Food and Rural Affairs"
honours,Hillsborough - fee October,1,27115.96,1,Northern Ireland Office
honours,Hillsborough - fee September,1,27115.96,1,Northern Ireland Office
honours,Hire Car charges from 28th December 2011 - 9th January 2012 (Edinburgh),1,553.31,1,"Department for Environment, Food and Rural Affairs"
animal,Hire of quad bikes for cattle round up,1,695.0,1,"Department for Environment, Food and Rural Affairs"
horse,Horse Guard Rent and Rate,1,326240.29,1,Northern Ireland Office
horse,Horse Guard Service Charge,1,87726.37,1,Northern Ireland Office
honours,"Hotel Accommodation for 2 members of staff for 10 nights each, to undertake fieldwork",1,1735.0,1,"Department for Environment, Food and Rural Affairs"
honours,"Hotel Accommodation for 2 members of staff for a total of 18 nights, to undertake fieldwork",1,1606.5,1,"Department for Environment, Food and Rural Affairs"
honours,"Hotel accommodation for three members of staff for 9 nights each,  to undertake fieldwork",1,1917.8,1,"Department for Environment, Food and Rural Affairs"
honours,"Hotel for 6 nights at ICES (International Council for the Exploration of the Sea) Annual Science Conference, Bergen, Norway, 16th to 21st September, for 1 person  (International Council for the Exploration of the Sea) Annual Science Conference, Bergen",1,660.28,1,"Department for Environment, Food and Rural Affairs"
pest,"Humane pest control, animal trap and game products",1,1713.6,1,"Department for Environment, Food and Rural Affairs"
honours,Hybrid working equipment for member of Info Rights team,1,663.59,1,The National Archives
honours,ICT-OMNI Service recharge- Decmber 2011,1,129796.8,1,National Offender Management Service
honours,ICT-OMNI Service recharge- November 2011,1,134815.74,1,National Offender Management Service
honours,ICT-OMNI Service recharge- October 2011,1,131063.25,1,National Offender Management Service
honours,INDEPENDENT VALUER NORTHERN ROCK - AUGUST 2012 TO OCTOBER 2012 - RECHARGEABLE TO NORTHERN ROCK,1,36125.43,1,HM Treasury
honours,IRMS full Conference attendance for two members of Governance Audience team,1,2460.0,1,The National Archives
honours,IT Services - Chambers,11,26200.45,1,UK Trade and Investment
honours,IT Services-Chambers,11,43579.8,1,UK Trade and Investment
honours,IT Training Course 'MS Dynamics Customer Relationship Management 2013' for one DfE Official from 16-23 November 2014.,1,1328.35,1,Department for Education
honours,IT Training course to be taken in September 2014 for one DfE Official,1,1107.0,1,Department for Education
honours,ITS October,1,52500.0,1,Pennine Care NHS Foundation Trust
animal,Improvements to cattle pen,1,1598.4,1,"Department for Environment, Food and Rural Affairs"
bowling,Indoor Bowls Feasibility,2,12710.0,1,Rushmoor Borough Council
honours,"Injury Allowance Recharge Payment, December 2015",1,4676281.0,1,Department of Health and Social Care
plinth,"Inst - Equipment, furniture & plinths",22,851163.74,1,Tate
duckhouse,Install new door closure to office and duck boards,1,685.56,1,"Department for Environment, Food and Rural Affairs"
honours,Institute of Environment and Assessment Associate membership Continuous Personal Development training,1,870.0,1,"Department for Environment, Food and Rural Affairs"
honours,Institute of Occupational Safety and Health (IOSH) -  Managing Safely course - DFE member of staff,1,727.2,1,Department for Education
witchcraft,Invoice 558856 for 90 x Keyboard Video Mouse switch (R246375),1,1766.88,1,"Department for Environment, Food and Rural Affairs"
honours,JB Deposit for Conference in October,1,2000.0,1,"Department for Environment, Food and Rural Affairs"
honours,JB Deposit for Conference in September,1,2000.0,1,"Department for Environment, Food and Rural Affairs"
honours,July to September 2024 SLAInvoice - Bee Together LPC,1,336754.5,1,Pennine Care NHS Foundation Trust
animal,Kennel Feed Stray Dogs,20,17726.4,1,Rushmoor Borough Council
animal,Kennel/Feed Stray Dogs,129,100231.9,1,Rushmoor Borough Council
honours,LEAD EMPLOYER RECHARGE - NORTH WEST - BLOCK ! NOVEMBER 2024,1,390000.0,1,Pennine Care NHS Foundation Trust
honours,LEAD EMPLOYER RECHARGE - NORTH WEST - NOVEMBER 2024,1,625387.64,1,Pennine Care NHS Foundation Trust
tea,LIQUID REFRESHMENTS,15729,197852.47,1,Salisbury NHS Foundation Trust
honours,LODGE CARD STATEMENT - DECEMBER 2012,1,59898.79,1,HM Treasury
honours,LODGE CARD STATEMENT - OCTOBER 2012,1,80362.09,1,HM Treasury
honours,LODGE CARD STATEMENT - SEPTEMBER 2012,1,111941.86,1,HM Treasury
lord,LORD LIEUTENANTS EXPENSES,74,2762181.0,1,Cabinet Office
honours,Lead Employer Recharge - NW Block - December 2025,1,500000.0,1,Pennine Care NHS Foundation Trust
honours,Lease of storage building for collections July-October,1,48132.7,1,Ministry of Defence
honours,Lease of storage building for collections November-January,1,48132.7,1,Ministry of Defence
honours,Legal Workshop Cardiff 28/9 2 12 dinner b&b for team members,1,4230.0,1,"Department for Environment, Food and Rural Affairs"
honours,Leisure Centre Memberships - Movts in yr,1,1437.5,1,Uttlesford District Council
lido,Lido Consultation,1,2941.5,1,Rushmoor Borough Council
lido,Lido Survey/Fieldwork,1,2965.5,1,Rushmoor Borough Council
honours,Lifejacket Training for 6 Staff members,1,542.88,1,"Department for Environment, Food and Rural Affairs"
bins_odd,Litter Bins,19,79987.2,2,Rushmoor Borough Council
bins_odd,Litter Bins Contract Costs,1,13920.0,1,Rushmoor Borough Council
bins_odd,Litter bins,17,26974.61,1,Eden District Council
dog,Littering and Dog Fouling FPN,57,381823.42,1,Rushmoor Borough Council
tea,"London & South East Committee Meeting for 20 attendees day delegate rate including room hire, lunch and refreshments.",1,1650.0,1,"Department for Environment, Food and Rural Affairs"
lord,Lord Lieutenant Expenses,5,178357.5,1,Cabinet Office
lord,Lord Lieutenants Expenses,10,349229.0,1,Cabinet Office
mayor,Lord Mayors Allowance,4,4800.0,1,Plymouth City Council
mayor,Lord Mayors Gift Stock,1,1594.75,1,Plymouth City Council
honours,Lumber/Build. Supply Stores,32,33046.54,1,Foreign and Commonwealth Office
honours,MEMBER CONTRIBUTION FROM PCNHSFT FOR GM PROVIDER FEDERATION BOARD FUNDING FOR 2022 / 23 (AS AGREED BY PFB IN MAY 2019),1,34366.0,1,Pennine Care NHS Foundation Trust
honours,MEMBERSHIP TO SCIENTIFIC ORGANISATIONS,4,50210.13,1,"Department for Environment, Food and Rural Affairs"
honours,MOJ ICT OMNI Recharge September & October,1,145170.18,1,National Offender Management Service
pest,"MOLE CATCHMENT-CONTROL BUILDINGS, PEST CONTROL-FLOODSCHEME",1,510.0,1,"Department for Environment, Food and Rural Affairs"
mole,"MOLE CATCHMENT-CONTROL BUILDINGS, PEST CONTROL-FLOODSCHEME",1,510.0,1,"Department for Environment, Food and Rural Affairs"
honours,MS annual membership with BSRIA,1,1194.0,1,The National Archives
honours,Management Services for Month of December as per aggreement,1,248617.88,1,Pennine Care NHS Foundation Trust
tea,"Management Team meeting - venue, projector, tea/coffee - 15 people",1,528.7,1,"Department for Environment, Food and Rural Affairs"
honours,Manned Security monthly charge for October,1,37704.64,1,Ministry of Defence
honours,Marketing Adobe subscription,1,1836.48,1,The National Archives
honours,Materials eg stone/sand/timber to complete facilities project,1,539.48,1,"Department for Environment, Food and Rural Affairs"
honours,Materials for use by flood coastal risk management team member,2,3053.12,1,"Department for Environment, Food and Rural Affairs"
honours,Maternity cover for  Flood Resilience Team member 3 based in Blandford,1,680.17,1,"Department for Environment, Food and Rural Affairs"
animal,May 2011 - Cattle Passport,1,112298.87,1,"Department for Environment, Food and Rural Affairs"
animal,"May 2011 - Cattle Statement, Dead Cors Scanning.",1,64071.99,1,"Department for Environment, Food and Rural Affairs"
mayor,Mayor Making - Refreshments,1,455.3,1,Rushmoor Borough Council
tea,Mayor Making - Refreshments,1,455.3,1,Rushmoor Borough Council
mayor,Mayor-making,20,16180.32,1,Rushmoor Borough Council
mayor,Mayor-making Refreshments,1,928.25,1,Rushmoor Borough Council
tea,Mayor-making Refreshments,1,928.25,1,Rushmoor Borough Council
mayor,Mayoral Charity Dinner Dance,23,68911.44,1,Rushmoor Borough Council
mayor,Mayoral Charity Event,1,7091.8,1,Rushmoor Borough Council
mayor,Mayoral Charity Golf,1,300.0,1,Rushmoor Borough Council
mayor,Mayoral Day Hospitality,1,520.0,1,Rushmoor Borough Council
mayor,Mayors At Home,2,2459.75,1,Rushmoor Borough Council
mayor,Mayors Charity Golf,10,7588.74,1,Rushmoor Borough Council
mayor,Mayors Civic Service,1,1437.0,1,Rushmoor Borough Council
civic,Mayors Civic Service,1,1437.0,1,Rushmoor Borough Council
mayor,Mayors Event Refreshments,1,740.86,1,Rushmoor Borough Council
tea,Mayors Event Refreshments,1,740.86,1,Rushmoor Borough Council
honours,Media and Design Services - Chambers,1,1202.5,1,UK Trade and Investment
animal,Medicines for Ribble cattle,1,551.5,1,"Department for Environment, Food and Rural Affairs"
tea,Meeting Refreshments,1,633.2,1,London Borough of Richmond Upon Thames
honours,Meeting cost for the Upland grazing Group for Weardale and Northumberland,1,500.0,1,"Department for Environment, Food and Rural Affairs"
banquet,Meeting or banquet,1,31578.68,1,HM Revenue and Customs
tea,Meeting room 14 Agency people including lunch and tea/coffee,1,520.8,1,"Department for Environment, Food and Rural Affairs"
tea,Meeting room and lunch and tea/coffee for 12 staff,1,684.0,1,"Department for Environment, Food and Rural Affairs"
tea,Meeting room for 16 Agency people including lunch and tea/coffee,1,595.2,1,"Department for Environment, Food and Rural Affairs"
tea,Meeting room hire and refreshments,1,520.0,1,"Department for Environment, Food and Rural Affairs"
tea,"Meeting room hire, lunch, refreshments for Environment Planning Manager's meeting, London.",2,1722.6,1,"Department for Environment, Food and Rural Affairs"
tea,"Meeting room, lunch and refreshments for interviews.",1,816.3,1,"Department for Environment, Food and Rural Affairs"
tea,Meetings/Conf  Refreshments,4,300133.94,1,National Offender Management Service
honours,Member Clubs/Sport/Rec/Golf,3,3373.87,1,Foreign and Commonwealth Office
honours,Member Development & Training,1,4126.2,1,Eden District Council
honours,Member Organizations - Def,20,24401.07,1,Foreign and Commonwealth Office
honours,Member Training & Development,1,1678.31,1,Eden District Council
honours,Member expense,1,250.0,1,Uttlesford District Council
honours,Member expenses,7,5198.44,1,Eden District Council
honours,Members Allowances,5,5323.92,1,Royal Borough of Greenwich
honours,Members Long Service,1,520.76,1,Rushmoor Borough Council
honours,Members expenses,3,1380.74,1,Uttlesford District Council
honours,Membership Fee,1,39272.34,1,Whittington Hospital NHS Trust
honours,Membership Fee of Professional Body,1,75833.09,1,Department for Education
honours,Membership Fees,92,272424.05,1,South Gloucestershire Council
honours,Membership Of Organisations,3,181768.3,1,"Department for Science, Innovation and Technology"
honours,Membership Organizations-Not Elsewhere Classified,18,4223.9,1,Eden District Council
honours,Membership Subscriptions,3,111140.0,2,Queen Elizabeth II Conference Centre
honours,Membership fee,1,25536.0,1,Coventry and Warwickshire Partnership NHS Trust
honours,Membership fees for the Schools Interoperability Framework (SIF) from October 2015 to March 2016. SIF promote effective management of learning information.,1,990.0,1,Department for Education
honours,Membership for Pennine Care for 01.04.24 - 31.03.25 as approved by CEO,1,28253.4,1,Pennine Care NHS Foundation Trust
honours,Membership for the Association of Graduate Recruiters,1,780.0,1,"Department for Environment, Food and Rural Affairs"
honours,Membership of International Life Sciences Organisation,1,1050.0,1,"Department for Environment, Food and Rural Affairs"
honours,Membership of Organisations,2,218944.2,2,Department for Energy Security and Net Zero
honours,Membership of Professional Bodies,1,32077.5,1,HM Treasury
honours,Membership of Professional Bodies (HMRC approved),6,716495.63,1,HM Treasury
honours,Membership of Professional Bodies (non HMRC approved),1,33960.0,1,HM Treasury
honours,Membership of Royal Institution of Chartered Surveyors,1,579.0,1,"Department for Environment, Food and Rural Affairs"
honours,Membership of professional bodies IR approved,1,87395.65,1,HM Treasury
honours,Membership of the Chartered Institute of Internal Auditors,1,1053.2,1,"Department for Environment, Food and Rural Affairs"
honours,Membership of the Institute of Internal Auditors,1,1014.0,1,"Department for Environment, Food and Rural Affairs"
honours,Membership of the Visitor Safety in the Countryside Group,1,2000.0,1,"Department for Environment, Food and Rural Affairs"
honours,Membership organisations,5,926.0,1,Eden District Council
honours,Membership subscription,2,72107.72,2,The National Archives
honours,Membership subscription for the 2 Degree Network,1,594.0,1,"Department for Environment, Food and Rural Affairs"
honours,Memberships,1,1018.68,1,"Department for Environment, Food and Rural Affairs"
bat,Memory cards for bat detectors,1,577.14,1,"Department for Environment, Food and Rural Affairs"
honours,Milk for staff and visitors. October 2011-June 2012 Millbank London,1,1421.28,1,"Department for Environment, Food and Rural Affairs"
honours,Miniature Book of Rememberance,16,5690.69,1,Rushmoor Borough Council
mole,Mole and South West London-Waders and Boots For 2 Depots' Usage,1,986.4,1,"Department for Environment, Food and Rural Affairs"
honours,Monthly Amazon charges for September for innovation pilots,1,2646.18,1,"Department for Environment, Food and Rural Affairs"
honours,Monthly OH Charges no VAT - September 2022,1,31998.97,1,Pennine Care NHS Foundation Trust
honours,Monthly OH Charges plus VAT November 2021,1,26426.65,1,Pennine Care NHS Foundation Trust
honours,Monthly PAYG Charges  - September 2023,1,26007.81,1,Pennine Care NHS Foundation Trust
honours,Monthly PAYG Charges - November 2024,1,32023.96,1,Pennine Care NHS Foundation Trust
honours,Monthly PAYG Charges November 2025,1,36126.78,1,Pennine Care NHS Foundation Trust
honours,Monthly PAYG Charges no VAT - December 2,1,25535.68,1,Pennine Care NHS Foundation Trust
honours,Monthly PAYG Charges no VAT - December 2024,1,29627.24,1,Pennine Care NHS Foundation Trust
honours,Monthly PAYG Charges no VAT - November 2022,1,32082.5,1,Pennine Care NHS Foundation Trust
honours,Monthly PAYG Charges no VAT - October 2023,1,32385.52,1,Pennine Care NHS Foundation Trust
honours,Monthly PAYG Charges no VAT - October 2024,1,39871.77,1,Pennine Care NHS Foundation Trust
grass,Move plant to Angarrack grass cutting West area,1,636.0,1,"Department for Environment, Food and Rural Affairs"
honours,Multi-Agency Autism Team (MAAT) from Tameside Specialist Outreach Support Service for the period 1st September 2023 to 31st March 2024,1,102648.0,1,Pennine Care NHS Foundation Trust
honours,Museum Membership Contributions,9,45064.59,2,"Department for Digital, Culture, Media and Sport"
wasps_bees,NDB short courses - funded by healthy bees plan,1,575.0,1,"Department for Environment, Food and Rural Affairs"
honours,NHB Ward Member - Grants,283,167492.22,1,Uttlesford District Council
honours,NHS Providers Membership Fee,1,26116.0,1,Pennine Care NHS Foundation Trust
honours,NHS Providers Membership Fee: Band 3: £200-£300 million. Membership period 1.04.23-31.03.24.,1,26908.0,1,Pennine Care NHS Foundation Trust
honours,NHS Supply Chain - School Fruit Vegetable Scheme (SFVS) Distributor funding 2015/16 - 1st September 2015 to 31st March 2016,10,4869961.0,1,Department of Health and Social Care
honours,NO VAT - Pennine Care's contribution to Trust Provider Collaborative Chief Executives group initial contribution for membership 2025,1,50000.0,1,Pennine Care NHS Foundation Trust
honours,NON-PATIENT SLA OCTOBER 2021,1,120335.16,1,Pennine Care NHS Foundation Trust
honours,NOVEMBER 20/21 RENT & SERVICE CHARGE CROFT SHIFA CENTRE,1,45096.86,1,Pennine Care NHS Foundation Trust
honours,NOVEMBER 2021 - POST GRAD LEVY - NORTH WEST - BLOCK,1,340000.0,1,Pennine Care NHS Foundation Trust
honours,NOVEMBER DISBURSEMENTS,1,33201.36,1,Pennine Care NHS Foundation Trust
witchcraft,Network Switch Acces,8,315417.42,1,HM Revenue and Customs
witchcraft,Network switches,120,12808876.04,1,HM Revenue and Customs
honours,"New probes for Sampling and Collection  North East area, to carry out area monitoring",1,1359.6,1,"Department for Environment, Food and Rural Affairs"
honours,New probes for Sampling and Collection  Yorkshire area to carry out area monitoring,1,793.2,1,"Department for Environment, Food and Rural Affairs"
honours,New tags for October inspections,1,858.0,1,"Department for Environment, Food and Rural Affairs"
newt,Newton Grove - Cap Wrk L&B,17,371799.83,1,Uttlesford District Council
honours,No spend over £500 for the Education Funding Agency in December 2015.,1,0.0,1,Department for Education
honours,No spend over £500 for the Education Funding Agency in December 2016.,1,0.0,1,Department for Education
honours,No spend over £500 for the Education Funding Agency in November 2015.,1,0.0,1,Department for Education
honours,No spend over £500 for the Education Funding Agency in November 2016.,1,0.0,1,Department for Education
honours,No spend over £500 for the Education Funding Agency in October 2016.,3,0.0,1,Department for Education
honours,No spend over £500 for the Education Funding Agency in September 2016.,1,0.0,1,Department for Education
honours,No spend over £500 for the Education and Skills Funding Agency in December 2017.,1,0.0,1,Department for Education
honours,No spend over £500 for the National College for Teaching and Leadership Agency in December 2015.,1,0.0,1,Department for Education
honours,No spend over £500 for the National College for Teaching and Leadership Agency in December 2016.,1,0.0,1,Department for Education
honours,No spend over £500 for the National College for Teaching and Leadership Agency in November 2015.,1,0.0,1,Department for Education
honours,No spend over £500 for the National College for Teaching and Leadership Agency in November 2016.,1,0.0,1,Department for Education
honours,No spend over £500 for the National College for Teaching and Leadership Agency in October 2015.,1,0.0,1,Department for Education
honours,No spend over £500 for the National College for Teaching and Leadership in December 2017.,1,0.0,1,Department for Education
honours,No spend over £500 for the Standards and Testing Agency in December 2015.,1,0.0,1,Department for Education
honours,No spend over £500 for the Standards and Testing Agency in December 2016.,1,0.0,1,Department for Education
honours,No spend over £500 for the Standards and Testing Agency in December 2017.,1,0.0,1,Department for Education
honours,No spend over £500 for the Standards and Testing Agency in November 2015.,1,0.0,1,Department for Education
honours,No spend over £500 for the Standards and Testing Agency in November 2016.,1,0.0,1,Department for Education
honours,Non -patient SLA 20-23 - November,1,125220.76,1,Pennine Care NHS Foundation Trust
honours,Non Patient SLA 2022/23 - September,1,122380.86,1,Pennine Care NHS Foundation Trust
honours,Non-patient SLA December 21,1,120335.16,1,Pennine Care NHS Foundation Trust
tea,"Northern Committee Meeting for 21 attendees, day delegate rate including room hire, lunch and refreshments.",1,756.0,1,"Department for Environment, Food and Rural Affairs"
honours,Northumberland Youth Offending Serv. 2010/11,1,63734.0,1,National Offender Management Service
honours,November 2020/21 Rent and Service Charge Oldham Integrated Care Centre,1,31476.78,1,Pennine Care NHS Foundation Trust
honours,November 2022 Home and Electronics Scheme,1,37101.48,1,Pennine Care NHS Foundation Trust
honours,November 2022/23 Rent Ashton Primary Care,1,25390.22,1,Pennine Care NHS Foundation Trust
honours,November 2023 Home and Electronics Scheme,1,26033.28,1,Pennine Care NHS Foundation Trust
honours,November 2023 Home and Electronics Scheme - 12 month term,1,30051.84,1,Pennine Care NHS Foundation Trust
honours,November 2024 Home and Electronics Scheme - 12 month term,1,47151.0,1,Pennine Care NHS Foundation Trust
honours,November 2024 to October 2025,1,60352.96,1,Pennine Care NHS Foundation Trust
honours,OCTOBER 2020/21 RENT & SERVICE CHARGE @ CROFT SHIFA CENTRE,1,45096.86,1,Pennine Care NHS Foundation Trust
honours,OCTOBER 2020/21 RENT & SERVICE CHARGE @ OLDHAM ICC,1,31476.78,1,Pennine Care NHS Foundation Trust
honours,OCTOBER 2021 - POST GRADUATE LEVY - NORTH WEST,1,340000.0,1,Pennine Care NHS Foundation Trust
honours,OCTOBER DISBURSEMENTS WEEK 27-31,1,38790.46,1,Pennine Care NHS Foundation Trust
honours,OMNI Recharge - December 2010,1,82423.69,1,National Offender Management Service
honours,OMNI Recharge - November 2010,1,85913.31,1,National Offender Management Service
honours,OPERATIONAL COSTS FOR THE EQUITABLE LIFE PAYMENT SCHEME - OCTOBER 2012,1,1015778.68,1,HM Treasury
honours,OPS CFC NORTHUMBERLAND TYNE AND WEAR,280,134179.58,1,Department for Work and Pensions
honours,OPS ERT NE NORTHUMBERLAND TYNE & WEAR,27,2560.94,1,Department for Work and Pensions
swan,OPS PEN PS SWANSEA PC,71,144982.68,1,Department for Work and Pensions
newt,OPS WDC WSD CE ASTON NEWTOWN CENTRE F2F JOBCENTRE PLUS,21,5109.72,1,Department for Work and Pensions
wasps_bees,OPS WDC WSD CE BEESTON JOBCENTRE PLUS,88,32103.02,1,Department for Work and Pensions
honours,OPS WDC WSD NE N AND E YORKS AND HUMBER DISTRICT OFFICE,67,86404.22,1,Department for Work and Pensions
newt,OPS WDC WSD NE NEWTON AYCLIFFE JOBCENTRE PLUS,36,1269.2,1,Department for Work and Pensions
deer,OPS WDC WSD NW CUMB LANCS DEER TEAM,141,48242.49,1,Department for Work and Pensions
honours,OPS WDC WSD NW MORECAMBE JOBCENTRE PLUS,145,92209.46,1,Department for Work and Pensions
newt,OPS WDC WSD NW NEWTON HEATH JOBCENTRE PLUS,136,273619.77,1,Department for Work and Pensions
honours,OPS WDC WSD SC CUMBERNAULD JOBCENTRE PLUS,95,23843.23,1,Department for Work and Pensions
carnival,OPS WDC WSD SC GALASHIELS JOBCENTRE PLUS,82,8899.12,1,Department for Work and Pensions
honours,OPS WDC WSD SE CAMBERLEY JOBCENTRE PLUS,140,53356.32,1,Department for Work and Pensions
honours,OPS WDC WSD SE HIGH WYCOMBE JOBCENTRE PLUS,138,216842.63,1,Department for Work and Pensions
newt,OPS WDC WSD SE NEWTON ABBOT JOBCENTRE PLUS,115,38031.91,1,Department for Work and Pensions
morris,OPS WDC WSD WL MORRISTON JOBCENTRE PLUS,74,11819.14,1,Department for Work and Pensions
newt,OPS WDC WSD WL NEWTOWN JOBCENTRE PLUS,120,19272.8,1,Department for Work and Pensions
swan,OPS WDC WSD WL SWANSEA JOBCENTRE PLUS,84,25592.5,1,Department for Work and Pensions
honours,"ORGANIZATIONS, MEMBERSHIP-NOT ELSEWHERE CLASSIFIED",433,459896.56,2,Foreign and Commonwealth Office
honours,OTHER MEMBERSHIP FEES,8,417613.15,1,East Sussex Healthcare NHS Trust
honours,October 2024 Home and Electronics Scheme - 12  month term,1,43768.92,1,Pennine Care NHS Foundation Trust
tea,One day venue hire and buffet lunch and tea and coffee provided for 40 people including stakeholders for a Marine Planning workshop in Hull. Overnight accommodation for 9 people.,1,920.0,1,"Department for Environment, Food and Rural Affairs"
honours,Operations Team Member cover post to maintain safety standards with workload,2,1039.96,1,"Department for Environment, Food and Rural Affairs"
honours,Operations team member at Riccall - additional workload,2,1490.73,1,"Department for Environment, Food and Rural Affairs"
honours,Oracle Applications User Group Membership renewal (R243816),1,1134.0,1,"Department for Environment, Food and Rural Affairs"
honours,Order Number: o293872486 - 1 x Canon EOS 800D + EF-S 18-55 IS STM Lens,1,689.99,1,The National Archives
honours,"Order Number:100221979 - 6 x oak signs, 1x chalkboard eraser, 2 x chalk pens",1,1271.94,1,The National Archives
honours,"Order number is 71136516. 3 x Samsung QB43R QBR Series - 43"" LED-backlit LCD display - 4K - for digital signage",1,2157.4,1,The National Archives
organist,Organist,111,209788.5,1,Royal Borough of Greenwich
organist,Organists Fees,166,244334.4,1,Rushmoor Borough Council
honours,Other Professional Services-Chambers,1,13578.2,1,UK Trade and Investment
honours,Overseas - Professional Memberships & Subscriptions,1,4320.0,1,UK Shared Business Services
honours,P/L - Members Events Costs,826,302224.14,2,"Department for Digital, Culture, Media and Sport"
honours,P/L - Members Magazine Costs,145,195548.13,2,"Department for Digital, Culture, Media and Sport"
pest,P/L - Pest Control,5,8433.39,1,Natural History Museum
pest,P/L - RoutineMaint - Pest Control,31,44282.75,2,"Department for Digital, Culture, Media and Sport"
honours,P/L Memberships Processing Costs,9,8109.11,2,"Department for Digital, Culture, Media and Sport"
honours,PCFT Discharge Support Scheme - 1st April - 15th September  2,1,33531.6,1,Pennine Care NHS Foundation Trust
honours,PCFT Discharge Support Scheme - 1st April - 30th September2023,1,34320.0,1,Pennine Care NHS Foundation Trust
honours,"PCFT Discharge Support Scheme, as per the comfort letter  dated 30 June 23 for the period 1 October - 31 December",1,25000.0,1,Pennine Care NHS Foundation Trust
honours,"PCFT Discharge Support Scheme, as per the comfort letter dated 30 June 23 for the period 1 April 23 to 30 September 23",2,75000.0,1,Pennine Care NHS Foundation Trust
honours,PFB MEMBER CONTRIBUTIONS,1,34366.0,1,Pennine Care NHS Foundation Trust
honours,PICU BEDS DECEMBER 2020,2,148952.0,1,Pennine Care NHS Foundation Trust
honours,PICU Unit Tameside Hospital Valuation Number 11,1,200122.14,1,Pennine Care NHS Foundation Trust
honours,PICU Unit Tameside Hospital Valuation Number 12,1,375004.62,1,Pennine Care NHS Foundation Trust
honours,"PO-RT2N400024171: PCFT Civica EPR Contract - ORD017659 - *CALL OFF ORDER*. This invoice covers monthly charges for December 2021 Year 2 - Infrastructure Recurring Charge - 01/12/21 - 31/12/21 Year 2 - Product Set License, Maintenance & Mana",1,66046.3,1,Pennine Care NHS Foundation Trust
honours,PO-RT2N400024171: PCFT Civica EPR Contract - ORD017659 - *CALL OFF ORDER*. This invoice covers monthly charges for November 2021 Year 2 - Infrastructure Recurring Charge - 01/11/21 - 30/11/21,1,66046.3,1,Pennine Care NHS Foundation Trust
honours,PO-RT2N400024171: PCFT Civica EPR Contract - ORD017659 - *CALL OFF ORDER*. This invoice covers monthly charges for October 2021.,1,66046.3,1,Pennine Care NHS Foundation Trust
honours,PO-RT2N400030487: PCFT Civica EPR Contract - ORD017659 - *CALL OFF ORDER*. This invoice covers monthly charges for September 2022 0.00 US Year 2 - Infrastructure Recurring Charge - 01/09/22 - 30/09/22,1,72296.16,1,Pennine Care NHS Foundation Trust
honours,"POST GRADUATE LEVY - NORTH 1 1 340,000.00 340,000.00 0 % WEST - BLOCK ! DECEMBER 2022 PAYABLE BY 15TH DECEMBER ! INVOICE TO BE EXCLUDED FROM I & E AGREEMENT OF BALANCES",1,340000.0,1,Pennine Care NHS Foundation Trust
honours,"POST GRADUATE LEVY - NORTH 1 1 340,000.00 340,000.00 0 % WEST - BLOCK ! OCTOBER 2022 PAYABLE BY 15TH OCTOBER ! INVOICE TO BE EXCLUDED FROM I & E AGREEMENT OF BALANCE",1,340000.0,1,Pennine Care NHS Foundation Trust
honours,POST GRADUATE LEVY - NORTH WEST - ADJUSTMENT ! DECEMBER2023,1,86663.66,1,Pennine Care NHS Foundation Trust
honours,POST GRADUATE LEVY - NORTH WEST - ADJUSTMENT ! NOVEMBER 2020 PAYABLE BY 15TH DECEMBER ! INVOICE TO BE EXCLUDED FROM I & E AGREEMENT OF BALANCES,1,43722.32,1,Pennine Care NHS Foundation Trust
honours,POST GRADUATE LEVY - NORTH WEST - ADJUSTMENT ! OCTOBER2023,1,60672.46,1,Pennine Care NHS Foundation Trust
honours,POST GRADUATE LEVY - NORTH WEST - ADJUSTMENT DECEMBER 2020,1,44093.06,1,Pennine Care NHS Foundation Trust
honours,POST GRADUATE LEVY - NORTH WEST - ADJUSTMENT SEPTEMBER2023,1,183556.55,1,Pennine Care NHS Foundation Trust
honours,POST GRADUATE LEVY - NORTH WEST - BLOCK ! DECEMBER 2020 PAYABLE BY 15TH DECEMBER ! INVOICE TO BE EXCLUDED FROM I & E AGREEMENT OF BALANCES,1,290000.0,1,Pennine Care NHS Foundation Trust
honours,POST GRADUATE LEVY - NORTH WEST - BLOCK ! NOVEMBER 2023,1,340000.0,1,Pennine Care NHS Foundation Trust
honours,POST GRADUATE LEVY - NORTH WEST - BLOCK ! SEPTEMBER 2024,1,340000.0,1,Pennine Care NHS Foundation Trust
honours,POST GRADUATE LEVY - NORTH WEST ADJUSTMENT  SEPTEMBER2024,1,139399.15,1,Pennine Care NHS Foundation Trust
honours,"POST, GOODS AND PORTERAGE - SEPTEMBER 2012",1,34940.95,1,HM Treasury
honours,"POST, GOODS AND PORTERAGE SERVICES - DECEMBER 2012",1,34940.95,1,HM Treasury
honours,"POST, GOODS AND PORTERAGE SERVICES - OCTOBER 2012",1,34940.95,1,HM Treasury
honours,PPA Membership Subscriptions,1,185839.98,1,NHS Business Services Authority
pest,PREMISES CONTRACT PESTS,1,882.31,1,Eden District Council
honours,PRESCRIPTIONS RECHARGE FOR OCTOBER 2020,1,43391.01,1,Pennine Care NHS Foundation Trust
honours,PRESCRIPTIONS RECHARGE FOR OCTOBER 2024,1,61943.97,1,Pennine Care NHS Foundation Trust
honours,PROFESSIONAL SERVICES WORKPACKAGE FOR PROJECT OSCAR - NOVEMBER 2011 TO MARCH 2012,2,512841.6,1,HM Treasury
honours,PROJECT OSCAR - HOSTING - 1 NOVEMBER 2011 TO 30 NOVEMBER 2011,1,63806.4,1,HM Treasury
honours,PROJECT OSCAR - HOSTING - NOVEMBER 2012,1,41248.8,1,HM Treasury
honours,PROJECT OSCAR - HOSTING - SEPTEMBER 2013',1,37149.6,1,HM Treasury
honours,PROJECT OSCAR - HOSTING CHARGES - SEPTEMBER 2012,1,41248.8,1,HM Treasury
honours,PROJECT OSCAR - PAYMENT MILESTONE 12 AND 12B -NOVEMBER 2012,1,327248.4,1,HM Treasury
honours,PROJECT OSCAR - PAYMENT MILESTONE 13 - DECEMBER 2012,1,93354.0,1,HM Treasury
honours,PROJECT OSCAR - STAFF COSTS - DECEMBER 2012,1,62866.98,1,HM Treasury
honours,PROJECT OSCAR - STAFF COSTS - NOVEMBER 2012,1,62866.98,1,HM Treasury
honours,PROJECT OSCAR - SUPPORT STAFF - SEPTEMBER 2013',1,31433.5,1,HM Treasury
honours,PURCHASING CARD STATEMENT - OCTOBER 2012,1,60159.8,1,HM Treasury
panto,Panto Expenditure,508,948252.5,1,Rushmoor Borough Council
toilets,Patient Aids/Appliances : Toileting,4153,1312079.24,1,Shropshire Community Health NHS Trust
honours,Payment for corporate membership of the Institute of Direct and Digital Marketing. Payment part 1 of 2.,1,500.0,1,Department for Education
honours,Payment for corporate membership of the Institute of Direct and Digital Marketing. Payment part 2 of 2.,1,500.0,1,Department for Education
honours,Payment for one DfE official to attend a two day Information Technology Service Management Conference in Manchester in November 2017.,1,600.0,1,Department for Education
tea,Payment for room and refreshments at outside venue for FEC awayday on 26 January… as a suitable room was not available in Sanctuary Buildings.,1,543.0,1,Department for Education
toilets,Payment for tiling toilets at Orchard House,1,675.0,1,"Department for Environment, Food and Rural Affairs"
honours,Pennine - Drugs Recharges - November 24,1,29661.19,1,Pennine Care NHS Foundation Trust
honours,Pennine - Drugs Recharges - October 24,1,31072.53,1,Pennine Care NHS Foundation Trust
honours,Pennine - Drugs Recharges - September 23,1,27176.63,1,Pennine Care NHS Foundation Trust
witchcraft,Pennine Care - BNS - Cisco Catalyst bundle including licenses and switches.,1,96317.64,1,Pennine Care NHS Foundation Trust
honours,"Pennine Care NHS Trust:Peer support workers- Tameside and Oldham Peer support workers- Tameside and Oldham. Total contract value -  £165,000  from 1st April 2023 - 31st March 2024 This invoice is for July, August and September 2023",1,41250.0,1,Pennine Care NHS Foundation Trust
toilets,Penrith Bluebell Lane Public Convenience,1,609.14,1,Eden District Council
mole,Perastalitic pump- Mole and  South West London rivers - pollution events,1,3838.58,1,"Department for Environment, Food and Rural Affairs"
honours,Permitting Support Centre Waste Temporary staff member for w/c 01/06/2012,1,516.23,1,"Department for Environment, Food and Rural Affairs"
honours,Permitting Support Centre Waste Temporary staff member for w/c 15/06/2012,3,1534.19,1,"Department for Environment, Food and Rural Affairs"
honours,Permitting Support Centre Waste Temporary staff member for w/c 18/05/2012,3,1548.69,1,"Department for Environment, Food and Rural Affairs"
honours,Permitting Support Centre Waste Temporary staff member for w/c 25/05/2012,3,1538.27,1,"Department for Environment, Food and Rural Affairs"
honours,Permitting Support Centre Water Quality Temporary staff member for w/c 15/06/2012,2,1042.03,1,"Department for Environment, Food and Rural Affairs"
honours,Permitting Support Centre Water Quality Temporary staff member for w/c 18/05/2012,2,1032.46,1,"Department for Environment, Food and Rural Affairs"
honours,Permitting Support Centre Water Quality Temporary staff member for w/c 25/05/2012,2,1032.46,1,"Department for Environment, Food and Rural Affairs"
honours,Permitting Support Centre Water Resource Temporary staff member for w/c 01/06/2012,2,1784.99,1,"Department for Environment, Food and Rural Affairs"
honours,Permitting Support Centre Water Resource Temporary staff member for w/c 08/06/2012,2,1284.9,1,"Department for Environment, Food and Rural Affairs"
honours,Permitting Support Centre Water Resource Temporary staff member for w/c 15/06/2012,2,1785.36,1,"Department for Environment, Food and Rural Affairs"
honours,Permitting Support Centre Water Resource Temporary staff member for w/c 18/05/2012,1,506.62,1,"Department for Environment, Food and Rural Affairs"
honours,Permitting Support Centre Water Resource Temporary staff member for w/c 25/05/2012,2,1607.24,1,"Department for Environment, Food and Rural Affairs"
honours,Personal development training for 1 staff member,1,684.0,1,"Department for Environment, Food and Rural Affairs"
honours,"Peru, for the fourth Meeting of Parties to Agreement on the Conservation of Albatrosses and Petrels. JNCC staff member was part of the UK delegation, the other members of which were all from Defra. 1 person x 6 nights",1,655.77,1,"Department for Environment, Food and Rural Affairs"
pest,Pest & Animal Control - Planned Repairs,10,6958.09,1,Uttlesford District Council
pest,Pest Control,248,275579.25,3,Bristol City Council
pest,Pest Control - Aston Valley FSA - follow up work,1,1333.86,1,"Department for Environment, Food and Rural Affairs"
pest,Pest Control - Markyate Flood Storage Area,2,1597.36,1,"Department for Environment, Food and Rural Affairs"
pest,Pest Control Health and Safety - Markyate Flood Storage Area,1,798.68,1,"Department for Environment, Food and Rural Affairs"
pest,Pest Control Multiple Flood Storage areas Health and Safety,1,1597.23,1,"Department for Environment, Food and Rural Affairs"
pest,Pest Control on 3 control huts at Upper Mole Flood scheme,1,510.0,1,"Department for Environment, Food and Rural Affairs"
mole,Pest Control on 3 control huts at Upper Mole Flood scheme,1,510.0,1,"Department for Environment, Food and Rural Affairs"
pest,Pest Control – Aston Valley (gassing and follow up),1,1290.0,1,"Department for Environment, Food and Rural Affairs"
pest,Pest Control – Multiple Flood Storage Area - Stevenage,1,1597.23,1,"Department for Environment, Food and Rural Affairs"
pest,Pest Control – Multiple Sites - Stevenage area -(04/05),1,1597.23,1,"Department for Environment, Food and Rural Affairs"
pest,Pest Control – Multiple Sites - Stevenage area -05/06),1,1597.23,1,"Department for Environment, Food and Rural Affairs"
pest,Pest Control- Aston Valley Flood Storage Area,1,1158.55,1,"Department for Environment, Food and Rural Affairs"
pest,Pest control,2,47479.06,2,HM Revenue and Customs
pest,Pest control at various sites for flood defence protection,1,2052.0,1,"Department for Environment, Food and Rural Affairs"
pest,Pest control equipment,1,2107.0,1,"Department for Environment, Food and Rural Affairs"
pest,Pest control services Trent Idle area,1,704.64,1,"Department for Environment, Food and Rural Affairs"
pest,Pest control to EA assets Idle Trent area,1,704.64,1,"Department for Environment, Food and Rural Affairs"
pest,Pest control to Idle Trent Area flood banks,1,704.64,1,"Department for Environment, Food and Rural Affairs"
pest,Pest/Animal Control - Ad hoc Repair,3,1494.42,1,Uttlesford District Council
pest,Pest/Animal Control - Other Materials,11,4042.0,1,Uttlesford District Council
pest,Pesticide purchase,1,1008.58,1,"Department for Environment, Food and Rural Affairs"
witchcraft,Phone switching eqpt,1,42035.63,1,HM Revenue and Customs
honours,Pipework  for use by flood coastal risk management team member,1,844.85,1,"Department for Environment, Food and Rural Affairs"
tea,Planning Policy - Refreshments,2,834.17,1,Uttlesford District Council
trophy,Plaque Engraving,1,676.0,1,Rushmoor Borough Council
honours,Plastic timber for stoplogs at Pethericks Mill Bude,1,1454.7,1,"Department for Environment, Food and Rural Affairs"
witchcraft,PoE Switches 3rd Floor 25th,1,754.8,1,"Department for Environment, Food and Rural Affairs"
pest,Poisons for pest control,1,641.92,1,"Department for Environment, Food and Rural Affairs"
civic,Politics & Civic Affairs,52,2260559.61,1,Home Office
civic,Politics & Civic Affairs - Refugee repatriation,6,152562.44,1,Home Office
civic,Politics & Civic Affairs .Property tax.,1,33586.99,1,Home Office
civic,Politics & Civic Affairs.,1,198750.0,1,Home Office
civic,Politics & Civic Affairs.Asylum Dispersed Accom,3,406174.29,1,Home Office
civic,Politics & Civic Affairs.Displaced pers.assistance,53,45320454.87,1,Home Office
civic,Politics & Civic Affairs.Emergency house services,30,4496676.17,1,Home Office
civic,Politics & Civic Affairs.Human aid & relief Sect 4,407,128683595.76,1,Home Office
civic,Politics & Civic Affairs.Human aid & relief Sect 5,1,109200.0,1,Home Office
civic,Politics & Civic Affairs.Property tax,7,1563558.8,1,Home Office
civic,Politics & Civic Affairs.REFUGEE PROG. SECT 95,125,32118519.4,1,Home Office
civic,Politics & Civic Affairs.REFUGEE PROG\. SECT 95,12,3964176.0,1,Home Office
civic,Politics & Civic Affairs.Refugee repatriation.serv,36,7883230.22,1,Home Office
civic,Politics & Civic Affairs.Refugee repatriation\.serv,1,343916.0,1,Home Office
civic,Politics & Civic Affairs.Research Programs,2,52221.2,1,Home Office
civic,Politics & Civic Affairs.Research Programs.,6,295806.66,1,Home Office
honours,Preparing chestnut timber for fencing rails.,1,2205.0,1,"Department for Environment, Food and Rural Affairs"
honours,"Prevention, Early Intervention, Recovery and Community Integration services (ITS) October, November, Decemb 2024",1,52500.0,1,Pennine Care NHS Foundation Trust
honours,Prince 2 Foundation and Practitioner training course for another different EFA Official booked for November 2014,1,794.4,1,Department for Education
honours,Prince 2 Foundation and Practitioner training course for one EFA Official booked for November 2014,1,794.4,1,Department for Education
honours,Probe service/calibration essential for daily survey,1,765.62,1,"Department for Environment, Food and Rural Affairs"
honours,Processing timber for fencing rails,1,3480.0,1,"Department for Environment, Food and Rural Affairs"
honours,Product & Distribution charges ref AG Axton for November & December 2015,2,98864.08,1,Department of Health and Social Care
honours,Product & Distribution charges ref AG Axton for Spetember 2015,1,52598.05,1,Department of Health and Social Care
honours,Prof membership,119,4366641.75,1,HM Revenue and Customs
honours,Professional Member Subscriptions,11,2238.88,1,Department for International Development
honours,Professional Membership & Subscriptions,1,29621.07,1,Department of Health and Social Care
honours,Professional member subscriptions,235,1635992.16,1,Department for International Development
honours,Professional membership,1,30000.0,1,HM Revenue and Customs
honours,"Project Management P30 Foundation Course for DfE Official on 10-13 September 2012, Birmingham.",1,957.81,1,Department for Education
tea,Provide refreshments for SAM Adviser Workshops at Worcester and Exeter,1,686.74,1,"Department for Environment, Food and Rural Affairs"
carnival,Provision of CYPMHS at Galaxy House,1,955814.5,1,Pennine Care NHS Foundation Trust
honours,Provision of a 2 day accredited course (Good Laboratory Practice) for 6 staff members,1,7182.72,1,"Department for Environment, Food and Rural Affairs"
toilets,Public Conveniences,34,186778.14,1,Eden District Council
civic,Public/Civic Functions,22,75141.17,1,Bristol City Council
honours,Purchase of 12 Adobe Acrobat Pro DC software licences to support the publication of DfE digital content in accessible form.,1,2184.19,1,Department for Education
trophy,Purchase of 14 trophies including engraving and delivery costs. The trophies are used to recognise outstanding achievements in the staff awards.,1,976.37,1,Department for Education
animal,"Purchase of 17 cameras, cases and SD cards for the South West Region to assist the veterinary officers and animal health officers in the reporting of animal welfare cases",1,637.9,1,"Department for Environment, Food and Rural Affairs"
beacon,Purchase of 3 Personal Locator Beacons,1,810.0,1,"Department for Environment, Food and Rural Affairs"
honours,Purchase of November vouchers for the Department's instant reward scheme.,1,19480.0,1,Department for Education
honours,Purchase of October vouchers for the Department's instant reward scheme.,1,19480.0,1,Department for Education
honours,Purchase of September vouchers for the Department's instant reward scheme.,1,19480.0,1,Department for Education
animal,Purchase of a cattle crush,1,1650.0,1,"Department for Environment, Food and Rural Affairs"
bat,Purchase of a sonic bat lure,1,1728.92,1,"Department for Environment, Food and Rural Affairs"
seal,Purchase of an official document stamp used to seal legal documents.,1,738.0,1,Department for Education
animal,Purchase of cattle crush,2,3096.0,1,"Department for Environment, Food and Rural Affairs"
honours,Purchase of licence for software iThink 10.1 non-educators edition to perform systems dynamics analysis used to model future academy numbers.,1,1346.53,1,Department for Education
honours,Purchase of loppers and timber,1,1626.86,1,"Department for Environment, Food and Rural Affairs"
honours,Purchase of timber,38,43220.09,1,"Department for Environment, Food and Rural Affairs"
honours,Purchase of timber for boardwalk,1,994.08,1,"Department for Environment, Food and Rural Affairs"
honours,Purchase of timber posts for Water Framework Directive project on the river Wellan,1,3488.52,1,"Department for Environment, Food and Rural Affairs"
honours,QUARTERLY AWP (ANNUAL WORKSTATION PAYMENT) - OCTOBER 2012 TO DECEMBER 2012,1,386888.03,1,HM Treasury
honours,QUARTERLY AWP (ANNUAL WORKSTATION PAYMENT) FOR THE THREE MONTH PERIOD 1ST JULY - 30 SEPTEMBER 2012,1,352789.4,1,HM Treasury
honours,Qtr 3 Nov & December 25 Commission,1,52500.0,1,Pennine Care NHS Foundation Trust
honours,Quarter 1 and Quarter 2 - April - September 2024,1,41493.0,1,Pennine Care NHS Foundation Trust
civic,RC Civic amenitites,1,1275.47,1,Eden District Council
honours,RECHARGE FOR NOVEMBER 2020 FP(10) PRESCRIPTIONS,1,35934.95,1,Pennine Care NHS Foundation Trust
honours,RECHARGE FOR NOVEMBER 2021 FP (10) PRESCRIPTIONS,1,36637.67,1,Pennine Care NHS Foundation Trust
honours,RECHARGE FOR NOVEMBER 2023,1,53388.99,1,Pennine Care NHS Foundation Trust
honours,RECHARGE FOR NOVEMBER 2024 - FP(10) PRESCRIPTIONS,1,66025.85,1,Pennine Care NHS Foundation Trust
honours,RECHARGE FOR OCTOBER 2021 PRESCRIPTIONS FP,1,33462.96,1,Pennine Care NHS Foundation Trust
honours,RECHARGE FOR PRESCRIPTION DECEMBER 2020 (FP10),1,45267.31,1,Pennine Care NHS Foundation Trust
honours,RECHARGE FOR SEPTEMBER 2020 - PRESCRIPTIONS,1,34160.07,1,Pennine Care NHS Foundation Trust
honours,RECHARGE FOR SEPTEMBER 2023 FP(10) PRESCRIPTIONS,1,49090.58,1,Pennine Care NHS Foundation Trust
honours,RECURRING SERVICES - JULY 2012 TO SEPTEMBER 2012,1,96218.8,1,HM Treasury
tea,REFRESHMENTS,90,37093.0,1,Department for Work and Pensions
honours,RENEWAL OF MOTOR FLEET INSURANCE  POLICY – OCTOBER 2024,1,334446.85,1,Pennine Care NHS Foundation Trust
honours,RENEWAL OF MOTOR FLEET INSURANCE POLICY – OCTOBER 2021,1,137645.2,1,Pennine Care NHS Foundation Trust
honours,RENEWAL OF MOTOR FLEET INSURANCE POLICY – OCTOBER 2025  254 Vehicles @ £1410.00 including IPT,1,358140.0,1,Pennine Care NHS Foundation Trust
horse,RENT ON HORSEGUARDS PFI,1,341026.82,1,HM Treasury
honours,"RENT, RATES AND SERVICE CHARGES FOR OCEANIC HOUSE - 1 OCTOBER 2012 TO 16 DECEMBER 2012",1,50629.29,1,HM Treasury
honours,"RENT, RATES AND SERVICE CHARGES FOR OCEANIC HOUSE - JULY 2012 - SEPTEMBER 2012",1,59999.0,1,HM Treasury
honours,RESTRICTED FLEX SERVICE - OCTOBER 2012,1,994683.75,1,HM Treasury
honours,RPS (Occupational Health) Training course for 1 member of staff.,1,1020.0,1,"Department for Environment, Food and Rural Affairs"
honours,RT2N4000030319 - Management Services Provided - October 2022,1,276214.46,1,Pennine Care NHS Foundation Trust
honours,RT2N4000030319 - Management Services Provided - September 2022,1,276214.46,1,Pennine Care NHS Foundation Trust
mole,Re-Breather Servicing-Confined Spaces-Mole South London,1,611.76,1,"Department for Environment, Food and Rural Affairs"
tea,Re-stocking five kitchens tea coffee and sugar Manley House,1,596.78,1,"Department for Environment, Food and Rural Affairs"
honours,Reagents - Genprobe,3,37755.94,1,The Pennine Acute Hospitals NHS Trust
honours,Recharge December 22,1,43639.18,1,Pennine Care NHS Foundation Trust
honours,Recharge of PFI Energy Costs - December 2022,1,26366.49,1,Pennine Care NHS Foundation Trust
honours,Recharge of PFI Energy Costs - December 2024  ETHEROW BUILDING  for gas and electricity.,1,48269.36,1,Pennine Care NHS Foundation Trust
honours,Recharge of PFI Energy Costs - October 25,1,29485.29,1,Pennine Care NHS Foundation Trust
honours,Recharge of PFI Energy costs - December 2023,1,36362.49,1,Pennine Care NHS Foundation Trust
honours,Recharge of PFI Energy costs - November 2023,1,33884.39,1,Pennine Care NHS Foundation Trust
honours,Recharge of PFI Energy costs - October 2023,1,31659.82,1,Pennine Care NHS Foundation Trust
honours,Reconciliation - December 2023,2,180886.56,1,Pennine Care NHS Foundation Trust
honours,Reconciliation - November 2023 Bury Mulberry CAMHS LSU,1,32377.52,1,Pennine Care NHS Foundation Trust
honours,Reconciliation - November 24,2,222756.36,1,Pennine Care NHS Foundation Trust
honours,Reconciliation Invoice - December 2022,1,60107.11,1,Pennine Care NHS Foundation Trust
honours,Reconciliation Invoice - October 2021,1,87850.07,1,Pennine Care NHS Foundation Trust
honours,Reconciliation Invoice - September 2022,1,70726.25,1,Pennine Care NHS Foundation Trust
tea,Refreshment Equipment,1,399.2,1,Rushmoor Borough Council
tea,Refreshment Purchases,556,405283.07,1,Rushmoor Borough Council
tea,Refreshments,12,8195.54,3,Department of Health and Social Care
tea,Refreshments At Meeting,1,399.0,1,Rushmoor Borough Council
tea,Refreshments and buffet lunch for 55 people attending Official Veterinarian Stakeholders event in Exeter on 22 September 2011,1,502.99,1,"Department for Environment, Food and Rural Affairs"
honours,Refreshments and buffet lunch for 55 people attending Official Veterinarian Stakeholders event in Exeter on 22 September 2011,1,502.99,1,"Department for Environment, Food and Rural Affairs"
tea,Refreshments at Meetings,48,17080.01,1,Rushmoor Borough Council
tea,Refreshments for one day climate ready workshop (48 people),1,900.0,1,"Department for Environment, Food and Rural Affairs"
honours,Registration for 7 staff to attend a Fisheries Conference in London on 31 October 2011,1,684.77,1,"Department for Environment, Food and Rural Affairs"
morris,Renewal of annual subscription for Clarke Hall and Morrison in the DfE Legal Library.,1,845.0,1,Department for Education
honours,Rental of Accomodation - Chambers,1,105668.57,1,UK Trade and Investment
pier,Repair of security door on Pier 7,1,800.4,1,"Department for Environment, Food and Rural Affairs"
honours,Replacement lifejackets for new team members.,1,787.86,1,"Department for Environment, Food and Rural Affairs"
toilets,Replacement toilet,1,1320.0,1,"Department for Environment, Food and Rural Affairs"
honours,"Return Flights to attend American Fisheries Society Annual Conference, Seattle, 5th-9th September",1,1218.73,1,"Department for Environment, Food and Rural Affairs"
twinning,Return flights for 1 staff.  Manchester to Chisinau (Moldova) Twinning Project,2,1152.08,1,"Department for Environment, Food and Rural Affairs"
honours,Return travel to attend Cites meeting in Brussels on 15 December. 1 traveller,1,602.9,1,"Department for Environment, Food and Rural Affairs"
honours,Revenue charges for the Period commencing FY15/16: Vodafone NHS Mail Extension - Fixed Price Core Services: April - December 15 charges and Transitional Assistance: April - September 15 charges.,1,1126037.0,1,Department of Health and Social Care
toilets,Rimac toilets service and maintenance costs,1,2041.15,1,"Department for Environment, Food and Rural Affairs"
honours,Robert Beatham Event,2,3013.59,1,Eden District Council
honours,Robert Chipperfield - ARA Conference attendance - 29-31 Aug 2023,1,595.0,1,The National Archives
honours,Room & equipment hire for lead team member conference,1,998.0,1,"Department for Environment, Food and Rural Affairs"
tea,Room Hire and Refreshments for Briefing to Operations Delivery Staff,1,511.2,1,"Department for Environment, Food and Rural Affairs"
tea,Room hire & refreshments at DEFRA Family workshop,1,780.0,1,"Department for Environment, Food and Rural Affairs"
tea,"Room hire & refreshments, 23 attendees for pollution event",1,530.17,1,"Department for Environment, Food and Rural Affairs"
tea,Room hire and over head projector with 3 lots of refreshments for 50 people,1,672.5,1,"Department for Environment, Food and Rural Affairs"
tea,Room hire and refreshments for 14 for EO Recruitment 26/27 July,1,1501.0,1,"Department for Environment, Food and Rural Affairs"
tea,Room hire and refreshments for Ideas in Action,1,825.0,1,"Department for Environment, Food and Rural Affairs"
tea,Room hire and refreshments for grade 7 interviews,2,1582.0,1,"Department for Environment, Food and Rural Affairs"
tea,Room hire lunch/refreshments for 30 people - Joint Chairs meeting,1,2607.72,1,"Department for Environment, Food and Rural Affairs"
tea,Room hire plus lunch and refreshments - projects meeting  x 60,1,552.6,1,"Department for Environment, Food and Rural Affairs"
tea,Room hire plus lunch and refreshments- Area Managers meeting for 18,1,648.0,1,"Department for Environment, Food and Rural Affairs"
tea,Room hire tea/coffee and lunch for 50; Area Leadership Group,1,712.0,1,"Department for Environment, Food and Rural Affairs"
tea,"Room hire, lunch and refreshments for a Senior Civil Service (SCS) event for 35 internal attendees. Payment 1 of 3.",1,1000.0,1,Department for Education
tea,"Room hire, lunch and refreshments for a Senior Civil Service (SCS) event for 35 internal attendees. Payment 2 of 3.",1,1000.0,1,Department for Education
tea,"Room hire, lunch and refreshments for a Senior Civil Service (SCS) event for 35 internal attendees. Payment 3 of 3.",1,478.0,1,Department for Education
tea,Room hire/lunch/refreshments for Solent and South Downs area. Flood Coastal Risk Management Review teams meeting,1,1890.0,1,"Department for Environment, Food and Rural Affairs"
tea,"Room hire/refreshments for 'ways of working' w'shop, 10 no.",1,510.0,1,"Department for Environment, Food and Rural Affairs"
tea,Room plus public address system hire; lunch and refreshments for 130,1,3976.2,1,"Department for Environment, Food and Rural Affairs"
tea,"Room, equipment hire and tea, coffee and buffet for 25 people for a workshop with other regulatory bodies",1,1298.5,1,"Department for Environment, Food and Rural Affairs"
tea,"Room, lunch and refreshments for 14 - Regional Waste Forum",1,520.8,1,"Department for Environment, Food and Rural Affairs"
tea,"Room/equipment hire, refreshments and lunch for 20 for Tyres workshop",1,762.0,1,"Department for Environment, Food and Rural Affairs"
roundabout,Roundabout Sponsorship,34,27617.91,1,Rushmoor Borough Council
hanging_baskets,Rushmoor in Bloom,31,36362.07,1,Rushmoor Borough Council
honours,SAL DED PD06 25/26 - September 25,1,34052.0,1,Pennine Care NHS Foundation Trust
honours,SAL DED PD07 25/26 - October 25,1,34612.4,1,Pennine Care NHS Foundation Trust
honours,SAL DED PD08 25/26 - NOVEMBER 25,1,35207.4,1,Pennine Care NHS Foundation Trust
honours,SAL DED PD09 25/26 - DECEMBER 25,1,32319.4,1,Pennine Care NHS Foundation Trust
carnival,SAMSUNG GALAXY A22 5G 64GB GRE X 60  RT2N400029347,1,60840.0,1,Pennine Care NHS Foundation Trust
carnival,SAMSUNG GALAXYS,1,79800.0,1,Pennine Care NHS Foundation Trust
honours,SEPTEMBER 20/21 RENT & SERVICE CHARGE @ OLDHAM ICC,1,31476.78,1,Pennine Care NHS Foundation Trust
honours,SEPTEMBER 2021 DIRECT DEBIT FOR CNST / LTPS / PES,1,133985.3,1,Pennine Care NHS Foundation Trust
honours,SEPTEMBER 21 - NON-PATIENT SLA,1,120335.16,1,Pennine Care NHS Foundation Trust
honours,"SFVS - product & distribution cost, during December 2013",5,181142.39,1,Department of Health and Social Care
honours,"SFVS - product & distribution cost, during December 2013 & January 2014",2,76927.11,1,Department of Health and Social Care
honours,"SFVS - product & distribution cost, during December 2015",1,55256.63,1,Department of Health and Social Care
honours,"SFVS - product & distribution cost, during December 2021",1,29254.76,1,Department of Health and Social Care
honours,"SFVS - product & distribution cost, during November & December 2013",10,429426.98,1,Department of Health and Social Care
honours,"SFVS - product & distribution cost, during November 2011",9,577128.0,1,Department of Health and Social Care
honours,"SFVS - product & distribution cost, during November 2013",42,1945786.85,1,Department of Health and Social Care
honours,"SFVS - product & distribution cost, during November 2015",9,369720.68,1,Department of Health and Social Care
honours,"SFVS - product & distribution cost, during November 2021",6,322985.25,1,Department of Health and Social Care
honours,"SFVS - product & distribution cost, during October & November 2013",6,241897.99,1,Department of Health and Social Care
honours,"SFVS - product & distribution cost, during October & part November 2015",4,130826.45,1,Department of Health and Social Care
honours,"SFVS - product & distribution cost, during October 2011",4,119453.0,1,Department of Health and Social Care
honours,"SFVS - product & distribution cost, during October 2013",34,1535723.24,1,Department of Health and Social Care
honours,"SFVS - product & distribution cost, during October 2015",31,1298340.49,1,Department of Health and Social Care
honours,"SFVS - product & distribution cost, during October 2016",16,623055.0,1,Department of Health and Social Care
honours,"SFVS - product & distribution cost, during October 2021",4,196922.91,1,Department of Health and Social Care
honours,"SFVS - product & distribution cost, during Octoberr 2011",26,1167368.0,1,Department of Health and Social Care
honours,"SFVS - product & distribution cost, during September & October 2013",21,957056.97,1,Department of Health and Social Care
honours,"SFVS - product & distribution cost, during September & part October 2015",9,383085.83,1,Department of Health and Social Care
honours,"SFVS - product & distribution cost, during September & part October 2016",2,69341.0,1,Department of Health and Social Care
honours,"SFVS - product & distribution cost, during September 2011",50,2301107.46,1,Department of Health and Social Care
honours,"SFVS - product & distribution cost, during September 2013",22,1089198.0,1,Department of Health and Social Care
honours,"SFVS - product & distribution cost, during September 2015",46,2047315.01,1,Department of Health and Social Care
honours,"SFVS - product & distribution cost, during September 2016",32,1547893.55,1,Department of Health and Social Care
honours,"SFVS - product & distribution cost, during September 2021",37,1793973.94,1,Department of Health and Social Care
honours,"SFVS - product & distribution cost, during September 2022",16,663238.49,1,Department of Health and Social Care
honours,"SFVS - product & distribution cost, during September and part Oct 2021",2,73644.03,1,Department of Health and Social Care
honours,"SFVS - product & distribution cost, during part October & November part 2016",1,27671.0,1,Department of Health and Social Care
honours,"SFVS - product & distribution cost, during part October & part November 2015",1,42131.68,1,Department of Health and Social Care
honours,"SFVS - product & distribution cost, during part September & part October 2015",8,242357.0,1,Department of Health and Social Care
honours,"SFVS - product & distribution cost, during part September & part October 2016",6,237345.21,1,Department of Health and Social Care
honours,"SFVS - product & distribution costs, during September 2010",8,331223.45,1,Department of Health and Social Care
honours,SLT Lunch 12 December,1,529.69,1,The National Archives
honours,SOFTWARE SUPPORT FOR COINS SYSTEM - 30 DECEMBER 2012 TO 29 MARCH 2013,1,145500.0,1,HM Treasury
honours,SOFTWARE SUPPORT FOR COINS SYSTEM - 30 JUNE 2012 TO 29 SEPEPTEMBER 2012,1,121250.0,1,HM Treasury
honours,SOFTWARE SUPPORT FOR COINS SYSTEM - 30 SEPTEMBER 2012 TO 29 DECEMBER 2012,1,121250.0,1,HM Treasury
honours,SPECIALIST OUTREACH SUPPORT SERVICE FOR THE PERIOD SEPTEMBER 2022 TO AUGUST 2023,1,161976.0,1,Pennine Care NHS Foundation Trust
honours,SR-232468 CALL OFF - Pennine Care 8x8 Annual Rental Year 4 of 5 29/11/25 - 28/11/26 Virgin Account number - 445148,1,28044.74,1,Pennine Care NHS Foundation Trust
xmas,STAFF FLOW W/E 07/12/2025 WEEK 36 25/26 - INCL CHRISTMAS ADVANCE,1,245585.63,1,Pennine Care NHS Foundation Trust
xmas,STAFF FLOW W/E 08/12/24 WEEK 36 - 24/25 Advance for Christmas Incl,1,309156.47,1,Pennine Care NHS Foundation Trust
honours,SUB CONTRACT FUNDED BY THE BEE TOGETHER LPC MAY - OCTOBER 25,1,27238.0,1,Pennine Care NHS Foundation Trust
honours,SUBCRIPTION./MEMBERSHIP,1,31500.0,1,National Offender Management Service
honours,SUBS & MEMBERSHIP FEES,37,2393200.17,1,Maidstone and Tunbridge Wells NHS Trust
honours,Safety Equipment for flood coastal risk management team member,1,4800.0,1,"Department for Environment, Food and Rural Affairs"
hanging_baskets,Sale of Plants / Floral Displays,23,29633.77,1,Bristol City Council
honours,Sampling equipment for Sampling and Collection Wessex team members,2,4860.45,1,"Department for Environment, Food and Rural Affairs"
swan,"Scalpel Handles, No. 3, x 10, Scalpel Handles, No. 4, x 10, Swann Morton Blades, various, x 32, Heated Spatulas, x 6",1,601.74,1,The National Archives
honours,Schools Interoperability Framework (SIF) Association membership fees for April to September 2015 for DfE Officials.,1,990.0,1,Department for Education
tea,"Seminar for Central & Eastern Water Only Companies for 25 attendees including room hire, lunch and refreshments",1,613.38,1,"Department for Environment, Food and Rural Affairs"
honours,September 2022 - Unitary Payment,1,238892.9,1,Pennine Care NHS Foundation Trust
honours,September to December 2022 - Mental Health Support Teams Service Delivery,1,57852.32,1,Pennine Care NHS Foundation Trust
honours,Service Delivery Charges - Accommodation at TVP 1st April 2011 to 30th September 2011,1,32521.51,1,"Department for Environment, Food and Rural Affairs"
funfair,Share of Funfair Income,1,300.0,1,Rushmoor Borough Council
animal,Sheep netting,1,583.98,1,"Department for Environment, Food and Rural Affairs"
jubilee,Silver Jubilee Art Project Grant,1,500.0,1,Rushmoor Borough Council
honours,Site Management Safety training for New Project Manager (10th-14th September 2012),1,605.88,1,"Department for Environment, Food and Rural Affairs"
honours,Software for digital signatures on Adobe Documents,1,1402.8,1,"Department for Environment, Food and Rural Affairs"
bat,Sonic lure for bat survey,1,1428.12,1,"Department for Environment, Food and Rural Affairs"
seal,South abutment gate A cylinder seal change crane hire,1,1800.0,1,"Department for Environment, Food and Rural Affairs"
honours,Specialist Chair - Occupational Health advised for Team Member,1,626.4,1,"Department for Environment, Food and Rural Affairs"
honours,Specialist chair for a member of staff who requires a reasonable adjustment.,1,889.02,1,Department for Education
honours,Specialist enforcement Personal Protective Equipment for virtual team members,1,504.46,1,"Department for Environment, Food and Rural Affairs"
bat,Specialist equipment for bat survey,2,4051.82,1,"Department for Environment, Food and Rural Affairs"
toilets,Specialist floor covering in toilet areas,1,2464.8,1,"Department for Environment, Food and Rural Affairs"
toilets,Specialist flooring for toilets - Orchard House,1,1250.0,1,"Department for Environment, Food and Rural Affairs"
bat,Specialist research equipment for bats,1,1890.0,1,"Department for Environment, Food and Rural Affairs"
honours,Sponsors Grants - Chambers,21,822154.78,1,UK Trade and Investment
honours,Sponsors Grants-Chambers,1,5001.67,1,UK Trade and Investment
pest,Staff attendance at the Pesticides in water conference,1,624.0,1,"Department for Environment, Food and Rural Affairs"
bat,"Staff subsistence costs for overnight bed, breakfast and evening meal for nights for four staff for bats and churches meeting",1,661.25,1,"Department for Environment, Food and Rural Affairs"
honours,Staff training - Adobe Illustrator,1,834.0,1,"Department for Environment, Food and Rural Affairs"
honours,Stepping Hill – Arden Ward - manufacture wardrobes and beds for various rooms.,1,35028.6,1,Pennine Care NHS Foundation Trust
animal,Stone for Temp weir at Sheepy Magna,1,526.8,1,"Department for Environment, Food and Rural Affairs"
honours,Stone for use by flood coastal risk management team member,1,575.7,1,"Department for Environment, Food and Rural Affairs"
animal,Stray Dog Out of Hours Service,20,10792.62,1,Rushmoor Borough Council
animal,Stray Dogs Contract,1,4364.98,1,London Borough of Richmond Upon Thames
plinth,Supply and install antislip coating to fuel tank plinth,1,1590.0,1,"Department for Environment, Food and Rural Affairs"
mole,Surface water intercepter emptying - Mole South London Rivers,1,732.0,1,"Department for Environment, Food and Rural Affairs"
honours,Sustainably sourced softwood timber construction and maintenance of River Thames,1,680.4,1,"Department for Environment, Food and Rural Affairs"
witchcraft,Switchboard Maintenence System,12,295502.04,1,The Pennine Acute Hospitals NHS Trust
witchcraft,Switchboard Telephone Calls,48,52245.21,1,The Pennine Acute Hospitals NHS Trust
honours,THOMSON REUTERS DATA STREAM LICENCE SUBSCRIPTION  - 1 JULY 2012 TO 30 SEPTEMBER 2012,1,13834.8,1,HM Treasury
honours,THOMSON REUTERS DATA STREAM LICENCE SUBSCRIPTION - 1 JULY 2012 TO 30 SEPTEMBER 2012,1,13834.8,1,HM Treasury
honours,TIMBER TO DECK OUT BOTTOM OF BARGE,2,2679.98,1,"Department for Environment, Food and Rural Affairs"
toilets,TISSUES HAND TOWELS & TOILET PAPER,49924,443629.83,1,Salisbury NHS Foundation Trust
honours,TNA -Membership subscription renewal 2025,1,1254.0,1,The National Archives
toilets,TOILET ROLLS & PAPER TOWELS,1,59.15,1,Maidstone and Tunbridge Wells NHS Trust
toilets,TOILETRIES PERSONAL HYGIENE PRODUCT,2602,23164.46,1,Salisbury NHS Foundation Trust
toilets,TOILETRIES PERSONAL HYGIENE PRODUCTS,13539,79049.22,1,Salisbury NHS Foundation Trust
toilets,TOILETS CASTLE PARK 1.4.14-30.4.14,1,1135.59,1,Eden District Council
toilets,TPP - Public Conveniences,11,16508.58,1,Bristol City Council
balloon,TVT & Ablation Balloons,1,25200.0,1,The Pennine Acute Hospitals NHS Trust
tea,"Tea, coffee for Operations teams work in field-stores",1,590.35,1,"Department for Environment, Food and Rural Affairs"
tea,"Tea, coffee, sugar for stores-for field teams",1,557.21,1,"Department for Environment, Food and Rural Affairs"
honours,Team Member - Organics w/e 06/07/12,1,501.92,1,"Department for Environment, Food and Rural Affairs"
honours,Team Member - Organics w/e 22/06/12,1,515.22,1,"Department for Environment, Food and Rural Affairs"
tea,"Team leader day room hire, lunch and refreshments for 50",1,962.56,1,"Department for Environment, Food and Rural Affairs"
tea,"Team workshops for the Infrastructure and Funding Directorate, including working lunch and refreshments on 26/02/15.",1,594.5,1,Department for Education
honours,"Teir 4 CAMHS Lead provider Collab 01/04/2022 30/09/2022 £33,901.32 E £0.00 £33,901.32 Fee Increase 2022/23 VAT Analysis: Code Rate Goods VAT E 0.00 33,901.32 0.00 Total Due £33,901.32 This invoice is due for immediate settlement. Cheques should be made payable to Cheadle Royal Hospital Priory. Bank Payment Details: Cheadle Royal Hospital a member of the Priory Group Bank Account Number: 43270483 Reg Office: 5th Floor, 80 Hammersmith Road, London, W14 8UD Sort code: 20-00-00 Registered in England Company No: 6244860 VAT Reg No: 626524835 THE HOSPITAL CHEADLE ROYAL Period of Residenc",1,33901.32,1,Pennine Care NHS Foundation Trust
honours,Temp Field Team Member upper Aire and Calder to cover vacancy,1,631.87,1,"Department for Environment, Food and Rural Affairs"
honours,Temp Flood Resilience Team Member cover workload of current vacancy,4,2583.2,1,"Department for Environment, Food and Rural Affairs"
honours,Temp Staff Member - Customer Services w/e 22/06,1,519.41,1,"Department for Environment, Food and Rural Affairs"
honours,Temp Staff Member Customer Services 13/07,1,506.62,1,"Department for Environment, Food and Rural Affairs"
honours,Temp Staff Member Procure to Pay w/e 29/06,1,558.43,1,"Department for Environment, Food and Rural Affairs"
honours,Temp agency staff member in the Flood Resilliance Team 37hrs plus over time,1,687.44,1,"Department for Environment, Food and Rural Affairs"
honours,Temp member of staff covering supernumerary post in  Sampling and Collection  team.,1,576.66,1,"Department for Environment, Food and Rural Affairs"
honours,Temp member of staff covering supernumerary post in Sampling and Collection  team.,8,4811.19,1,"Department for Environment, Food and Rural Affairs"
honours,"Temp staff-contract end September, Waterways high workload",6,3490.45,1,"Department for Environment, Food and Rural Affairs"
honours,Temporary Field Team Member to cover vacancy,2,1026.8,1,"Department for Environment, Food and Rural Affairs"
honours,Temporary Staff - One member of staff as Technical Support,3,1560.97,1,"Department for Environment, Food and Rural Affairs"
honours,Temporary member of staff within Sustainable Places Team,4,4487.8,1,"Department for Environment, Food and Rural Affairs"
weed,Terram weed control fabric for a National Nature Reserve,1,613.75,1,"Department for Environment, Food and Rural Affairs"
tea,"This payment was for team workshops for both the Regional Schools Commissioners office staff and the relevant Academies Group colleagues. In total there were 40 people. The costs include room hire, refreshments and lunch. There were also six rooms for Regional Schools Commissioners office staff that needed overnight accommodation.",1,3659.95,1,Department for Education
honours,Three day training course 'Adobe Illustrator' for one DfE official.,1,758.4,1,Department for Education
honours,Timber  for Combe Martin bathing beach project,1,2711.85,1,"Department for Environment, Food and Rural Affairs"
honours,Timber and Plywood,1,551.4,1,"Department for Environment, Food and Rural Affairs"
honours,Timber and gates,1,1062.6,1,"Department for Environment, Food and Rural Affairs"
honours,Timber fence post and rails,1,736.26,1,"Department for Environment, Food and Rural Affairs"
honours,Timber fencing and gates for maintenance job,1,521.83,1,"Department for Environment, Food and Rural Affairs"
honours,Timber fencing etc for Pentewan Cross Channel scheme,1,1607.07,1,"Department for Environment, Food and Rural Affairs"
honours,Timber fencing for Public Safety Risk  Assesment requirements to site.,1,2015.23,1,"Department for Environment, Food and Rural Affairs"
honours,Timber fencing/gate/posts,1,622.12,1,"Department for Environment, Food and Rural Affairs"
honours,Timber for concrete form work at Southwold Harbour,1,1139.9,1,"Department for Environment, Food and Rural Affairs"
honours,Timber for structures on Severn estuary health and safety improvements,1,747.3,1,"Department for Environment, Food and Rural Affairs"
honours,Timber for use on rivers,1,1768.32,1,"Department for Environment, Food and Rural Affairs"
honours,Timber posts and rails for Thorne teams,1,1950.24,1,"Department for Environment, Food and Rural Affairs"
honours,Timber products,1,1712.4,1,"Department for Environment, Food and Rural Affairs"
honours,Timber shed for Weighton Lock,1,1604.98,1,"Department for Environment, Food and Rural Affairs"
honours,Timber stakes for Water Framework Directive project on River Welland,1,2926.32,1,"Department for Environment, Food and Rural Affairs"
toilets,To correct toilet block at yalding and replace tubes .,1,697.94,1,"Department for Environment, Food and Rural Affairs"
carnival,"To develop practical, proactive measures to help reverse the widespread decline of native galaxiids in Chile and the Falklands Islands",1,9307.55,1,"Department for Environment, Food and Rural Affairs"
witchcraft,To help bird trappers in Myanmar switch to alternative livelihoods.,1,131553.0,1,"Department for Environment, Food and Rural Affairs"
toilets,Toilet Fit-Out,21,2874254.93,1,Tate
toilets,Toilet Hygiene,1,900.0,1,Rushmoor Borough Council
toilets,Toilet Provision,4,22404.0,1,Eden District Council
toilets,Toiletries & Personal Hygiene Products,34470,179720.94,1,Shropshire Community Health NHS Trust
toilets,Toilets,13,200063.43,1,Royal Borough of Greenwich
jubilee,Toolbags and tools -operating flood doors Jubilee Bridge Thorne,1,1998.72,1,"Department for Environment, Food and Rural Affairs"
tea,Training - Room Hire and refreshments,1,680.0,1,"Department for Environment, Food and Rural Affairs"
honours,Training course 'APMG Change Management Foundation & Practitioner' for one DfE official from 16-20 November 2015.,1,919.2,1,Department for Education
honours,Training course 'The New Rules of Leadership: Securing Empowerment and Participation' for one DfE official booked for 27 November 2015.,1,1380.0,1,Department for Education
honours,Training course (Crossing Thresholds 21/11/2017 onwards) for DFE member of staff,1,1928.4,1,Department for Education
newt,Training course - great crested newt,1,1468.8,1,"Department for Environment, Food and Rural Affairs"
honours,Training course for 6 members of the team for annual update,1,2562.12,1,"Department for Environment, Food and Rural Affairs"
honours,Training for  member of Intel Team,1,720.0,1,"Department for Environment, Food and Rural Affairs"
honours,"Training for implementing new international business continuity standard ISO 22301 for seven DfE Officials on 11-12 September 2012, Darlington.",1,4068.0,1,Department for Education
honours,Training for team member - Director approved,1,708.0,1,The National Archives
honours,"Training for the Cisco Certified Network Associate (CCNA) Fast Track Programme for DfE Official on 15-19 October 2012, Sunderland.",1,1314.0,1,Department for Education
honours,"Training on Enterprise and Solution Architecture for two DfE Officials on 26 November 2012, Birmingham.",1,3016.8,1,Department for Education
honours,"Training on Managing Successful Programmes for DfE Official on 12-16 November 2012, London.",1,1590.3,1,Department for Education
honours,Treated timber to replace landing stage at Sunbury depot,1,812.4,1,"Department for Environment, Food and Rural Affairs"
honours,Tribunal Members,1,31936.0,1,Department for Energy Security and Net Zero
twinning,Twinning Events,13,7991.46,1,Rushmoor Borough Council
honours,Two team members staying for a total of five nights for conferences and stakeholder meetings London,1,625.0,1,"Department for Environment, Food and Rural Affairs"
honours,UK - Professional Memberships & Subscriptions,210,304463.72,1,UK Shared Business Services
honours,UK CIRCULATING METAL AND MANUFACTURING COSTS - SEPTEMBER 2012,2,4151060.27,1,HM Treasury
honours,UKFI MANAGEMENT FEE - DECEMBER 2012,1,250000.8,1,HM Treasury
honours,UKFI MANAGEMENT FEE SEPTEMBER 2013,1,150000.0,1,HM Treasury
honours,UNITARY PAYMENT - DECEMBER 2012,1,1611398.32,1,HM Treasury
honours,UNITARY PAYMENT - OCTOBER 2023,1,280818.98,1,Pennine Care NHS Foundation Trust
honours,UNITARY PAYMENT - SEPTEMBER 2012,1,2048590.68,1,HM Treasury
honours,UNITARY PAYMENT OCTOBER 2012,1,2116877.04,1,HM Treasury
bat,Ultra sound bat detector,1,1801.95,1,"Department for Environment, Food and Rural Affairs"
pier,Undertake repair works on foul water pump on Pier 8,1,648.0,1,"Department for Environment, Food and Rural Affairs"
honours,Unitary Payment - November 2023,1,275568.59,1,Pennine Care NHS Foundation Trust
honours,Unitary Payment December 2024,1,294755.15,1,Pennine Care NHS Foundation Trust
honours,Unitary Payment November 2024,1,285214.24,1,Pennine Care NHS Foundation Trust
honours,Unitary Payment November 2025,1,276444.44,1,Pennine Care NHS Foundation Trust
honours,Unitary Payment October 2024,1,296798.38,1,Pennine Care NHS Foundation Trust
honours,Unitary Payment October 2025,1,284076.48,1,Pennine Care NHS Foundation Trust
honours,Unitary Payment September 2024,1,288663.86,1,Pennine Care NHS Foundation Trust
honours,Unitary Payment September 2025,1,228959.47,1,Pennine Care NHS Foundation Trust
honours,Unitary Payment- December 2023 RT2N300066732,1,280869.54,1,Pennine Care NHS Foundation Trust
honours,Unitary Payment- November 2021,1,221879.32,1,Pennine Care NHS Foundation Trust
honours,Unitary Payment- September 2023,1,272485.11,1,Pennine Care NHS Foundation Trust
honours,Unitary Payment-December 2022,1,247797.26,1,Pennine Care NHS Foundation Trust
honours,Unitary Payment-November 2022,1,231509.46,1,Pennine Care NHS Foundation Trust
honours,Valuation Number 13,1,538624.57,1,Pennine Care NHS Foundation Trust
tea,Venue hire & refreshments for external navigation meeting,1,1050.0,1,"Department for Environment, Food and Rural Affairs"
punch,Victoria Day - Punch And Judy,1,350.0,1,Rushmoor Borough Council
war_memorial,War Memorials,4,131322.08,1,Eden District Council
honours,Ward member grant,57,43133.42,1,Uttlesford District Council
honours,Ward members grant,14,9000.0,1,Uttlesford District Council
pest,Waste Disposal and pest control,596,581471.16,1,"Ministry of Housing, Communities and Local Government"
tea,Waste Specialist recruitment for 1 day plus refreshments for 12,1,2255.04,1,"Department for Environment, Food and Rural Affairs"
animal,Water troughs line wire Mothecombe Cattle In Streams Project,1,1901.27,1,"Department for Environment, Food and Rural Affairs"
honours,Water troughs line wire Mothecombe Cattle In Streams Project,1,1901.27,1,"Department for Environment, Food and Rural Affairs"
animal,Water troughs wire Neet and Strat Cattle In Streams Project.,1,3991.32,1,"Department for Environment, Food and Rural Affairs"
animal,"Water troughs wire, Mothecombe Cattle In Streams Project.",1,542.4,1,"Department for Environment, Food and Rural Affairs"
honours,"Water troughs wire, Mothecombe Cattle In Streams Project.",1,542.4,1,"Department for Environment, Food and Rural Affairs"
weed,Weed Control - Grounds Maint,2,4590.0,1,Uttlesford District Council
weed,Weed control on the River Wey catchment,1,678.0,1,"Department for Environment, Food and Rural Affairs"
pest,Weekend pest control spraying at Peterborough Office,1,1015.46,1,"Department for Environment, Food and Rural Affairs"
plinth,Weights for plinths,1,771.24,1,"Department for Digital, Culture, Media and Sport"
honours,Wimborne Flood Defence Wall repair- Timber for frame structure,1,525.9,1,"Department for Environment, Food and Rural Affairs"
depot,Winter Gritting,15,57582.65,1,Eden District Council
honours,Work clothing  for AFST team members.,1,875.41,1,"Department for Environment, Food and Rural Affairs"
honours,Year 1 : 1st October 2019 to 30th September 2020 NIHR APPLIED RESEARCH COLLABORATION GREATER MANCHESTER (ARC GM),1,50000.0,1,Pennine Care NHS Foundation Trust
honours,Yorks & Humber Regional Office-Catering Services,3,433.13,1,UK Trade and Investment
honours,Yorks & Humber Regional Office-Catering and Hospitality Expenditure,1,59.75,1,UK Trade and Investment
honours,Yorks & Humber Regional Office-Conference and Exhibition Services,2,6332.39,1,UK Trade and Investment
honours,Yorks & Humber Regional Office-Corporate Event Management and Marketing,6,2317.47,1,UK Trade and Investment
honours,Yorks & Humber Regional Office-Hire of Conference Facilities,3,2385.58,1,UK Trade and Investment
honours,Yorks & Humber Regional Office-Mobile Phones,2,120.0,1,UK Trade and Investment
honours,Yorks & Humber Regional Office-Other Media Costs,1,4419.75,1,UK Trade and Investment
honours,Yorks & Humber Regional Office-Other Professional Services,78,437468.91,1,UK Trade and Investment
honours,Yorks & Humber Regional Office-Other Travel,19,13066.89,1,UK Trade and Investment
honours,Yorks & Humber Regional Office-PR & Marketing Advice & Services,3,4980.0,1,UK Trade and Investment
honours,Yorks & Humber Regional Office-Travel Booking,2,201.21,1,UK Trade and Investment
honours,cafe staff for summer Olympic exhibition June - September,9,5292.3,1,"Department for Environment, Food and Rural Affairs"
xmas,christmas items for retail sale,1,998.28,1,The National Archives
honours,coaching/training sessions re Dyslexia for DFE member of staff,1,547.2,1,Department for Education
honours,lumber & Building materials,3,522.39,1,Eden District Council
honours,occupational health recommended a reasonable adjustment for a specialist desk and chair for a member of staff,2,1774.14,1,Department for Education
honours,one member of staff full day Agriculture team meeting for 16 in Birmingham,1,559.2,1,"Department for Environment, Food and Rural Affairs"
honours,outbound flight to Sicily  on Monday 22nd and the return flight was on Friday 26th October for 1 person,1,662.34,1,"Department for Environment, Food and Rural Affairs"
honours,"rant - NHS November 2021Sub-contract between OUT 48,370.58 PCFT and The Childrens Society to implement the Safe Zone as part of the Crisis Care Pathway. PCFT Contract Ref: 2021/01D/01Y/RT2/TCS",1,48370.58,1,Pennine Care NHS Foundation Trust
tea,refreshments,2,775.0,1,Uttlesford District Council
tea,room hire and refreshments for 50 lunch annual pension seminars,1,870.6,1,"Department for Environment, Food and Rural Affairs"
honours,temp agency staff member in the Flood Resilence Team 37hrs,2,1279.34,1,"Department for Environment, Food and Rural Affairs"
honours,temp agency staff member in the Flood Resilience Team 37hrs plus overtime,1,729.23,1,"Department for Environment, Food and Rural Affairs"
honours,"temp staff  National Laboratory Service sample preparation team member, vacant post",2,1422.68,1,"Department for Environment, Food and Rural Affairs"
honours,temporary member of staff to support press office,4,4146.04,1,"Department for Environment, Food and Rural Affairs"
honours,uniform for large number of Waterways staff lock keepers etc,1,525.88,1,"Department for Environment, Food and Rural Affairs"
honours,x 23 people European Nature Conservation Agencies Plenary formal dinner plus guest speaker from WWF Europe - ENCA Plenary as a formal dinner with guest speaker.  All heads of Nature conservation across europe attended formal dinner.  JNCC was host for this meeting  next meeting will be hosted by  another member.,1,1315.44,1,"Department for Environment, Food and Rural Affairs"
honours,ÊTraining course for staff member,1,792.0,1,"Department for Digital, Culture, Media and Sport"
